MSBuild-Version 17.14.23+b0019275e für .NET Framework

  argon2.vcxproj -> I:\TrinityCore\_integ-12_1_all\build\dep\argon2\RelWithDebInfo\argon2.lib
  Recast.vcxproj -> I:\TrinityCore\_integ-12_1_all\build\dep\recastnavigation\Recast\RelWithDebInfo\Recast.lib
  Detour.vcxproj -> I:\TrinityCore\_integ-12_1_all\build\dep\recastnavigation\Detour\RelWithDebInfo\Detour.lib
  fmt.vcxproj -> I:\TrinityCore\_integ-12_1_all\build\dep\fmt\RelWithDebInfo\fmt.lib
  openssl_ed25519.vcxproj -> I:\TrinityCore\_integ-12_1_all\build\bin\RelWithDebInfo\openssl_ed25519.dll
  sfmt.vcxproj -> I:\TrinityCore\_integ-12_1_all\build\dep\SFMT\RelWithDebInfo\sfmt.lib
  zlib.vcxproj -> I:\TrinityCore\_integ-12_1_all\build\dep\zlib\RelWithDebInfo\zlib.lib
  gsoap.vcxproj -> I:\TrinityCore\_integ-12_1_all\build\dep\gsoap\RelWithDebInfo\gsoap.lib
  protobuf.vcxproj -> I:\TrinityCore\_integ-12_1_all\build\dep\protobuf\RelWithDebInfo\protobuf.lib
  g3dlib.vcxproj -> I:\TrinityCore\_integ-12_1_all\build\dep\g3dlite\RelWithDebInfo\g3dlib.lib
  GitRevision.cpp
  common.vcxproj -> I:\TrinityCore\_integ-12_1_all\build\src\common\RelWithDebInfo\common.lib
  network.vcxproj -> I:\TrinityCore\_integ-12_1_all\build\src\common\network\RelWithDebInfo\trinity_network.lib
  cmake_pch.cxx
  proto.vcxproj -> I:\TrinityCore\_integ-12_1_all\build\src\server\proto\RelWithDebInfo\proto.lib
  mmaps_common.vcxproj -> I:\TrinityCore\_integ-12_1_all\build\src\common\mmaps_common\RelWithDebInfo\mmaps_common.lib
  AdhocStatement.cpp
  DatabaseEnv.cpp
  DatabaseLoader.cpp
  DatabaseWorkerPool.cpp
  Field.cpp
  FieldValueConverter.cpp
  CharacterDatabase.cpp
  HotfixDatabase.cpp
  LoginDatabase.cpp
  WorldDatabase.cpp
  MySQLConnection.cpp
  MySQLPreparedStatement.cpp
  MySQLThreading.cpp
  PreparedStatement.cpp
  QueryCallback.cpp
  QueryHolder.cpp
  QueryResult.cpp
  Transaction.cpp
  AppenderDB.cpp
  DBUpdater.cpp
  UpdateFetcher.cpp
  database.vcxproj -> I:\TrinityCore\_integ-12_1_all\build\src\server\database\RelWithDebInfo\database.lib
  cmake_pch.cxx
  DB2DatabaseLoader.cpp
  DB2Store.cpp
  IPLocation.cpp
  ProtobufJSON.cpp
  IpBanCheckConnectionInitializer.cpp
  ByteBuffer.cpp
  ClientBuildInfo.cpp
  Realm.cpp
  RealmList.cpp
  SecretMgr.cpp
  shared.vcxproj -> I:\TrinityCore\_integ-12_1_all\build\src\server\shared\RelWithDebInfo\shared.lib
  cmake_pch.cxx
  cmake_pch.cxx
  ScriptLoader.cpp
  boss_garothi_worldbreaker.cpp
  instance_antorus_the_burning_throne.cpp
  argus_script_loader.cpp
  BattlefieldTB.cpp
  BattlefieldWG.cpp
  battlefield_script_loader.cpp
  alterac_valley.cpp
  battleground_alterac_valley.cpp
  boss_balinda.cpp
  boss_drekthar.cpp
  boss_galvangar.cpp
  boss_vanndar.cpp
  arathi_basin.cpp
  battleground_arathi_basin.cpp
  arena_ashamanes_fall.cpp
  battleground_battle_for_gilneas.cpp
  arena_black_rook_hold_arena.cpp
  arena_blades_edge.cpp
  arena_blades_edge_legion.cpp
  arena_cage_of_carnage.cpp
  arena_dalaran_sewers.cpp
  battleground_deephaul_ravine.cpp
  arena_empyrean_domain.cpp
  arena_enigma_crucible.cpp
  battleground_eye_of_the_storm.cpp
  arena_hook_point.cpp
  battleground_isle_of_conquest.cpp
  boss_ioc_horde_alliance.cpp
  isle_of_conquest.cpp
  arena_maldraxxus_coliseum.cpp
  arena_mugambala.cpp
  arena_nagrand_arena.cpp
  arena_nagrand_arena_legion.cpp
  arena_nokhudon_proving_grounds.cpp
  arena_ring_of_valor.cpp
  arena_ruins_of_lordaeron.cpp
  battleground_seething_shore.cpp
  battleground_silvershard_mines.cpp
  battleground_slayers_rise.cpp
  battleground_strand_of_the_ancients.cpp
  strand_of_the_ancients.cpp
  battleground_temple_of_kotmogu.cpp
  arena_the_robodrome.cpp
  arena_the_tigers_peak.cpp
  arena_tol_viron_arena.cpp
  battleground_twin_peaks.cpp
  battleground_warsong_gulch.cpp
  arena_scripts_generic.cpp
  battlegrounds_script_loader.cpp
  boss_amalgam_of_souls.cpp
  instance_black_rook_hold.cpp
  boss_king_deepbeard.cpp
  instance_eye_of_azshara.cpp
  boss_ymiron_the_fallen_king.cpp
  instance_maw_of_souls.cpp
  boss_rokmora.cpp
  instance_neltharions_lair.cpp
  artifact_deathknight.cpp
  artifact_demonhunter.cpp
  artifact_druid.cpp
  artifact_mage.cpp
  artifact_monk.cpp
  artifact_paladin.cpp
  artifact_priest.cpp
  artifact_rogue.cpp
  artifact_shaman.cpp
  artifact_warlock.cpp
  artifact_warrior.cpp
  orderhall_legion.cpp
  CreatureAI.cpp
  CreatureAIRegistry.cpp
  CreatureAISelector.cpp
  AreaTriggerAI.cpp
  CombatAI.cpp
  ConversationAI.cpp
  GameObjectAI.cpp
  zone_orderhall_hunter.cpp
  zone_orderhall_rogue.cpp
  boss_guarm.cpp
  GuardAI.cpp
  PassiveAI.cpp
  PetAI.cpp
  ReactorAI.cpp
  TotemAI.cpp
  instance_trial_of_valor.cpp
  broken_isles_script_loader.cpp
  UnitAI.cpp
  UnitAICommon.cpp
  zone_dalaran_broken_isle.cpp
  enuminfo_UnitAICommon.cpp
  PlayerAI.cpp
  ScriptedCreature.cpp
  ScriptedEscortAI.cpp
  ScriptedFollowerAI.cpp
  ScriptedGossip.cpp
  SmartAI.cpp
  SmartScript.cpp
  SmartScriptMgr.cpp
  AccountMgr.cpp
  BattlenetAccountMgr.cpp
  zone_mardum.cpp
  zone_orderhall_warrior.cpp
  RBAC.cpp
  AchievementMgr.cpp
  CriteriaHandler.cpp
  AbyssAnglersMgr.cpp
  DarkspearDashMgr.cpp
  RitualSiteMgr.cpp
  ArchaeologyMgr.cpp
  catchup_experience_script_loader.cpp
  instance_catchup_arathi.cpp
  zone_catchup_arathi.cpp
  cs_account.cpp
  cs_achievement.cpp
  cs_ahbot.cpp
  cs_arena.cpp
  cs_ban.cpp
  cs_battlenet_account.cpp
  cs_bf.cpp
  cs_bg.cpp
  cs_cast.cpp
  cs_character.cpp
  cs_cheat.cpp
  cs_conduit.cpp
  cs_debug.cpp
  cs_decorduel.cpp
  cs_delvenemesis.cpp
  cs_deserter.cpp
  cs_disable.cpp
  cs_event.cpp
  cs_garrison.cpp
  cs_gm.cpp
  cs_go.cpp
  cs_gobject.cpp
  cs_group.cpp
  cs_guild.cpp
  cs_honor.cpp
  cs_instance.cpp
  AuctionHouseMgr.cpp
  cs_learn.cpp
  AuctionHouseBot.cpp
  AuctionHouseBotBuyer.cpp
  cs_lfg.cpp
  cs_list.cpp
  AuctionHouseBotSeller.cpp
  enuminfo_AuctionHouseBot.cpp
  BattlePayCatalogWriter.cpp
  cs_lookup.cpp
  cs_message.cpp
  BattlePayMgr.cpp
  BattlePetMgr.cpp
  PetBattle.cpp
  cs_misc.cpp
  PetBattleMgr.cpp
  Battlefield.cpp
  BattlefieldMgr.cpp
  Arena.cpp
  cs_mmaps.cpp
  cs_modify.cpp
  ArenaScore.cpp
  cs_mythic_plus.cpp
  cs_npc.cpp
  ArenaTeam.cpp
  ArenaTeamMgr.cpp
  cs_pet.cpp
  cs_postal.cpp
  cs_quest.cpp
  Battleground.cpp
  BattlegroundMgr.cpp
  BattlegroundQueue.cpp
  cs_rbac.cpp
  cs_reload.cpp
  BattlegroundScore.cpp
  cs_reset.cpp
  cs_scene.cpp
  BattlegroundScript.cpp
  cs_script_loader.cpp
  cs_send.cpp
  enuminfo_ArenaTeam.cpp
  cs_server.cpp
  BlackMarketMgr.cpp
  CharacterCache.cpp
  cs_smallactivities.cpp
  cs_tele.cpp
  CalendarMgr.cpp
  ChallengeMode.cpp
  ChallengeModeMgr.cpp
  cs_ticket.cpp
  cs_titles.cpp
  MythicPlusData.cpp
  cs_voidassault.cpp
  cs_warfront.cpp
  Chat.cpp
  ChatCaution.cpp
  HyperlinkTags.cpp
  Hyperlinks.cpp
  LanguageMgr.cpp
  Channel.cpp
  cs_wp.cpp
  ChannelMgr.cpp
  custom_script_loader.cpp
  loa_altar.cpp
  auchindoun.cpp
  enuminfo_Channel.cpp
  instance_auchindoun.cpp
  garrison_generic.cpp
  ChatCommand.cpp
  garrison_invasion.cpp
  ChatCommandArgs.cpp
  draenor_script_loader.cpp
I:\TrinityCore\_integ-12_1_all\src\server\game\Battlegrounds\BattlegroundMgr.cpp(596,20): warning C4189: "isMultiMapBrawl": Lokale Variable ist initialisiert aber nicht referenziert [I:\TrinityCore\_integ-12_1_all\build\src\server\game\game.vcxproj]
  (Quelldatei „../../../../src/server/game/Battlegrounds/BattlegroundMgr.cpp“ wird kompiliert)
  
  npc_garrison_bodyguard.cpp
  zone_assault_on_the_dark_portal.cpp
  ChatCommandHelpers.cpp
  zone_draenor_shadowmoon_valley.cpp
  zone_frostfire_ridge.cpp
  aberrus_the_shadowed_crucible.cpp
  boss_kazzara_the_hellforged.cpp
  instance_aberrus_the_shadowed_crucible.cpp
  boss_leymor.cpp
  ChatCommandTags.cpp
  ClubFinderMgr.cpp
  ClubStreamHistoryMgr.cpp
  CombatManager.cpp
  ThreatManager.cpp
  ConditionMgr.cpp
  boss_telash_greywing.cpp
  instance_azure_vault.cpp
  instance_ruby_life_pools.cpp
  ruby_life_pools.cpp
  dragon_isles_script_loader.cpp
  zone_the_forbidden_reach.cpp
  boss_alizabal.cpp
  boss_argaloth.cpp
  boss_occuthar.cpp
  instance_baradin_hold.cpp
  DisableMgr.cpp
  ContributionMgr.cpp
  instance_bastion_of_twilight.cpp
  blackrock_caverns.cpp
  ManagedWorldStateMgr.cpp
  CraftingOrderMgr.cpp
  DB2HotfixGenerator.cpp
  DB2Stores.cpp
  boss_ascendant_lord_obsidius.cpp
  GameTables.cpp
  M2Stores.cpp
  boss_beauty.cpp
  boss_corla.cpp
  boss_karsh_steelbender.cpp
  NemesisMgr.cpp
  DelveInstance.cpp
  DelveMgr.cpp
  boss_romogg_bonecrusher.cpp
  instance_blackrock_caverns.cpp
  blackrock_depths.cpp
  boss_ambassador_flamelash.cpp
  boss_coren_direbrew.cpp
  boss_emperor_dagran_thaurissan.cpp
  boss_general_angerforge.cpp
  boss_high_interrogator_gerstahn.cpp
  boss_magmus.cpp
  boss_moira_bronzebeard.cpp
  boss_tomb_of_seven.cpp
  instance_blackrock_depths.cpp
  boss_drakkisath.cpp
  boss_gizrul_the_slavener.cpp
  boss_gyth.cpp
  boss_halycon.cpp
  boss_highlord_omokk.cpp
  boss_lord_valthalak.cpp
  DelvesCompanion.cpp
  boss_mother_smolderweb.cpp
  DelvesRewards.cpp
  boss_overlord_wyrmthalak.cpp
  boss_pyroguard_emberseer.cpp
  boss_quartermaster_zigris.cpp
  boss_rend_blackhand.cpp
  boss_shadow_hunter_voshgajin.cpp
  DelvesSeason.cpp
  boss_the_beast.cpp
  boss_urok_doomhowl.cpp
  boss_warmaster_voone.cpp
  DiscordBridge.cpp
  instance_blackrock_spire.cpp
  DiscordRestProvider.cpp
  LFG.cpp
  LFGGroupData.cpp
  LFGMgr.cpp
  instance_blackwing_descent.cpp
  LFGPlayerData.cpp
  boss_chromaggus.cpp
  boss_broodlord_lashlayer.cpp
  boss_ebonroc.cpp
  boss_firemaw.cpp
  boss_flamegor.cpp
  boss_nefarian.cpp
  boss_razorgore.cpp
  boss_vaelastrasz.cpp
  instance_blackwing_lair.cpp
  boss_baron_geddon.cpp
  boss_garr.cpp
  boss_gehennas.cpp
  boss_golemagg.cpp
  boss_lucifron.cpp
  boss_magmadar.cpp
  LFGQueue.cpp
  boss_majordomo_executus.cpp
  boss_ragnaros.cpp
  boss_shazzrah.cpp
  LFGScripts.cpp
  boss_sulfuron_harbinger.cpp
  instance_molten_core.cpp
  instance_deadmines.cpp
  Account.cpp
  AreaTrigger.cpp
  AreaTriggerTemplate.cpp
  gilneas_chapter_1.cpp
  gnomeregan.cpp
  instance_gnomeregan.cpp
  instance_grim_batol.cpp
  boss_curator.cpp
  boss_maiden_of_virtue.cpp
  Conversation.cpp
  Corpse.cpp
  Creature.cpp
  boss_midnight.cpp
  CreatureGroups.cpp
  boss_moroes.cpp
  boss_netherspite.cpp
  boss_nightbane.cpp
  boss_prince_malchezaar.cpp
  boss_shade_of_aran.cpp
  GossipDef.cpp
  TemporarySummon.cpp
  Trainer.cpp
  enuminfo_CreatureData.cpp
  boss_terestian_illhoof.cpp
  bosses_opera.cpp
  instance_karazhan.cpp
  karazhan.cpp
  boss_felblood_kaelthas.cpp
  boss_priestess_delrissa.cpp
  boss_selin_fireheart.cpp
  boss_vexallus.cpp
  instance_magisters_terrace.cpp
  magisters_terrace.cpp
  boss_maiden_of_virtue_rtk.cpp
  boss_mana_devourer.cpp
  boss_shade_of_medivh.cpp
  boss_the_curator_rtk.cpp
  instance_return_to_karazhan.cpp
  chapter1.cpp
  chapter2.cpp
  chapter5.cpp
  zone_the_scarlet_enclave.cpp
  boss_armsmaster_harlan.cpp
  DynamicObject.cpp
  GameObject.cpp
  scarlet_halls.cpp
  boss_arcanist_doan.cpp
  HousingDecorEntity.cpp
  HousingMirrorEntity.cpp
  HousingNeighborhoodMirrorEntity.cpp
  boss_azshir_the_sleepless.cpp
  boss_bloodmage_thalnos.cpp
  boss_headless_horseman.cpp
  boss_herod.cpp
  boss_high_inquisitor_fairbanks.cpp
  boss_houndmaster_loksey.cpp
  boss_interrogator_vishas.cpp
  boss_mograine_and_whitemane.cpp
  boss_scorn.cpp
  HousingPlayerHouseEntity.cpp
  HousingRoomEntity.cpp
  Item.cpp
  instance_scarlet_monastery.cpp
  boss_darkmaster_gandling.cpp
  boss_death_knight_darkreaver.cpp
  boss_doctor_theolen_krastinov.cpp
  boss_illucia_barov.cpp
  boss_instructor_malicia.cpp
  boss_jandice_barov.cpp
  boss_kirtonos_the_herald.cpp
  boss_kormok.cpp
  ItemBonusMgr.cpp
  boss_lord_alexei_barov.cpp
  boss_lorekeeper_polkelt.cpp
  boss_ras_frostwhisper.cpp
  ItemConversionMgr.cpp
  ItemEnchantmentMgr.cpp
  boss_the_ravenian.cpp
  boss_vectus.cpp
  instance_scholomance.cpp
  boss_apothecary_hummel.cpp
  ItemTemplate.cpp
  instance_shadowfang_keep.cpp
  shadowfang_keep.cpp
  boss_baron_rivendare.cpp
  boss_baroness_anastari.cpp
  boss_cannon_master_willey.cpp
  boss_dathrohan_balnazzar.cpp
  boss_magistrate_barthilas.cpp
  boss_maleki_the_pallid.cpp
  boss_nerubenkan.cpp
  boss_order_of_silver_hand.cpp
  boss_postmaster_malown.cpp
  boss_ramstein_the_gorger.cpp
  boss_timmy_the_cruel.cpp
  ItemUpgradeMgr.cpp
  instance_stratholme.cpp
I:\TrinityCore\_integ-12_1_all\src\server\game\Entities\Housing\HousingRoomEntity.cpp(144,102): warning C4100: „target“: nicht referenzierter Parameter [I:\TrinityCore\_integ-12_1_all\build\src\server\game\game.vcxproj]
  (Quelldatei „../../../../src/server/game/Entities/Housing/HousingRoomEntity.cpp“ wird kompiliert)
  
I:\TrinityCore\_integ-12_1_all\src\server\game\Entities\Housing\HousingRoomEntity.cpp(144,82): warning C4100: „data“: nicht referenzierter Parameter [I:\TrinityCore\_integ-12_1_all\build\src\server\game\game.vcxproj]
  (Quelldatei „../../../../src/server/game/Entities/Housing/HousingRoomEntity.cpp“ wird kompiliert)
  
I:\TrinityCore\_integ-12_1_all\src\server\game\Entities\Housing\HousingRoomEntity.cpp(144,63): warning C4100: „flags“: nicht referenzierter Parameter [I:\TrinityCore\_integ-12_1_all\build\src\server\game\game.vcxproj]
  (Quelldatei „../../../../src/server/game/Entities/Housing/HousingRoomEntity.cpp“ wird kompiliert)
  
  stratholme.cpp
  instance_sunken_temple.cpp
  enuminfo_ItemDefines.cpp
  AzeriteEmpoweredItem.cpp
  sunken_temple.cpp
  boss_brutallus.cpp
  boss_eredar_twins.cpp
  boss_felmyst.cpp
  boss_kalecgos.cpp
  boss_kiljaeden.cpp
  boss_muru.cpp
  instance_sunwell_plateau.cpp
  sunwell_plateau.cpp
  boss_hogger.cpp
  boss_lord_overheat.cpp
  boss_randolph_moloch.cpp
  AzeriteItem.cpp
  instance_the_stockade.cpp
  instance_throne_of_the_tides.cpp
  boss_archaedas.cpp
  boss_ironaya.cpp
  Bag.cpp
  MeshObject.cpp
  instance_uldaman.cpp
  uldaman.cpp
  vashjir_chapter_1_defense_of_the_briny_cutter.cpp
  BaseEntity.cpp
  zone_abyssal_depths.cpp
  zone_vashjir.cpp
  boss_akilzon.cpp
  boss_daakara.cpp
  boss_halazzi.cpp
  boss_hexlord.cpp
  boss_janalai.cpp
  boss_nalorakk.cpp
  instance_zulaman.cpp
  Object.cpp
  zulaman.cpp
  boss_grilek.cpp
  boss_hazzarah.cpp
  boss_jindo_the_godbreaker.cpp
  boss_kilnara.cpp
  boss_mandokir.cpp
  boss_renataki.cpp
  boss_venoxis.cpp
  boss_wushoolay.cpp
  boss_zanzil.cpp
  instance_zulgurub.cpp
  ObjectGuid.cpp
  zulgurub.cpp
  eastern_kingdoms.cpp
  eastern_kingdoms_script_loader.cpp
  zone_arathi_highlands_rpe.cpp
  zone_blasted_lands.cpp
  zone_burning_steppes.cpp
  zone_dun_morogh.cpp
  zone_dun_morogh_area_coldridge_valley.cpp
  zone_duskwood.cpp
  zone_eastern_plaguelands.cpp
  zone_elwynn_forest.cpp
  zone_eversong_woods.cpp
  zone_ghostlands.cpp
  zone_hinterlands.cpp
  ObjectGuidSequenceGenerator.cpp
  zone_ironforge.cpp
  zone_isle_of_queldanas.cpp
  zone_redridge_mountains.cpp
  ObjectPosSelector.cpp
  Position.cpp
  zone_silverpine_forest.cpp
  zone_stormwind_city.cpp
  zone_tirisfal_glades.cpp
  zone_tol_barad.cpp
  zone_undercity.cpp
  zone_westfall.cpp
  boss_doomwalker_anniversary.cpp
  boss_lord_kazzak_anniversary.cpp
  brewfest.cpp
  SmoothPhasing.cpp
  childrens_week.cpp
  darkmoon_faire.cpp
  events_script_loader.cpp
  enuminfo_MovementInfo.cpp
  UpdateData.cpp
  fireworks_show.cpp
  hallows_end.cpp
  UpdateFields.cpp
  love_is_in_the_air.cpp
  lunar_festival.cpp
  midsummer.cpp
  operation_gnomeregan.cpp
  pilgrims_bounty.cpp
  winter_veil.cpp
  zalazane_fall.cpp
  WowCSEntityDefinitions.cpp
  Pet.cpp
  boss_tunk.cpp
  instance_darkmaul_citadel.cpp
  CinematicMgr.cpp
  exiles_reach_script_loader.cpp
  zone_exiles_reach.cpp
  CollectionMgr.cpp
  KillRewarder.cpp
  blackfathom_deeps.cpp
  boss_aku_mai.cpp
  boss_gelihast.cpp
  boss_kelris.cpp
  instance_blackfathom_deeps.cpp
  Player.cpp
  boss_anetheron.cpp
  boss_archimonde.cpp
  boss_azgalor.cpp
  boss_kazrogal.cpp
  boss_rage_winterchill.cpp
  hyjal.cpp
  hyjalAI.cpp
  hyjal_trash.cpp
  instance_hyjal.cpp
  PlayerTaxi.cpp
  boss_chrono_lord_epoch.cpp
  boss_infinite_corruptor.cpp
  boss_mal_ganis.cpp
  boss_meathook.cpp
  boss_salramm_the_fleshcrafter.cpp
  RecentAlliesMgr.cpp
  RestMgr.cpp
  culling_of_stratholme.cpp
  instance_culling_of_stratholme.cpp
  npc_arthas.cpp
  instance_dragon_soul.cpp
  instance_end_time.cpp
  SceneMgr.cpp
  boss_captain_skarloc.cpp
  boss_epoch_hunter.cpp
  boss_leutenant_drake.cpp
  instance_old_hillsbrad.cpp
  old_hillsbrad.cpp
  SocialMgr.cpp
  instance_hour_of_twilight.cpp
  boss_aeonus.cpp
  boss_chrono_lord_deja.cpp
  TradeData.cpp
  boss_temporus.cpp
  SceneObject.cpp
  instance_the_black_morass.cpp
  the_black_morass.cpp
  instance_well_of_eternity.cpp
  instance_dire_maul.cpp
  boss_alysrazor.cpp
  boss_baleroc.cpp
  firelands.cpp
  TaxiPathGraph.cpp
  instance_firelands.cpp
  boss_anraphet.cpp
  boss_earthrager_ptah.cpp
  boss_temple_guardian_anhuur.cpp
  halls_of_origination.cpp
  instance_halls_of_origination.cpp
  boss_general_husam.cpp
  boss_lockmaw.cpp
  instance_lost_city_of_the_tolvir.cpp
  boss_celebras_the_cursed.cpp
  boss_landslide.cpp
  boss_noxxion.cpp
  Totem.cpp
  Transport.cpp
  CharmInfo.cpp
  StatSystem.cpp
  boss_princess_theradras.cpp
  instance_maraudon.cpp
  Unit.cpp
  boss_onyxia.cpp
  instance_onyxias_lair.cpp
  boss_adarogg.cpp
  boss_dark_shaman_koranthal.cpp
  boss_lava_guard_gordoth.cpp
  boss_slagmaw.cpp
  Vignette.cpp
  enuminfo_UnitDefines.cpp
  instance_ragefire_chasm.cpp
  ragefire_chasm.cpp
  boss_amnennar_the_coldbringer.cpp
  boss_glutton.cpp
  boss_mordresh_fire_eye.cpp
  boss_tuten_kash.cpp
  instance_razorfen_downs.cpp
  Vehicle.cpp
  GameEventMgr.cpp
  GameEventSender.cpp
  razorfen_downs.cpp
  instance_razorfen_kraul.cpp
  razorfen_kraul.cpp
  boss_ayamiss.cpp
  boss_buru.cpp
  TurbulentTimewaysMgr.cpp
  boss_kurinnaxx.cpp
  boss_moam.cpp
  boss_ossirian.cpp
  boss_rajaxx.cpp
  instance_ruins_of_ahnqiraj.cpp
  AbominationFactory.cpp
  ruins_of_ahnqiraj.cpp
  boss_bug_trio.cpp
  boss_cthun.cpp
  EmberCourt.cpp
  boss_fankriss.cpp
  Garrison.cpp
  boss_huhuran.cpp
  boss_ouro.cpp
  boss_sartura.cpp
  boss_skeram.cpp
  GarrisonAutoCombat.cpp
  GarrisonMap.cpp
  boss_twinemperors.cpp
  boss_viscidus.cpp
  instance_temple_of_ahnqiraj.cpp
  mob_anubisath_sentinel.cpp
  temple_of_ahnqiraj.cpp
  instance_throne_of_the_four_winds.cpp
  instance_vortex_pinnacle.cpp
  GarrisonMgr.cpp
  vortex_pinnacle.cpp
  instance_wailing_caverns.cpp
  wailing_caverns.cpp
  boss_zum_rah.cpp
  instance_zulfarrak.cpp
  zulfarrak.cpp
  kalimdor_script_loader.cpp
  zone_ashenvale.cpp
  zone_azshara.cpp
  zone_azuremyst_isle.cpp
  zone_bloodmyst_isle.cpp
  zone_darkshore.cpp
  zone_desolace.cpp
  zone_durotar.cpp
  zone_dustwallow_marsh.cpp
  zone_felwood.cpp
  zone_feralas.cpp
  PathOfAscension.cpp
  zone_moonglade.cpp
  zone_mulgore.cpp
  zone_orgrimmar.cpp
  zone_silithus.cpp
  QueensConservatory.cpp
  zone_tanaris.cpp
  zone_the_barrens.cpp
  zone_thunder_bluff.cpp
  zone_winterspring.cpp
  boss_azhiccar.cpp
  instance_ecodome_aldani.cpp
  karesh_script_loader.cpp
  AreaTriggerDataStore.cpp
  boss_orator_krix_vizk.cpp
  instance_city_of_threads.cpp
  boss_the_candle_king.cpp
  instance_darkflame_cleft.cpp
  zone_isle_of_dorn.cpp
  boss_ulgrax_the_devourer.cpp
  instance_nerubar_palace.cpp
  CharacterTemplateDataStore.cpp
  boss_edna.cpp
  boss_skarmorak.cpp
  instance_the_stonevault.cpp
  campaign_visions_of_a_shadowed_sun.cpp
  ConversationDataStore.cpp
  khaz_algar_script_loader.cpp
  zone_dornogal.cpp
  drustvar_chapter_1_the_final_effigy.cpp
  drustvar_chapter_2_the_burden_of_proof.cpp
  drustvar_chapter_3_an_airtight_alibi.cpp
  zone_drustvar.cpp
  boss_aqusirr.cpp
  boss_lord_stormsong.cpp
  boss_tidesage_council.cpp
  instance_shrine_of_the_storm.cpp
  boss_heartsbane_triad.cpp
  boss_lord_and_lady_waycrest.cpp
  boss_soulbound_goliath.cpp
I:\TrinityCore\_integ-12_1_all\src\server\game\Server\Packets\CharacterPackets.h(1011,1): error C2059: Syntaxfehler: "}" [I:\TrinityCore\_integ-12_1_all\build\src\server\game\game.vcxproj]
  (Quelldatei „../../../../src/server/game/Entities/Player/Player.cpp“ wird kompiliert)
  
I:\TrinityCore\_integ-12_1_all\src\server\game\Server\Packets\CharacterPackets.h(1011,1): error C2143: Syntaxfehler: Es fehlt ";" vor "}" [I:\TrinityCore\_integ-12_1_all\build\src\server\game\game.vcxproj]
  (Quelldatei „../../../../src/server/game/Entities/Player/Player.cpp“ wird kompiliert)
  
  instance_waycrest_manor.cpp
  waycrest_manor.cpp
  kultiras_script_loader.cpp
  zone_boralus.cpp
  boss_corborus.cpp
  boss_high_priestess_azil.cpp
I:\TrinityCore\_integ-12_1_all\src\server\game\Texts\ChatTextBuilder.h(52,39): error C2039: "ServerPacket" ist kein Member von "WorldPackets::WorldPackets". [I:\TrinityCore\_integ-12_1_all\build\src\server\game\game.vcxproj]
  (Quelldatei „../../../../src/server/game/Entities/Player/Player.cpp“ wird kompiliert)
      I:\TrinityCore\_integ-12_1_all\src\server\game\Server\Packets\ChatPackets.h(33,11):
      Siehe Deklaration von "WorldPackets::WorldPackets"
  
  boss_ozruk.cpp
  ObjectAccessor.cpp
  boss_slabhide.cpp
  ObjectMgr.cpp
I:\TrinityCore\_integ-12_1_all\src\server\game\Texts\ChatTextBuilder.h(52,39): error C2275: "WorldPackets::ServerPacket": Es wurde ein Ausdruck anstelle eines Typs erwartet [I:\TrinityCore\_integ-12_1_all\build\src\server\game\game.vcxproj]
  (Quelldatei „../../../../src/server/game/Entities/Player/Player.cpp“ wird kompiliert)
      I:\TrinityCore\_integ-12_1_all\src\server\game\Texts\ChatTextBuilder.h(52,39):
      Präfix für qualifizierte ID mit „typename“ zum Angeben eines Typs
  
I:\TrinityCore\_integ-12_1_all\src\server\game\Texts\ChatTextBuilder.h(52,14): error C2923: „std::unique_ptr“: „WorldPackets::ServerPacket“ ist kein gültiges Vorlage-Typargument für Parameter „_Ty“. [I:\TrinityCore\_integ-12_1_all\build\src\server\game\game.vcxproj]
  (Quelldatei „../../../../src/server/game/Entities/Player/Player.cpp“ wird kompiliert)
      I:\TrinityCore\_integ-12_1_all\src\server\game\Server\Packet.h(46,23):
      Siehe Deklaration von "WorldPackets::ServerPacket"
  
I:\TrinityCore\_integ-12_1_all\src\server\game\Texts\ChatTextBuilder.h(52,14): error C2976: „std::unique_ptr“: Nicht genügend Vorlage-Argumente [I:\TrinityCore\_integ-12_1_all\build\src\server\game\game.vcxproj]
  (Quelldatei „../../../../src/server/game/Entities/Player/Player.cpp“ wird kompiliert)
      C:\Program Files\Microsoft Visual Studio\2022\Enterprise\VC\Tools\MSVC\14.44.35207\include\memory(3347,7):
      Siehe Deklaration von "std::unique_ptr"
  
I:\TrinityCore\_integ-12_1_all\src\server\game\Texts\ChatTextBuilder.h(52,53): error C2955: "std::unique_ptr" : Für die Verwendung von Klasse Vorlage ist eine Vorlage-Argumentliste erforderlich [I:\TrinityCore\_integ-12_1_all\build\src\server\game\game.vcxproj]
  (Quelldatei „../../../../src/server/game/Entities/Player/Player.cpp“ wird kompiliert)
      C:\Program Files\Microsoft Visual Studio\2022\Enterprise\VC\Tools\MSVC\14.44.35207\include\memory(3347,7):
      Siehe Deklaration von "std::unique_ptr"
  
I:\TrinityCore\_integ-12_1_all\src\server\game\Server\Packets\CombatLogPackets.h(40,53): error C2504: "CombatLogServerPacket": Basisklasse undefiniert [I:\TrinityCore\_integ-12_1_all\build\src\server\game\game.vcxproj]
  (Quelldatei „../../../../src/server/game/Entities/Player/Player.cpp“ wird kompiliert)
  
  instance_stonecore.cpp
  stonecore.cpp
  kezan.cpp
  maelstrom_script_loader.cpp
  zone_deepholm.cpp
  boss_chimaerus.cpp
I:\TrinityCore\_integ-12_1_all\src\server\game\Server\Packets\CombatLogPackets.h(45,32): error C3668: "WorldPackets::WorldPackets::CombatLog::SpellNonMeleeDamageLog::Write": Die Methode mit dem Überschreibungsspezifizierer "override" hat keine Basisklassenmethoden überschrieben. [I:\TrinityCore\_integ-12_1_all\build\src\server\game\game.vcxproj]
  (Quelldatei „../../../../src/server/game/Entities/Player/Player.cpp“ wird kompiliert)
  
I:\TrinityCore\_integ-12_1_all\src\server\game\Server\Packets\CombatLogPackets.h(43,49): error C2614: "WorldPackets::WorldPackets::CombatLog::SpellNonMeleeDamageLog": Unzulässige Elementinitialisierung: "CombatLogServerPacket" ist weder Basis noch Element [I:\TrinityCore\_integ-12_1_all\build\src\server\game\game.vcxproj]
  (Quelldatei „../../../../src/server/game/Entities/Player/Player.cpp“ wird kompiliert)
  
I:\TrinityCore\_integ-12_1_all\src\server\game\Server\Packets\CombatLogPackets.h(68,53): error C2504: "CombatLogServerPacket": Basisklasse undefiniert [I:\TrinityCore\_integ-12_1_all\build\src\server\game\game.vcxproj]
  (Quelldatei „../../../../src/server/game/Entities/Player/Player.cpp“ wird kompiliert)
  
I:\TrinityCore\_integ-12_1_all\src\server\game\Server\Packets\CombatLogPackets.h(73,32): error C3668: "WorldPackets::WorldPackets::CombatLog::EnvironmentalDamageLog::Write": Die Methode mit dem Überschreibungsspezifizierer "override" hat keine Basisklassenmethoden überschrieben. [I:\TrinityCore\_integ-12_1_all\build\src\server\game\game.vcxproj]
  (Quelldatei „../../../../src/server/game/Entities/Player/Player.cpp“ wird kompiliert)
  
I:\TrinityCore\_integ-12_1_all\src\server\game\Server\Packets\CombatLogPackets.h(71,49): error C2614: "WorldPackets::WorldPackets::CombatLog::EnvironmentalDamageLog": Unzulässige Elementinitialisierung: "CombatLogServerPacket" ist weder Basis noch Element [I:\TrinityCore\_integ-12_1_all\build\src\server\game\game.vcxproj]
  (Quelldatei „../../../../src/server/game/Entities/Player/Player.cpp“ wird kompiliert)
  
I:\TrinityCore\_integ-12_1_all\src\server\game\Server\Packets\CombatLogPackets.h(82,46): error C2504: "CombatLogServerPacket": Basisklasse undefiniert [I:\TrinityCore\_integ-12_1_all\build\src\server\game\game.vcxproj]
  (Quelldatei „../../../../src/server/game/Entities/Player/Player.cpp“ wird kompiliert)
  
I:\TrinityCore\_integ-12_1_all\src\server\game\Server\Packets\CombatLogPackets.h(87,32): error C3668: "WorldPackets::WorldPackets::CombatLog::SpellExecuteLog::Write": Die Methode mit dem Überschreibungsspezifizierer "override" hat keine Basisklassenmethoden überschrieben. [I:\TrinityCore\_integ-12_1_all\build\src\server\game\game.vcxproj]
  (Quelldatei „../../../../src/server/game/Entities/Player/Player.cpp“ wird kompiliert)
  
I:\TrinityCore\_integ-12_1_all\src\server\game\Server\Packets\CombatLogPackets.h(85,42): error C2614: "WorldPackets::WorldPackets::CombatLog::SpellExecuteLog": Unzulässige Elementinitialisierung: "CombatLogServerPacket" ist weder Basis noch Element [I:\TrinityCore\_integ-12_1_all\build\src\server\game\game.vcxproj]
  (Quelldatei „../../../../src/server/game/Entities/Player/Player.cpp“ wird kompiliert)
  
I:\TrinityCore\_integ-12_1_all\src\server\game\Server\Packets\CombatLogPackets.h(94,43): error C2504: "CombatLogServerPacket": Basisklasse undefiniert [I:\TrinityCore\_integ-12_1_all\build\src\server\game\game.vcxproj]
  (Quelldatei „../../../../src/server/game/Entities/Player/Player.cpp“ wird kompiliert)
  
I:\TrinityCore\_integ-12_1_all\src\server\game\Server\Packets\CombatLogPackets.h(99,32): error C3668: "WorldPackets::WorldPackets::CombatLog::SpellHealLog::Write": Die Methode mit dem Überschreibungsspezifizierer "override" hat keine Basisklassenmethoden überschrieben. [I:\TrinityCore\_integ-12_1_all\build\src\server\game\game.vcxproj]
  (Quelldatei „../../../../src/server/game/Entities/Player/Player.cpp“ wird kompiliert)
  
I:\TrinityCore\_integ-12_1_all\src\server\game\Server\Packets\CombatLogPackets.h(97,39): error C2614: "WorldPackets::WorldPackets::CombatLog::SpellHealLog": Unzulässige Elementinitialisierung: "CombatLogServerPacket" ist weder Basis noch Element [I:\TrinityCore\_integ-12_1_all\build\src\server\game\game.vcxproj]
  (Quelldatei „../../../../src/server/game/Entities/Player/Player.cpp“ wird kompiliert)
  
I:\TrinityCore\_integ-12_1_all\src\server\game\Server\Packets\CombatLogPackets.h(136,51): error C2504: "CombatLogServerPacket": Basisklasse undefiniert [I:\TrinityCore\_integ-12_1_all\build\src\server\game\game.vcxproj]
  (Quelldatei „../../../../src/server/game/Entities/Player/Player.cpp“ wird kompiliert)
  
  instance_the_dreamrift.cpp
  GridStates.cpp
I:\TrinityCore\_integ-12_1_all\src\server\game\Server\Packets\CombatLogPackets.h(141,32): error C3668: "WorldPackets::WorldPackets::CombatLog::SpellPeriodicAuraLog::Write": Die Methode mit dem Überschreibungsspezifizierer "override" hat keine Basisklassenmethoden überschrieben. [I:\TrinityCore\_integ-12_1_all\build\src\server\game\game.vcxproj]
  (Quelldatei „../../../../src/server/game/Entities/Player/Player.cpp“ wird kompiliert)
  
I:\TrinityCore\_integ-12_1_all\src\server\game\Server\Packets\CombatLogPackets.h(139,47): error C2614: "WorldPackets::WorldPackets::CombatLog::SpellPeriodicAuraLog": Unzulässige Elementinitialisierung: "CombatLogServerPacket" ist weder Basis noch Element [I:\TrinityCore\_integ-12_1_all\build\src\server\game\game.vcxproj]
  (Quelldatei „../../../../src/server/game/Entities/Player/Player.cpp“ wird kompiliert)
  
I:\TrinityCore\_integ-12_1_all\src\server\game\Server\Packets\CombatLogPackets.h(186,47): error C2504: "CombatLogServerPacket": Basisklasse undefiniert [I:\TrinityCore\_integ-12_1_all\build\src\server\game\game.vcxproj]
  (Quelldatei „../../../../src/server/game/Entities/Player/Player.cpp“ wird kompiliert)
  
I:\TrinityCore\_integ-12_1_all\src\server\game\Server\Packets\CombatLogPackets.h(191,32): error C3668: "WorldPackets::WorldPackets::CombatLog::SpellEnergizeLog::Write": Die Methode mit dem Überschreibungsspezifizierer "override" hat keine Basisklassenmethoden überschrieben. [I:\TrinityCore\_integ-12_1_all\build\src\server\game\game.vcxproj]
  (Quelldatei „../../../../src/server/game/Entities/Player/Player.cpp“ wird kompiliert)
  
I:\TrinityCore\_integ-12_1_all\src\server\game\Server\Packets\CombatLogPackets.h(189,43): error C2614: "WorldPackets::WorldPackets::CombatLog::SpellEnergizeLog": Unzulässige Elementinitialisierung: "CombatLogServerPacket" ist weder Basis noch Element [I:\TrinityCore\_integ-12_1_all\build\src\server\game\game.vcxproj]
  (Quelldatei „../../../../src/server/game/Entities/Player/Player.cpp“ wird kompiliert)
  
  boss_beloren_child_of_alar.cpp
  boss_midnight_falls.cpp
  instance_march_on_queldanas.cpp
I:\TrinityCore\_integ-12_1_all\src\server\game\Server\Packets\CombatLogPackets.h(268,48): error C2504: "CombatLogServerPacket": Basisklasse undefiniert [I:\TrinityCore\_integ-12_1_all\build\src\server\game\game.vcxproj]
  (Quelldatei „../../../../src/server/game/Entities/Player/Player.cpp“ wird kompiliert)
  
I:\TrinityCore\_integ-12_1_all\src\server\game\Server\Packets\CombatLogPackets.h(273,32): error C3668: "WorldPackets::WorldPackets::CombatLog::SpellDamageShield::Write": Die Methode mit dem Überschreibungsspezifizierer "override" hat keine Basisklassenmethoden überschrieben. [I:\TrinityCore\_integ-12_1_all\build\src\server\game\game.vcxproj]
  (Quelldatei „../../../../src/server/game/Entities/Player/Player.cpp“ wird kompiliert)
  
I:\TrinityCore\_integ-12_1_all\src\server\game\Server\Packets\CombatLogPackets.h(271,44): error C2614: "WorldPackets::WorldPackets::CombatLog::SpellDamageShield": Unzulässige Elementinitialisierung: "CombatLogServerPacket" ist weder Basis noch Element [I:\TrinityCore\_integ-12_1_all\build\src\server\game\game.vcxproj]
  (Quelldatei „../../../../src/server/game/Entities/Player/Player.cpp“ wird kompiliert)
  
I:\TrinityCore\_integ-12_1_all\src\server\game\Server\Packets\CombatLogPackets.h(310,50): error C2504: "CombatLogServerPacket": Basisklasse undefiniert [I:\TrinityCore\_integ-12_1_all\build\src\server\game\game.vcxproj]
  (Quelldatei „../../../../src/server/game/Entities/Player/Player.cpp“ wird kompiliert)
  
I:\TrinityCore\_integ-12_1_all\src\server\game\Server\Packets\CombatLogPackets.h(315,32): error C3668: "WorldPackets::WorldPackets::CombatLog::AttackerStateUpdate::Write": Die Methode mit dem Überschreibungsspezifizierer "override" hat keine Basisklassenmethoden überschrieben. [I:\TrinityCore\_integ-12_1_all\build\src\server\game\game.vcxproj]
  (Quelldatei „../../../../src/server/game/Entities/Player/Player.cpp“ wird kompiliert)
  
I:\TrinityCore\_integ-12_1_all\src\server\game\Server\Packets\CombatLogPackets.h(313,46): error C2614: "WorldPackets::WorldPackets::CombatLog::AttackerStateUpdate": Unzulässige Elementinitialisierung: "CombatLogServerPacket" ist weder Basis noch Element [I:\TrinityCore\_integ-12_1_all\build\src\server\game\game.vcxproj]
  (Quelldatei „../../../../src/server/game/Entities/Player/Player.cpp“ wird kompiliert)
  
I:\TrinityCore\_integ-12_1_all\src\server\game\Server\Packets\CombatLogPackets.h(343,51): error C2504: "CombatLogServerPacket": Basisklasse undefiniert [I:\TrinityCore\_integ-12_1_all\build\src\server\game\game.vcxproj]
  (Quelldatei „../../../../src/server/game/Entities/Player/Player.cpp“ wird kompiliert)
  
I:\TrinityCore\_integ-12_1_all\src\server\game\Server\Packets\CombatLogPackets.h(348,32): error C3668: "WorldPackets::WorldPackets::CombatLog::AttackSwingLandedLog::Write": Die Methode mit dem Überschreibungsspezifizierer "override" hat keine Basisklassenmethoden überschrieben. [I:\TrinityCore\_integ-12_1_all\build\src\server\game\game.vcxproj]
  (Quelldatei „../../../../src/server/game/Entities/Player/Player.cpp“ wird kompiliert)
  
I:\TrinityCore\_integ-12_1_all\src\server\game\Server\Packets\CombatLogPackets.h(346,47): error C2614: "WorldPackets::WorldPackets::CombatLog::AttackSwingLandedLog": Unzulässige Elementinitialisierung: "CombatLogServerPacket" ist weder Basis noch Element [I:\TrinityCore\_integ-12_1_all\build\src\server\game\game.vcxproj]
  (Quelldatei „../../../../src/server/game/Entities/Player/Player.cpp“ wird kompiliert)
  
I:\TrinityCore\_integ-12_1_all\src\server\game\Server\Packets\CombatLogPackets.h(366,45): error C2504: "CombatLogServerPacket": Basisklasse undefiniert [I:\TrinityCore\_integ-12_1_all\build\src\server\game\game.vcxproj]
  (Quelldatei „../../../../src/server/game/Entities/Player/Player.cpp“ wird kompiliert)
  
I:\TrinityCore\_integ-12_1_all\src\server\game\Server\Packets\CombatLogPackets.h(371,32): error C3668: "WorldPackets::WorldPackets::CombatLog::SpellAbsorbLog::Write": Die Methode mit dem Überschreibungsspezifizierer "override" hat keine Basisklassenmethoden überschrieben. [I:\TrinityCore\_integ-12_1_all\build\src\server\game\game.vcxproj]
  (Quelldatei „../../../../src/server/game/Entities/Player/Player.cpp“ wird kompiliert)
  
  boss_rotmire.cpp
  instance_sporefall.cpp
I:\TrinityCore\_integ-12_1_all\src\server\game\Server\Packets\CombatLogPackets.h(369,41): error C2614: "WorldPackets::WorldPackets::CombatLog::SpellAbsorbLog": Unzulässige Elementinitialisierung: "CombatLogServerPacket" ist weder Basis noch Element [I:\TrinityCore\_integ-12_1_all\build\src\server\game\game.vcxproj]
  (Quelldatei „../../../../src/server/game/Entities/Player/Player.cpp“ wird kompiliert)
  
I:\TrinityCore\_integ-12_1_all\src\server\game\Server\Packets\CombatLogPackets.h(384,49): error C2504: "CombatLogServerPacket": Basisklasse undefiniert [I:\TrinityCore\_integ-12_1_all\build\src\server\game\game.vcxproj]
  (Quelldatei „../../../../src/server/game/Entities/Player/Player.cpp“ wird kompiliert)
  
I:\TrinityCore\_integ-12_1_all\src\server\game\Server\Packets\CombatLogPackets.h(389,32): error C3668: "WorldPackets::WorldPackets::CombatLog::SpellHealAbsorbLog::Write": Die Methode mit dem Überschreibungsspezifizierer "override" hat keine Basisklassenmethoden überschrieben. [I:\TrinityCore\_integ-12_1_all\build\src\server\game\game.vcxproj]
  (Quelldatei „../../../../src/server/game/Entities/Player/Player.cpp“ wird kompiliert)
  
I:\TrinityCore\_integ-12_1_all\src\server\game\Server\Packets\CombatLogPackets.h(387,45): error C2614: "WorldPackets::WorldPackets::CombatLog::SpellHealAbsorbLog": Unzulässige Elementinitialisierung: "CombatLogServerPacket" ist weder Basis noch Element [I:\TrinityCore\_integ-12_1_all\build\src\server\game\game.vcxproj]
  (Quelldatei „../../../../src/server/game/Entities/Player/Player.cpp“ wird kompiliert)
  
  boss_crown_of_the_cosmos.cpp
  boss_fallen_king_salhadaar.cpp
  boss_imperator_averzian.cpp
  boss_lightblinded_vanguard.cpp
  boss_vaelgor_ezzorak.cpp
  boss_vorasius.cpp
I:\TrinityCore\_integ-12_1_all\src\common\Utilities\Containers.h(91,32): error C2061: Syntaxfehler: Bezeichner "forward_range" [I:\TrinityCore\_integ-12_1_all\build\src\server\game\game.vcxproj]
  (Quelldatei „../../../../src/server/game/Entities/Player/Player.cpp“ wird kompiliert)
  
I:\TrinityCore\_integ-12_1_all\src\common\Utilities\Containers.h(91,111): error C2988: Unerkannte Vorlagendeklaration/-definition [I:\TrinityCore\_integ-12_1_all\build\src\server\game\game.vcxproj]
  (Quelldatei „../../../../src/server/game/Entities/Player/Player.cpp“ wird kompiliert)
  
I:\TrinityCore\_integ-12_1_all\src\common\Utilities\Containers.h(91,111): error C2059: Syntaxfehler: ">" [I:\TrinityCore\_integ-12_1_all\build\src\server\game\game.vcxproj]
  (Quelldatei „../../../../src/server/game/Entities/Player/Player.cpp“ wird kompiliert)
  
I:\TrinityCore\_integ-12_1_all\src\common\Utilities\Containers.h(93,9): error C2143: Syntaxfehler: Es fehlt ";" vor "{" [I:\TrinityCore\_integ-12_1_all\build\src\server\game\game.vcxproj]
  (Quelldatei „../../../../src/server/game/Entities/Player/Player.cpp“ wird kompiliert)
  
I:\TrinityCore\_integ-12_1_all\src\common\Utilities\Containers.h(93,9): error C2447: "{": Funktionsheader fehlt - Parameterliste im alten Stil? [I:\TrinityCore\_integ-12_1_all\build\src\server\game\game.vcxproj]
  (Quelldatei „../../../../src/server/game/Entities/Player/Player.cpp“ wird kompiliert)
  
I:\TrinityCore\_integ-12_1_all\src\common\Utilities\Containers.h(142,32): error C2061: Syntaxfehler: Bezeichner "input_range" [I:\TrinityCore\_integ-12_1_all\build\src\server\game\game.vcxproj]
  (Quelldatei „../../../../src/server/game/Entities/Player/Player.cpp“ wird kompiliert)
  
I:\TrinityCore\_integ-12_1_all\src\common\Utilities\Containers.h(142,104): error C2988: Unerkannte Vorlagendeklaration/-definition [I:\TrinityCore\_integ-12_1_all\build\src\server\game\game.vcxproj]
  (Quelldatei „../../../../src/server/game/Entities/Player/Player.cpp“ wird kompiliert)
  
I:\TrinityCore\_integ-12_1_all\src\common\Utilities\Containers.h(142,104): error C2059: Syntaxfehler: ">" [I:\TrinityCore\_integ-12_1_all\build\src\server\game\game.vcxproj]
  (Quelldatei „../../../../src/server/game/Entities/Player/Player.cpp“ wird kompiliert)
  
I:\TrinityCore\_integ-12_1_all\src\common\Utilities\Containers.h(143,129): error C2065: "container": nichtdeklarierter Bezeichner [I:\TrinityCore\_integ-12_1_all\build\src\server\game\game.vcxproj]
  (Quelldatei „../../../../src/server/game/Entities/Player/Player.cpp“ wird kompiliert)
  
I:\TrinityCore\_integ-12_1_all\src\common\Utilities\Containers.h(143,101): error C3553: "decltype" erwartet einen Ausdruck und keinen Typ. [I:\TrinityCore\_integ-12_1_all\build\src\server\game\game.vcxproj]
  (Quelldatei „../../../../src/server/game/Entities/Player/Player.cpp“ wird kompiliert)
  
I:\TrinityCore\_integ-12_1_all\src\common\Utilities\Containers.h(144,9): error C2143: Syntaxfehler: Es fehlt ";" vor "{" [I:\TrinityCore\_integ-12_1_all\build\src\server\game\game.vcxproj]
  (Quelldatei „../../../../src/server/game/Entities/Player/Player.cpp“ wird kompiliert)
  
I:\TrinityCore\_integ-12_1_all\src\common\Utilities\Containers.h(144,9): error C2447: "{": Funktionsheader fehlt - Parameterliste im alten Stil? [I:\TrinityCore\_integ-12_1_all\build\src\server\game\game.vcxproj]
  (Quelldatei „../../../../src/server/game/Entities/Player/Player.cpp“ wird kompiliert)
  
I:\TrinityCore\_integ-12_1_all\src\common\Utilities\Containers.h(231,24): error C2061: Syntaxfehler: Bezeichner "input_iterator" [I:\TrinityCore\_integ-12_1_all\build\src\server\game\game.vcxproj]
  (Quelldatei „../../../../src/server/game/Entities/Player/Player.cpp“ wird kompiliert)
  
I:\TrinityCore\_integ-12_1_all\src\common\Utilities\Containers.h(231,88): error C2988: Unerkannte Vorlagendeklaration/-definition [I:\TrinityCore\_integ-12_1_all\build\src\server\game\game.vcxproj]
  (Quelldatei „../../../../src/server/game/Entities/Player/Player.cpp“ wird kompiliert)
  
I:\TrinityCore\_integ-12_1_all\src\common\Utilities\Containers.h(231,88): error C2059: Syntaxfehler: "," [I:\TrinityCore\_integ-12_1_all\build\src\server\game\game.vcxproj]
  (Quelldatei „../../../../src/server/game/Entities/Player/Player.cpp“ wird kompiliert)
  
  instance_the_voidspire.cpp
  midnightraids_script_loader.cpp
  boss_atroxus.cpp
  boss_charonus.cpp
  boss_tazrah.cpp
  NGrid.cpp
  instance_voidscar_arena.cpp
  midnight_script_loader.cpp
  ahnkahet.cpp
  boss_amanitar.cpp
I:\TrinityCore\_integ-12_1_all\src\common\Utilities\Containers.h(232,68): error C2187: Syntaxfehler: „Iterator2“ wurde hier nicht erwartet. [I:\TrinityCore\_integ-12_1_all\build\src\server\game\game.vcxproj]
  (Quelldatei „../../../../src/server/game/Entities/Player/Player.cpp“ wird kompiliert)
  
I:\TrinityCore\_integ-12_1_all\src\common\Utilities\Containers.h(233,59): error C2065: "Iterator1": nichtdeklarierter Bezeichner [I:\TrinityCore\_integ-12_1_all\build\src\server\game\game.vcxproj]
  (Quelldatei „../../../../src/server/game/Entities/Player/Player.cpp“ wird kompiliert)
  
I:\TrinityCore\_integ-12_1_all\src\common\Utilities\Containers.h(233,42): error C2923: „std::iter_reference_t“: „Iterator1“ ist kein gültiges Vorlage-Typargument für Parameter „_Ty“. [I:\TrinityCore\_integ-12_1_all\build\src\server\game\game.vcxproj]
  (Quelldatei „../../../../src/server/game/Entities/Player/Player.cpp“ wird kompiliert)
      I:\TrinityCore\_integ-12_1_all\src\common\Utilities\Containers.h(233,59):
      Siehe Deklaration von "Iterator1"
  
I:\TrinityCore\_integ-12_1_all\src\common\Utilities\Containers.h(233,93): error C2065: "Iterator2": nichtdeklarierter Bezeichner [I:\TrinityCore\_integ-12_1_all\build\src\server\game\game.vcxproj]
  (Quelldatei „../../../../src/server/game/Entities/Player/Player.cpp“ wird kompiliert)
  
I:\TrinityCore\_integ-12_1_all\src\common\Utilities\Containers.h(233,76): error C2923: „std::iter_reference_t“: „Iterator2“ ist kein gültiges Vorlage-Typargument für Parameter „_Ty“. [I:\TrinityCore\_integ-12_1_all\build\src\server\game\game.vcxproj]
  (Quelldatei „../../../../src/server/game/Entities/Player/Player.cpp“ wird kompiliert)
      I:\TrinityCore\_integ-12_1_all\src\common\Utilities\Containers.h(233,93):
      Siehe Deklaration von "Iterator2"
  
I:\TrinityCore\_integ-12_1_all\src\common\Utilities\Containers.h(233,19): error C7568: Nach der angenommenen Funktionsvorlage "invocable_r" fehlt die Argumentliste. [I:\TrinityCore\_integ-12_1_all\build\src\server\game\game.vcxproj]
  (Quelldatei „../../../../src/server/game/Entities/Player/Player.cpp“ wird kompiliert)
  
I:\TrinityCore\_integ-12_1_all\src\common\Utilities\Containers.h(235,9): error C2143: Syntaxfehler: Es fehlt ";" vor "{" [I:\TrinityCore\_integ-12_1_all\build\src\server\game\game.vcxproj]
  (Quelldatei „../../../../src/server/game/Entities/Player/Player.cpp“ wird kompiliert)
  
I:\TrinityCore\_integ-12_1_all\src\common\Utilities\Containers.h(235,9): error C2447: "{": Funktionsheader fehlt - Parameterliste im alten Stil? [I:\TrinityCore\_integ-12_1_all\build\src\server\game\game.vcxproj]
  (Quelldatei „../../../../src/server/game/Entities/Player/Player.cpp“ wird kompiliert)
  
I:\TrinityCore\_integ-12_1_all\src\common\Utilities\Containers.h(282,32): error C2061: Syntaxfehler: Bezeichner "forward_range" [I:\TrinityCore\_integ-12_1_all\build\src\server\game\game.vcxproj]
  (Quelldatei „../../../../src/server/game/Entities/Player/Player.cpp“ wird kompiliert)
  
I:\TrinityCore\_integ-12_1_all\src\common\Utilities\Containers.h(282,127): error C2988: Unerkannte Vorlagendeklaration/-definition [I:\TrinityCore\_integ-12_1_all\build\src\server\game\game.vcxproj]
  (Quelldatei „../../../../src/server/game/Entities/Player/Player.cpp“ wird kompiliert)
  
I:\TrinityCore\_integ-12_1_all\src\common\Utilities\Containers.h(282,127): error C2059: Syntaxfehler: ">" [I:\TrinityCore\_integ-12_1_all\build\src\server\game\game.vcxproj]
  (Quelldatei „../../../../src/server/game/Entities/Player/Player.cpp“ wird kompiliert)
  
I:\TrinityCore\_integ-12_1_all\src\common\Utilities\Containers.h(283,84): error C2143: Syntaxfehler: Es fehlt ";" vor "{" [I:\TrinityCore\_integ-12_1_all\build\src\server\game\game.vcxproj]
  (Quelldatei „../../../../src/server/game/Entities/Player/Player.cpp“ wird kompiliert)
  
I:\TrinityCore\_integ-12_1_all\src\common\Utilities\Containers.h(283,84): error C2447: "{": Funktionsheader fehlt - Parameterliste im alten Stil? [I:\TrinityCore\_integ-12_1_all\build\src\server\game\game.vcxproj]
  (Quelldatei „../../../../src/server/game/Entities/Player/Player.cpp“ wird kompiliert)
  
I:\TrinityCore\_integ-12_1_all\src\common\Utilities\Containers.h(284,9): error C2447: "{": Funktionsheader fehlt - Parameterliste im alten Stil? [I:\TrinityCore\_integ-12_1_all\build\src\server\game\game.vcxproj]
  (Quelldatei „../../../../src/server/game/Entities/Player/Player.cpp“ wird kompiliert)
  
I:\TrinityCore\_integ-12_1_all\src\common\Utilities\Containers.h(321,5): error C2059: Syntaxfehler: "}" [I:\TrinityCore\_integ-12_1_all\build\src\server\game\game.vcxproj]
  (Quelldatei „../../../../src/server/game/Entities/Player/Player.cpp“ wird kompiliert)
  
I:\TrinityCore\_integ-12_1_all\src\common\Utilities\Containers.h(321,5): error C2143: Syntaxfehler: Es fehlt ";" vor "}" [I:\TrinityCore\_integ-12_1_all\build\src\server\game\game.vcxproj]
  (Quelldatei „../../../../src/server/game/Entities/Player/Player.cpp“ wird kompiliert)
  
I:\TrinityCore\_integ-12_1_all\src\common\Utilities\Containers.h(323,1): error C2143: Syntaxfehler: Es fehlt ";" vor "}" [I:\TrinityCore\_integ-12_1_all\build\src\server\game\game.vcxproj]
  (Quelldatei „../../../../src/server/game/Entities/Player/Player.cpp“ wird kompiliert)
  
I:\TrinityCore\_integ-12_1_all\src\common\Utilities\Containers.h(323,1): error C2059: Syntaxfehler: "}" [I:\TrinityCore\_integ-12_1_all\build\src\server\game\game.vcxproj]
  (Quelldatei „../../../../src/server/game/Entities/Player/Player.cpp“ wird kompiliert)
  
I:\TrinityCore\_integ-12_1_all\src\server\game\Server\Packets\CovenantPackets.h(25,1): error C2143: Syntaxfehler: Es fehlt ";" vor "{" [I:\TrinityCore\_integ-12_1_all\build\src\server\game\game.vcxproj]
  (Quelldatei „../../../../src/server/game/Entities/Player/Player.cpp“ wird kompiliert)
  
I:\TrinityCore\_integ-12_1_all\src\server\game\Server\Packets\CovenantPackets.h(25,1): error C2447: "{": Funktionsheader fehlt - Parameterliste im alten Stil? [I:\TrinityCore\_integ-12_1_all\build\src\server\game\game.vcxproj]
  (Quelldatei „../../../../src/server/game/Entities/Player/Player.cpp“ wird kompiliert)
  
  boss_elder_nadox.cpp
  boss_herald_volazj.cpp
  boss_jedoga_shadowseeker.cpp
  boss_prince_taldaram.cpp
  instance_ahnkahet.cpp
  ObjectGridLoader.cpp
  GridNotifiers.cpp
  boss_anubarak.cpp
  boss_hadronox.cpp
  boss_krikthir_the_gatewatcher.cpp
  instance_azjol_nerub.cpp
  boss_sartharion.cpp
  Group.cpp
  instance_obsidian_sanctum.cpp
  obsidian_sanctum.cpp
  boss_baltharus_the_warborn.cpp
I:\TrinityCore\_integ-12_1_all\src\server\game\Server\Packets\EquipmentSetPackets.h(98,27): error C3083: "Item": Das Symbol links neben "::" muss ein Typ sein. [I:\TrinityCore\_integ-12_1_all\build\src\server\game\game.vcxproj]
  (Quelldatei „../../../../src/server/game/Entities/Player/Player.cpp“ wird kompiliert)
  
I:\TrinityCore\_integ-12_1_all\src\server\game\Server\Packets\EquipmentSetPackets.h(98,33): error C2039: "InvUpdate" ist kein Member von "WorldPackets::Trinity::Containers::WorldPackets". [I:\TrinityCore\_integ-12_1_all\build\src\server\game\game.vcxproj]
  (Quelldatei „../../../../src/server/game/Entities/Player/Player.cpp“ wird kompiliert)
      I:\TrinityCore\_integ-12_1_all\src\server\game\Server\Packets\EquipmentSetPackets.h(25,11):
      Siehe Deklaration von "WorldPackets::Trinity::Containers::WorldPackets"
  
  boss_general_zarithrian.cpp
I:\TrinityCore\_integ-12_1_all\src\server\game\Server\Packets\EquipmentSetPackets.h(98,43): error C3646: "Inv": Unbekannter Überschreibungsspezifizierer [I:\TrinityCore\_integ-12_1_all\build\src\server\game\game.vcxproj]
  (Quelldatei „../../../../src/server/game/Entities/Player/Player.cpp“ wird kompiliert)
  
I:\TrinityCore\_integ-12_1_all\src\server\game\Server\Packets\EquipmentSetPackets.h(98,33): error C4430: Fehlender Typspezifizierer - int wird angenommen. Hinweis: "default-int" wird von C++ nicht unterstützt. [I:\TrinityCore\_integ-12_1_all\build\src\server\game\game.vcxproj]
  (Quelldatei „../../../../src/server/game/Entities/Player/Player.cpp“ wird kompiliert)
  
  boss_halion.cpp
  boss_saviana_ragefire.cpp
  instance_ruby_sanctum.cpp
  ruby_sanctum.cpp
I:\TrinityCore\_integ-12_1_all\src\server\game\Miscellaneous\Formulas.h(183,34): error C2027: Verwendung des undefinierten Typs "WorldPackets::Unit" [I:\TrinityCore\_integ-12_1_all\build\src\server\game\game.vcxproj]
  (Quelldatei „../../../../src/server/game/Entities/Player/Player.cpp“ wird kompiliert)
      I:\TrinityCore\_integ-12_1_all\src\server\game\Entities\Unit\CharmInfo.h(25,7):
      Siehe Deklaration von "WorldPackets::Unit"
  
I:\TrinityCore\_integ-12_1_all\src\server\game\Miscellaneous\Formulas.h(190,33): error C2027: Verwendung des undefinierten Typs "WorldPackets::Trinity::Containers::Player" [I:\TrinityCore\_integ-12_1_all\build\src\server\game\game.vcxproj]
  (Quelldatei „../../../../src/server/game/Entities/Player/Player.cpp“ wird kompiliert)
      I:\TrinityCore\_integ-12_1_all\src\server\game\Miscellaneous\ElapsedTimerMgr.h(29,7):
      Siehe Deklaration von "WorldPackets::Trinity::Containers::Player"
  
I:\TrinityCore\_integ-12_1_all\src\server\game\Miscellaneous\Formulas.h(190,53): error C2027: Verwendung des undefinierten Typs "WorldPackets::Unit" [I:\TrinityCore\_integ-12_1_all\build\src\server\game\game.vcxproj]
  (Quelldatei „../../../../src/server/game/Entities/Player/Player.cpp“ wird kompiliert)
      I:\TrinityCore\_integ-12_1_all\src\server\game\Entities\Unit\CharmInfo.h(25,7):
      Siehe Deklaration von "WorldPackets::Unit"
  
I:\TrinityCore\_integ-12_1_all\src\server\game\Miscellaneous\Formulas.h(190,24): error C2660: "WorldPackets::Trinity::Containers::Trinity::XP::BaseGain": Funktion akzeptiert keine 1 Argumente [I:\TrinityCore\_integ-12_1_all\build\src\server\game\game.vcxproj]
  (Quelldatei „../../../../src/server/game/Entities/Player/Player.cpp“ wird kompiliert)
      I:\TrinityCore\_integ-12_1_all\src\server\game\Miscellaneous\Formulas.h(143,23):
      Siehe Deklaration von "WorldPackets::Trinity::Containers::Trinity::XP::BaseGain"
      I:\TrinityCore\_integ-12_1_all\src\server\game\Miscellaneous\Formulas.h(190,24):
      bei Anpassung der Argumentliste "()"
  
I:\TrinityCore\_integ-12_1_all\src\server\game\Miscellaneous\Formulas.h(195,120): error C2027: Verwendung des undefinierten Typs "WorldPackets::Trinity::Containers::Player" [I:\TrinityCore\_integ-12_1_all\build\src\server\game\game.vcxproj]
  (Quelldatei „../../../../src/server/game/Entities/Player/Player.cpp“ wird kompiliert)
      I:\TrinityCore\_integ-12_1_all\src\server\game\Miscellaneous\ElapsedTimerMgr.h(29,7):
      Siehe Deklaration von "WorldPackets::Trinity::Containers::Player"
  
I:\TrinityCore\_integ-12_1_all\src\server\game\Miscellaneous\Formulas.h(201,29): error C2027: Verwendung des undefinierten Typs "WorldPackets::Unit" [I:\TrinityCore\_integ-12_1_all\build\src\server\game\game.vcxproj]
  (Quelldatei „../../../../src/server/game/Entities/Player/Player.cpp“ wird kompiliert)
      I:\TrinityCore\_integ-12_1_all\src\server\game\Entities\Unit\CharmInfo.h(25,7):
      Siehe Deklaration von "WorldPackets::Unit"
  
I:\TrinityCore\_integ-12_1_all\src\server\game\Miscellaneous\Formulas.h(217,25): error C2664: "void ScriptMgr::OnGainCalculation(uint32 &,Player *,Unit *)" : Konvertierung von Argument 2 von "WorldPackets::Trinity::Containers::Player *" in "Player *" nicht möglich [I:\TrinityCore\_integ-12_1_all\build\src\server\game\game.vcxproj]
  (Quelldatei „../../../../src/server/game/Entities/Player/Player.cpp“ wird kompiliert)
      I:\TrinityCore\_integ-12_1_all\src\server\game\Miscellaneous\Formulas.h(217,49):
      Die Typen, auf die verwiesen wird, sind unabhängig; die Konvertierung erfordert eine reinterpret_cast-Umwandlung, eine C-Stil-Umwandlung oder eine in Klammern gesetzte Umwandlung im Funktionsstil.
      I:\TrinityCore\_integ-12_1_all\src\server\game\Scripting\ScriptMgr.h(1116,14):
      Siehe Deklaration von "ScriptMgr::OnGainCalculation"
      I:\TrinityCore\_integ-12_1_all\src\server\game\Miscellaneous\Formulas.h(217,25):
      bei Anpassung der Argumentliste "(uint32, WorldPackets::Trinity::Containers::Player *, WorldPackets::Unit *)"
  
  boss_argent_challenge.cpp
  boss_black_knight.cpp
  boss_grand_champions.cpp
  GroupInstanceReference.cpp
  GroupMgr.cpp
  instance_trial_of_the_champion.cpp
  trial_of_the_champion.cpp
  boss_anubarak_trial.cpp
  boss_faction_champions.cpp
  boss_lord_jaraxxus.cpp
  boss_northrend_beasts.cpp
  boss_twin_valkyr.cpp
  instance_trial_of_the_crusader.cpp
  trial_of_the_crusader.cpp
  boss_king_dred.cpp
  boss_novos.cpp
  boss_tharon_ja.cpp
  GroupReference.cpp
  boss_trollgore.cpp
  drak_tharon_keep.cpp
  Guild.cpp
  GuildMgr.cpp
  AccountStoreHandler.cpp
  AdventureJournalHandler.cpp
  AdventureMapHandler.cpp
  instance_drak_tharon_keep.cpp
  boss_bronjahm.cpp
  boss_devourer_of_souls.cpp
  forge_of_souls.cpp
  instance_forge_of_souls.cpp
  boss_falric.cpp
  boss_horAI.cpp
  boss_marwyn.cpp
  ArtifactHandler.cpp
  AuctionHouseHandler.cpp
  halls_of_reflection.cpp
  instance_halls_of_reflection.cpp
  boss_forgemaster_garfrost.cpp
  boss_krickandick.cpp
  boss_scourgelord_tyrannus.cpp
  instance_pit_of_saron.cpp
  pit_of_saron.cpp
  boss_drakkari_colossus.cpp
  AuthHandler.cpp
  boss_eck.cpp
  boss_gal_darah.cpp
  boss_moorabi.cpp
  AzeriteHandler.cpp
  BankHandler.cpp
  boss_slad_ran.cpp
  instance_gundrak.cpp
  boss_blood_prince_council.cpp
  boss_blood_queen_lana_thel.cpp
  boss_deathbringer_saurfang.cpp
  boss_festergut.cpp
  BattleGroundHandler.cpp
  boss_icecrown_gunship_battle.cpp
  boss_lady_deathwhisper.cpp
  BattlePayHandler.cpp
  boss_lord_marrowgar.cpp
  boss_professor_putricide.cpp
  boss_rotface.cpp
  BattlePetHandler.cpp
  boss_sindragosa.cpp
  boss_sister_svalna.cpp
  boss_the_lich_king.cpp
  boss_valithria_dreamwalker.cpp
  go_icecrown_citadel_teleport.cpp
  BattlenetHandler.cpp
  icecrown_citadel.cpp
  instance_icecrown_citadel.cpp
  boss_anubrekhan.cpp
  boss_faerlina.cpp
  boss_four_horsemen.cpp
  boss_gluth.cpp
  boss_gothik.cpp
  BlackMarketHandler.cpp
  boss_grobbulus.cpp
  boss_heigan.cpp
  boss_kelthuzad.cpp
  boss_loatheb.cpp
  boss_maexxna.cpp
  boss_noth.cpp
  boss_patchwerk.cpp
  BleepHandler.cpp
  boss_razuvious.cpp
  boss_thaddius.cpp
  boss_sapphiron.cpp
  instance_naxxramas.cpp
  naxxramas.cpp
  boss_malygos.cpp
  CalendarHandler.cpp
  instance_eye_of_eternity.cpp
  boss_anomalus.cpp
  ChallengeModeHandler.cpp
  boss_keristrasza.cpp
I:\TrinityCore\_integ-12_1_all\src\server\game\Housing\HouseInteriorMap.h(33,45): error C2504: "WorldPackets::Trinity::Containers::Map": Basisklasse undefiniert [I:\TrinityCore\_integ-12_1_all\build\src\server\game\game.vcxproj]
  (Quelldatei „../../../../src/server/game/Entities/Player/Player.cpp“ wird kompiliert)
  
I:\TrinityCore\_integ-12_1_all\src\server\game\Housing\HouseInteriorMap.h(49,12): error C2143: Syntaxfehler: Es fehlt ";" vor "*" [I:\TrinityCore\_integ-12_1_all\build\src\server\game\game.vcxproj]
  (Quelldatei „../../../../src/server/game/Entities/Player/Player.cpp“ wird kompiliert)
  
I:\TrinityCore\_integ-12_1_all\src\server\game\Housing\HouseInteriorMap.h(49,5): error C4430: Fehlender Typspezifizierer - int wird angenommen. Hinweis: "default-int" wird von C++ nicht unterstützt. [I:\TrinityCore\_integ-12_1_all\build\src\server\game\game.vcxproj]
  (Quelldatei „../../../../src/server/game/Entities/Player/Player.cpp“ wird kompiliert)
  
I:\TrinityCore\_integ-12_1_all\src\server\game\Housing\HouseInteriorMap.h(49,31): error C2238: Unerwartete(s) Token vor ";" [I:\TrinityCore\_integ-12_1_all\build\src\server\game\game.vcxproj]
  (Quelldatei „../../../../src/server/game/Entities/Player/Player.cpp“ wird kompiliert)
  
  boss_magus_telestra.cpp
  boss_nexus_commanders.cpp
I:\TrinityCore\_integ-12_1_all\src\server\game\Housing\HouseInteriorMap.h(62,31): error C2061: Syntaxfehler: Bezeichner "Housing" [I:\TrinityCore\_integ-12_1_all\build\src\server\game\game.vcxproj]
  (Quelldatei „../../../../src/server/game/Entities/Player/Player.cpp“ wird kompiliert)
  
I:\TrinityCore\_integ-12_1_all\src\server\game\Housing\HouseInteriorMap.h(69,60): error C2039: "Room" ist kein Member von "WorldPackets::Housing". [I:\TrinityCore\_integ-12_1_all\build\src\server\game\game.vcxproj]
  (Quelldatei „../../../../src/server/game/Entities/Player/Player.cpp“ wird kompiliert)
      I:\TrinityCore\_integ-12_1_all\src\server\game\Server\Packets\HousingPackets.h(28,11):
      Siehe Deklaration von "WorldPackets::Housing"
  
I:\TrinityCore\_integ-12_1_all\src\server\game\Housing\HouseInteriorMap.h(69,60): error C2065: "Room": nichtdeklarierter Bezeichner [I:\TrinityCore\_integ-12_1_all\build\src\server\game\game.vcxproj]
  (Quelldatei „../../../../src/server/game/Entities/Player/Player.cpp“ wird kompiliert)
  
I:\TrinityCore\_integ-12_1_all\src\server\game\Housing\HouseInteriorMap.h(69,65): error C2059: Syntaxfehler: "const" [I:\TrinityCore\_integ-12_1_all\build\src\server\game\game.vcxproj]
  (Quelldatei „../../../../src/server/game/Entities/Player/Player.cpp“ wird kompiliert)
  
I:\TrinityCore\_integ-12_1_all\src\server\game\Housing\HouseInteriorMap.h(76,68): error C2039: "Room" ist kein Member von "WorldPackets::Housing". [I:\TrinityCore\_integ-12_1_all\build\src\server\game\game.vcxproj]
  (Quelldatei „../../../../src/server/game/Entities/Player/Player.cpp“ wird kompiliert)
      I:\TrinityCore\_integ-12_1_all\src\server\game\Server\Packets\HousingPackets.h(28,11):
      Siehe Deklaration von "WorldPackets::Housing"
  
I:\TrinityCore\_integ-12_1_all\src\server\game\Housing\HouseInteriorMap.h(76,68): error C2061: Syntaxfehler: Bezeichner "Room" [I:\TrinityCore\_integ-12_1_all\build\src\server\game\game.vcxproj]
  (Quelldatei „../../../../src/server/game/Entities/Player/Player.cpp“ wird kompiliert)
  
I:\TrinityCore\_integ-12_1_all\src\server\game\Housing\HouseInteriorMap.h(88,18): error C2039: "Room" ist kein Member von "WorldPackets::Housing". [I:\TrinityCore\_integ-12_1_all\build\src\server\game\game.vcxproj]
  (Quelldatei „../../../../src/server/game/Entities/Player/Player.cpp“ wird kompiliert)
      I:\TrinityCore\_integ-12_1_all\src\server\game\Server\Packets\HousingPackets.h(28,11):
      Siehe Deklaration von "WorldPackets::Housing"
  
I:\TrinityCore\_integ-12_1_all\src\server\game\Housing\HouseInteriorMap.h(88,18): error C2061: Syntaxfehler: Bezeichner "Room" [I:\TrinityCore\_integ-12_1_all\build\src\server\game\game.vcxproj]
  (Quelldatei „../../../../src/server/game/Entities/Player/Player.cpp“ wird kompiliert)
  
I:\TrinityCore\_integ-12_1_all\src\server\game\Housing\HouseInteriorMap.h(96,44): error C2039: "Room" ist kein Member von "WorldPackets::Housing". [I:\TrinityCore\_integ-12_1_all\build\src\server\game\game.vcxproj]
  (Quelldatei „../../../../src/server/game/Entities/Player/Player.cpp“ wird kompiliert)
      I:\TrinityCore\_integ-12_1_all\src\server\game\Server\Packets\HousingPackets.h(28,11):
      Siehe Deklaration von "WorldPackets::Housing"
  
I:\TrinityCore\_integ-12_1_all\src\server\game\Housing\HouseInteriorMap.h(96,44): error C2061: Syntaxfehler: Bezeichner "Room" [I:\TrinityCore\_integ-12_1_all\build\src\server\game\game.vcxproj]
  (Quelldatei „../../../../src/server/game/Entities/Player/Player.cpp“ wird kompiliert)
  
I:\TrinityCore\_integ-12_1_all\src\server\game\Housing\HouseInteriorMap.h(96,44): error C1003: Mehr als 100 Fehler gefunden; Kompilierung wird abgebrochen. [I:\TrinityCore\_integ-12_1_all\build\src\server\game\game.vcxproj]
  (Quelldatei „../../../../src/server/game/Entities/Player/Player.cpp“ wird kompiliert)
  
  ChannelHandler.cpp
  boss_ormorok.cpp
  instance_nexus.cpp
  boss_drakos.cpp
  CharacterHandler.cpp
  boss_eregos.cpp
  ChatHandler.cpp
  boss_urom.cpp
  boss_varos.cpp
  ClubFinderHandler.cpp
  CollectionsHandler.cpp
  instance_oculus.cpp
  oculus.cpp
  boss_general_bjarngrim.cpp
  CombatHandler.cpp
  boss_ionar.cpp
  boss_loken.cpp
  boss_volkhan.cpp
  instance_halls_of_lightning.cpp
  boss_krystallus.cpp
  CommentatorHandler.cpp
  ContentTrackingHandler.cpp
  boss_maiden_of_grief.cpp
  boss_sjonnir.cpp
  halls_of_stone.cpp
  instance_halls_of_stone.cpp
  boss_algalon_the_observer.cpp
  ContributionHandler.cpp
  boss_assembly_of_iron.cpp
  boss_auriaya.cpp
  boss_flame_leviathan.cpp
  boss_freya.cpp
  CovenantHandler.cpp
  boss_general_vezax.cpp
  boss_hodir.cpp
  boss_ignis.cpp
  CraftingOrderHandler.cpp
  boss_kologarn.cpp
  boss_mimiron.cpp
  CurrencyHandler.cpp
I:\TrinityCore\_integ-12_1_all\src\server\game\Server\Packets\CharacterPackets.h(1011,1): error C2059: Syntaxfehler: "}" [I:\TrinityCore\_integ-12_1_all\build\src\server\game\game.vcxproj]
  (Quelldatei „../../../../src/server/game/Handlers/CharacterHandler.cpp“ wird kompiliert)
  
I:\TrinityCore\_integ-12_1_all\src\server\game\Server\Packets\CharacterPackets.h(1011,1): error C2143: Syntaxfehler: Es fehlt ";" vor "}" [I:\TrinityCore\_integ-12_1_all\build\src\server\game\game.vcxproj]
  (Quelldatei „../../../../src/server/game/Handlers/CharacterHandler.cpp“ wird kompiliert)
  
I:\TrinityCore\_integ-12_1_all\src\server\game\Server\Packets\EquipmentSetPackets.h(98,27): error C3083: "Item": Das Symbol links neben "::" muss ein Typ sein. [I:\TrinityCore\_integ-12_1_all\build\src\server\game\game.vcxproj]
  (Quelldatei „../../../../src/server/game/Handlers/CharacterHandler.cpp“ wird kompiliert)
  
I:\TrinityCore\_integ-12_1_all\src\server\game\Server\Packets\EquipmentSetPackets.h(98,33): error C2039: "InvUpdate" ist kein Member von "WorldPackets::WorldPackets". [I:\TrinityCore\_integ-12_1_all\build\src\server\game\game.vcxproj]
  (Quelldatei „../../../../src/server/game/Handlers/CharacterHandler.cpp“ wird kompiliert)
      I:\TrinityCore\_integ-12_1_all\src\server\game\Server\Packets\EquipmentSetPackets.h(25,11):
      Siehe Deklaration von "WorldPackets::WorldPackets"
  
I:\TrinityCore\_integ-12_1_all\src\server\game\Server\Packets\EquipmentSetPackets.h(98,43): error C3646: "Inv": Unbekannter Überschreibungsspezifizierer [I:\TrinityCore\_integ-12_1_all\build\src\server\game\game.vcxproj]
  (Quelldatei „../../../../src/server/game/Handlers/CharacterHandler.cpp“ wird kompiliert)
  
I:\TrinityCore\_integ-12_1_all\src\server\game\Server\Packets\EquipmentSetPackets.h(98,33): error C4430: Fehlender Typspezifizierer - int wird angenommen. Hinweis: "default-int" wird von C++ nicht unterstützt. [I:\TrinityCore\_integ-12_1_all\build\src\server\game\game.vcxproj]
  (Quelldatei „../../../../src/server/game/Handlers/CharacterHandler.cpp“ wird kompiliert)
  
I:\TrinityCore\_integ-12_1_all\src\server\game\Guilds\GuildMgr.h(27,7): error C2365: "WorldPackets::Guild": Erneute Definition; vorherige Definition war "Namespace". [I:\TrinityCore\_integ-12_1_all\build\src\server\game\game.vcxproj]
  (Quelldatei „../../../../src/server/game/Handlers/CharacterHandler.cpp“ wird kompiliert)
      I:\TrinityCore\_integ-12_1_all\src\server\game\Guilds\Guild.h(44,15):
      Siehe Deklaration von "WorldPackets::Guild"
  
  boss_razorscale.cpp
  boss_thorim.cpp
  boss_xt002.cpp
I:\TrinityCore\_integ-12_1_all\src\common\Metric\Metric.h(68,30): error C3083: "Asio": Das Symbol links neben "::" muss ein Typ sein. [I:\TrinityCore\_integ-12_1_all\build\src\server\game\game.vcxproj]
  (Quelldatei „../../../../src/server/game/Handlers/CharacterHandler.cpp“ wird kompiliert)
  
I:\TrinityCore\_integ-12_1_all\src\common\Metric\Metric.h(68,36): error C2039: "DeadlineTimer" ist kein Member von "WorldPackets::Trinity". [I:\TrinityCore\_integ-12_1_all\build\src\server\game\game.vcxproj]
  (Quelldatei „../../../../src/server/game/Handlers/CharacterHandler.cpp“ wird kompiliert)
      I:\TrinityCore\_integ-12_1_all\src\common\Containers\Utilities\MapUtils.h(24,11):
      Siehe Deklaration von "WorldPackets::Trinity"
  
I:\TrinityCore\_integ-12_1_all\src\common\Metric\Metric.h(68,36): error C2065: "DeadlineTimer": nichtdeklarierter Bezeichner [I:\TrinityCore\_integ-12_1_all\build\src\server\game\game.vcxproj]
  (Quelldatei „../../../../src/server/game/Handlers/CharacterHandler.cpp“ wird kompiliert)
  
I:\TrinityCore\_integ-12_1_all\src\common\Metric\Metric.h(68,10): error C2923: „std::unique_ptr“: „DeadlineTimer“ ist kein gültiges Vorlage-Typargument für Parameter „_Ty“. [I:\TrinityCore\_integ-12_1_all\build\src\server\game\game.vcxproj]
  (Quelldatei „../../../../src/server/game/Handlers/CharacterHandler.cpp“ wird kompiliert)
      I:\TrinityCore\_integ-12_1_all\src\common\Metric\Metric.h(68,36):
      Siehe Deklaration von "DeadlineTimer"
  
I:\TrinityCore\_integ-12_1_all\src\common\Metric\Metric.h(68,10): error C2976: „std::unique_ptr“: Nicht genügend Vorlage-Argumente [I:\TrinityCore\_integ-12_1_all\build\src\server\game\game.vcxproj]
  (Quelldatei „../../../../src/server/game/Handlers/CharacterHandler.cpp“ wird kompiliert)
      C:\Program Files\Microsoft Visual Studio\2022\Enterprise\VC\Tools\MSVC\14.44.35207\include\memory(3347,7):
      Siehe Deklaration von "std::unique_ptr"
  
I:\TrinityCore\_integ-12_1_all\src\common\Metric\Metric.h(68,51): error C2955: "std::unique_ptr" : Für die Verwendung von Klasse Vorlage ist eine Vorlage-Argumentliste erforderlich [I:\TrinityCore\_integ-12_1_all\build\src\server\game\game.vcxproj]
  (Quelldatei „../../../../src/server/game/Handlers/CharacterHandler.cpp“ wird kompiliert)
      C:\Program Files\Microsoft Visual Studio\2022\Enterprise\VC\Tools\MSVC\14.44.35207\include\memory(3347,7):
      Siehe Deklaration von "std::unique_ptr"
  
I:\TrinityCore\_integ-12_1_all\src\common\Metric\Metric.h(69,30): error C3083: "Asio": Das Symbol links neben "::" muss ein Typ sein. [I:\TrinityCore\_integ-12_1_all\build\src\server\game\game.vcxproj]
  (Quelldatei „../../../../src/server/game/Handlers/CharacterHandler.cpp“ wird kompiliert)
  
I:\TrinityCore\_integ-12_1_all\src\common\Metric\Metric.h(69,36): error C2039: "DeadlineTimer" ist kein Member von "WorldPackets::Trinity". [I:\TrinityCore\_integ-12_1_all\build\src\server\game\game.vcxproj]
  (Quelldatei „../../../../src/server/game/Handlers/CharacterHandler.cpp“ wird kompiliert)
      I:\TrinityCore\_integ-12_1_all\src\common\Containers\Utilities\MapUtils.h(24,11):
      Siehe Deklaration von "WorldPackets::Trinity"
  
I:\TrinityCore\_integ-12_1_all\src\common\Metric\Metric.h(69,36): error C2065: "DeadlineTimer": nichtdeklarierter Bezeichner [I:\TrinityCore\_integ-12_1_all\build\src\server\game\game.vcxproj]
  (Quelldatei „../../../../src/server/game/Handlers/CharacterHandler.cpp“ wird kompiliert)
  
I:\TrinityCore\_integ-12_1_all\src\common\Metric\Metric.h(69,10): error C2923: „std::unique_ptr“: „DeadlineTimer“ ist kein gültiges Vorlage-Typargument für Parameter „_Ty“. [I:\TrinityCore\_integ-12_1_all\build\src\server\game\game.vcxproj]
  (Quelldatei „../../../../src/server/game/Handlers/CharacterHandler.cpp“ wird kompiliert)
      I:\TrinityCore\_integ-12_1_all\src\common\Metric\Metric.h(69,36):
      Siehe Deklaration von "DeadlineTimer"
  
I:\TrinityCore\_integ-12_1_all\src\common\Metric\Metric.h(69,10): error C2976: „std::unique_ptr“: Nicht genügend Vorlage-Argumente [I:\TrinityCore\_integ-12_1_all\build\src\server\game\game.vcxproj]
  (Quelldatei „../../../../src/server/game/Handlers/CharacterHandler.cpp“ wird kompiliert)
      C:\Program Files\Microsoft Visual Studio\2022\Enterprise\VC\Tools\MSVC\14.44.35207\include\memory(3347,7):
      Siehe Deklaration von "std::unique_ptr"
  
I:\TrinityCore\_integ-12_1_all\src\common\Metric\Metric.h(69,51): error C2955: "std::unique_ptr" : Für die Verwendung von Klasse Vorlage ist eine Vorlage-Argumentliste erforderlich [I:\TrinityCore\_integ-12_1_all\build\src\server\game\game.vcxproj]
  (Quelldatei „../../../../src/server/game/Handlers/CharacterHandler.cpp“ wird kompiliert)
      C:\Program Files\Microsoft Visual Studio\2022\Enterprise\VC\Tools\MSVC\14.44.35207\include\memory(3347,7):
      Siehe Deklaration von "std::unique_ptr"
  
I:\TrinityCore\_integ-12_1_all\src\common\Metric\Metric.h(79,53): error C2039: "TransparentHash" ist kein Member von "WorldPackets::Trinity". [I:\TrinityCore\_integ-12_1_all\build\src\server\game\game.vcxproj]
  (Quelldatei „../../../../src/server/game/Handlers/CharacterHandler.cpp“ wird kompiliert)
      I:\TrinityCore\_integ-12_1_all\src\common\Containers\Utilities\MapUtils.h(24,11):
      Siehe Deklaration von "WorldPackets::Trinity"
  
I:\TrinityCore\_integ-12_1_all\src\common\Metric\Metric.h(79,74): error C2275: "std::string_view": Es wurde ein Ausdruck anstelle eines Typs erwartet [I:\TrinityCore\_integ-12_1_all\build\src\server\game\game.vcxproj]
  (Quelldatei „../../../../src/server/game/Handlers/CharacterHandler.cpp“ wird kompiliert)
  
I:\TrinityCore\_integ-12_1_all\src\common\Metric\Metric.h(79,10): error C2974: „std::unordered_map“: Ungültiges Vorlage-Argument für „_Hasher“, Typ erwartet. [I:\TrinityCore\_integ-12_1_all\build\src\server\game\game.vcxproj]
  (Quelldatei „../../../../src/server/game/Handlers/CharacterHandler.cpp“ wird kompiliert)
      C:\Program Files\Microsoft Visual Studio\2022\Enterprise\VC\Tools\MSVC\14.44.35207\include\unordered_map(61,7):
      Siehe Deklaration von "std::unordered_map"
  
I:\TrinityCore\_integ-12_1_all\src\common\Metric\Metric.h(79,10): error C2976: „std::unordered_map“: Nicht genügend Vorlage-Argumente [I:\TrinityCore\_integ-12_1_all\build\src\server\game\game.vcxproj]
  (Quelldatei „../../../../src/server/game/Handlers/CharacterHandler.cpp“ wird kompiliert)
      C:\Program Files\Microsoft Visual Studio\2022\Enterprise\VC\Tools\MSVC\14.44.35207\include\unordered_map(61,7):
      Siehe Deklaration von "std::unordered_map"
  
I:\TrinityCore\_integ-12_1_all\src\common\Metric\Metric.h(79,86): error C2059: Syntaxfehler: "," [I:\TrinityCore\_integ-12_1_all\build\src\server\game\game.vcxproj]
  (Quelldatei „../../../../src/server/game/Handlers/CharacterHandler.cpp“ wird kompiliert)
  
I:\TrinityCore\_integ-12_1_all\src\common\Metric\Metric.h(79,116): error C2238: Unerwartete(s) Token vor ";" [I:\TrinityCore\_integ-12_1_all\build\src\server\game\game.vcxproj]
  (Quelldatei „../../../../src/server/game/Handlers/CharacterHandler.cpp“ wird kompiliert)
  
I:\TrinityCore\_integ-12_1_all\src\common\Metric\Metric.h(108,60): error C3083: "Asio": Das Symbol links neben "::" muss ein Typ sein. [I:\TrinityCore\_integ-12_1_all\build\src\server\game\game.vcxproj]
  (Quelldatei „../../../../src/server/game/Handlers/CharacterHandler.cpp“ wird kompiliert)
  
I:\TrinityCore\_integ-12_1_all\src\common\Metric\Metric.h(108,66): error C2039: "IoContext" ist kein Member von "WorldPackets::Trinity". [I:\TrinityCore\_integ-12_1_all\build\src\server\game\game.vcxproj]
  (Quelldatei „../../../../src/server/game/Handlers/CharacterHandler.cpp“ wird kompiliert)
      I:\TrinityCore\_integ-12_1_all\src\common\Containers\Utilities\MapUtils.h(24,11):
      Siehe Deklaration von "WorldPackets::Trinity"
  
I:\TrinityCore\_integ-12_1_all\src\common\Metric\Metric.h(108,66): error C2061: Syntaxfehler: Bezeichner "IoContext" [I:\TrinityCore\_integ-12_1_all\build\src\server\game\game.vcxproj]
  (Quelldatei „../../../../src/server/game/Handlers/CharacterHandler.cpp“ wird kompiliert)
  
I:\TrinityCore\_integ-12_1_all\src\server\game\ChallengeMode\ChallengeModeMgr.h(27,7): error C2365: "WorldPackets::Item": Erneute Definition; vorherige Definition war "Namespace". [I:\TrinityCore\_integ-12_1_all\build\src\server\game\game.vcxproj]
  (Quelldatei „../../../../src/server/game/Handlers/CharacterHandler.cpp“ wird kompiliert)
      I:\TrinityCore\_integ-12_1_all\src\server\game\Entities\Item\Item.h(34,15):
      Siehe Deklaration von "WorldPackets::Item"
  
  boss_yogg_saron.cpp
  instance_ulduar.cpp
  ulduar.cpp
  boss_ingvar_the_plunderer.cpp
  boss_keleseth.cpp
  boss_skarvald_dalronn.cpp
  DelvesHandler.cpp
I:\TrinityCore\_integ-12_1_all\src\server\game\Server\Packets\QueryPackets.h(573,27): error C2039: "Timestamp" ist kein Member von "WorldPackets::WorldPackets". [I:\TrinityCore\_integ-12_1_all\build\src\server\game\game.vcxproj]
  (Quelldatei „../../../../src/server/game/Handlers/CharacterHandler.cpp“ wird kompiliert)
      I:\TrinityCore\_integ-12_1_all\src\server\game\Server\Packets\QueryPackets.h(37,11):
      Siehe Deklaration von "WorldPackets::WorldPackets"
  
I:\TrinityCore\_integ-12_1_all\src\server\game\Server\Packets\QueryPackets.h(573,36): error C2059: Syntaxfehler: "<" [I:\TrinityCore\_integ-12_1_all\build\src\server\game\game.vcxproj]
  (Quelldatei „../../../../src/server/game/Handlers/CharacterHandler.cpp“ wird kompiliert)
  
I:\TrinityCore\_integ-12_1_all\src\server\game\Server\Packets\QueryPackets.h(573,48): error C2238: Unerwartete(s) Token vor ";" [I:\TrinityCore\_integ-12_1_all\build\src\server\game\game.vcxproj]
  (Quelldatei „../../../../src/server/game/Handlers/CharacterHandler.cpp“ wird kompiliert)
  
I:\TrinityCore\_integ-12_1_all\src\server\game\Server\Packets\QueryPackets.h(623,27): error C3083: "Auth": Das Symbol links neben "::" muss ein Typ sein. [I:\TrinityCore\_integ-12_1_all\build\src\server\game\game.vcxproj]
  (Quelldatei „../../../../src/server/game/Handlers/CharacterHandler.cpp“ wird kompiliert)
  
I:\TrinityCore\_integ-12_1_all\src\server\game\Server\Packets\QueryPackets.h(623,33): error C2039: "VirtualRealmNameInfo" ist kein Member von "WorldPackets::WorldPackets". [I:\TrinityCore\_integ-12_1_all\build\src\server\game\game.vcxproj]
  (Quelldatei „../../../../src/server/game/Handlers/CharacterHandler.cpp“ wird kompiliert)
      I:\TrinityCore\_integ-12_1_all\src\server\game\Server\Packets\QueryPackets.h(37,11):
      Siehe Deklaration von "WorldPackets::WorldPackets"
  
I:\TrinityCore\_integ-12_1_all\src\server\game\Server\Packets\QueryPackets.h(623,54): error C3646: "NameInfo": Unbekannter Überschreibungsspezifizierer [I:\TrinityCore\_integ-12_1_all\build\src\server\game\game.vcxproj]
  (Quelldatei „../../../../src/server/game/Handlers/CharacterHandler.cpp“ wird kompiliert)
  
I:\TrinityCore\_integ-12_1_all\src\server\game\Server\Packets\QueryPackets.h(623,33): error C4430: Fehlender Typspezifizierer - int wird angenommen. Hinweis: "default-int" wird von C++ nicht unterstützt. [I:\TrinityCore\_integ-12_1_all\build\src\server\game\game.vcxproj]
  (Quelldatei „../../../../src/server/game/Handlers/CharacterHandler.cpp“ wird kompiliert)
  
I:\TrinityCore\_integ-12_1_all\src\server\game\Server\Packets\QueryPackets.h(639,19): error C2027: Verwendung des undefinierten Typs "WorldPackets::Item" [I:\TrinityCore\_integ-12_1_all\build\src\server\game\game.vcxproj]
  (Quelldatei „../../../../src/server/game/Handlers/CharacterHandler.cpp“ wird kompiliert)
      I:\TrinityCore\_integ-12_1_all\src\server\game\ChallengeMode\ChallengeModeMgr.h(27,7):
      Siehe Deklaration von "WorldPackets::Item"
  
I:\TrinityCore\_integ-12_1_all\src\server\game\Server\Packets\QueryPackets.h(639,32): error C3646: "Item": Unbekannter Überschreibungsspezifizierer [I:\TrinityCore\_integ-12_1_all\build\src\server\game\game.vcxproj]
  (Quelldatei „../../../../src/server/game/Handlers/CharacterHandler.cpp“ wird kompiliert)
  
I:\TrinityCore\_integ-12_1_all\src\server\game\Server\Packets\QueryPackets.h(639,19): error C4430: Fehlender Typspezifizierer - int wird angenommen. Hinweis: "default-int" wird von C++ nicht unterstützt. [I:\TrinityCore\_integ-12_1_all\build\src\server\game\game.vcxproj]
  (Quelldatei „../../../../src/server/game/Handlers/CharacterHandler.cpp“ wird kompiliert)
  
I:\TrinityCore\_integ-12_1_all\src\server\shared\Realm\Realm.h(71,20): error C2039: "RealmFlags" ist kein Member von "`global namespace'". [I:\TrinityCore\_integ-12_1_all\build\src\server\game\game.vcxproj]
  (Quelldatei „../../../../src/server/game/Handlers/CharacterHandler.cpp“ wird kompiliert)
  
I:\TrinityCore\_integ-12_1_all\src\server\shared\Realm\Realm.h(71,20): error C4430: Fehlender Typspezifizierer - int wird angenommen. Hinweis: "default-int" wird von C++ nicht unterstützt. [I:\TrinityCore\_integ-12_1_all\build\src\server\game\game.vcxproj]
  (Quelldatei „../../../../src/server/game/Handlers/CharacterHandler.cpp“ wird kompiliert)
  
I:\TrinityCore\_integ-12_1_all\src\server\shared\Realm\Realm.h(71,20): error C2737: "WorldPackets::Trinity::Legacy::RealmFlags": Das Objekt "constexpr" muss initialisiert werden. [I:\TrinityCore\_integ-12_1_all\build\src\server\game\game.vcxproj]
  (Quelldatei „../../../../src/server/game/Handlers/CharacterHandler.cpp“ wird kompiliert)
  
I:\TrinityCore\_integ-12_1_all\src\server\shared\Realm\Realm.h(71,31): error C2146: Syntaxfehler: Fehlendes ";" vor Bezeichner "ConvertLegacyRealmFlags" [I:\TrinityCore\_integ-12_1_all\build\src\server\game\game.vcxproj]
  (Quelldatei „../../../../src/server/game/Handlers/CharacterHandler.cpp“ wird kompiliert)
  
I:\TrinityCore\_integ-12_1_all\src\server\shared\Realm\Realm.h(71,31): error C4430: Fehlender Typspezifizierer - int wird angenommen. Hinweis: "default-int" wird von C++ nicht unterstützt. [I:\TrinityCore\_integ-12_1_all\build\src\server\game\game.vcxproj]
  (Quelldatei „../../../../src/server/game/Handlers/CharacterHandler.cpp“ wird kompiliert)
  
I:\TrinityCore\_integ-12_1_all\src\server\shared\Realm\Realm.h(71,66): error C2146: Syntaxfehler: Fehlendes ")" vor Bezeichner "legacyRealmFlags" [I:\TrinityCore\_integ-12_1_all\build\src\server\game\game.vcxproj]
  (Quelldatei „../../../../src/server/game/Handlers/CharacterHandler.cpp“ wird kompiliert)
  
I:\TrinityCore\_integ-12_1_all\src\server\shared\Realm\Realm.h(72,1): error C2143: Syntaxfehler: Es fehlt ";" vor "{" [I:\TrinityCore\_integ-12_1_all\build\src\server\game\game.vcxproj]
  (Quelldatei „../../../../src/server/game/Handlers/CharacterHandler.cpp“ wird kompiliert)
  
I:\TrinityCore\_integ-12_1_all\src\server\shared\Realm\Realm.h(72,1): error C2447: "{": Funktionsheader fehlt - Parameterliste im alten Stil? [I:\TrinityCore\_integ-12_1_all\build\src\server\game\game.vcxproj]
  (Quelldatei „../../../../src/server/game/Handlers/CharacterHandler.cpp“ wird kompiliert)
  
I:\TrinityCore\_integ-12_1_all\src\server\shared\Realm\Realm.h(79,79): error C2146: Syntaxfehler: Fehlendes ")" vor Bezeichner "legacyRealmFlags" [I:\TrinityCore\_integ-12_1_all\build\src\server\game\game.vcxproj]
  (Quelldatei „../../../../src/server/game/Handlers/CharacterHandler.cpp“ wird kompiliert)
  
I:\TrinityCore\_integ-12_1_all\src\server\shared\Realm\Realm.h(80,1): error C2143: Syntaxfehler: Es fehlt ";" vor "{" [I:\TrinityCore\_integ-12_1_all\build\src\server\game\game.vcxproj]
  (Quelldatei „../../../../src/server/game/Handlers/CharacterHandler.cpp“ wird kompiliert)
  
I:\TrinityCore\_integ-12_1_all\src\server\shared\Realm\Realm.h(80,1): error C2447: "{": Funktionsheader fehlt - Parameterliste im alten Stil? [I:\TrinityCore\_integ-12_1_all\build\src\server\game\game.vcxproj]
  (Quelldatei „../../../../src/server/game/Handlers/CharacterHandler.cpp“ wird kompiliert)
  
  instance_utgarde_keep.cpp
  utgarde_keep.cpp
  boss_palehoof.cpp
I:\TrinityCore\_integ-12_1_all\src\server\shared\Realm\RealmList.h(61,30): error C3083: "Asio": Das Symbol links neben "::" muss ein Typ sein. [I:\TrinityCore\_integ-12_1_all\build\src\server\game\game.vcxproj]
  (Quelldatei „../../../../src/server/game/Handlers/CharacterHandler.cpp“ wird kompiliert)
  
I:\TrinityCore\_integ-12_1_all\src\server\shared\Realm\RealmList.h(61,36): error C2039: "IoContext" ist kein Member von "WorldPackets::Trinity". [I:\TrinityCore\_integ-12_1_all\build\src\server\game\game.vcxproj]
  (Quelldatei „../../../../src/server/game/Handlers/CharacterHandler.cpp“ wird kompiliert)
      I:\TrinityCore\_integ-12_1_all\src\server\shared\Realm\Realm.h(54,11):
      Siehe Deklaration von "WorldPackets::Trinity"
  
I:\TrinityCore\_integ-12_1_all\src\server\shared\Realm\RealmList.h(61,36): error C2061: Syntaxfehler: Bezeichner "IoContext" [I:\TrinityCore\_integ-12_1_all\build\src\server\game\game.vcxproj]
  (Quelldatei „../../../../src/server/game/Handlers/CharacterHandler.cpp“ wird kompiliert)
  
I:\TrinityCore\_integ-12_1_all\src\server\shared\Realm\RealmList.h(90,30): error C3083: "Asio": Das Symbol links neben "::" muss ein Typ sein. [I:\TrinityCore\_integ-12_1_all\build\src\server\game\game.vcxproj]
  (Quelldatei „../../../../src/server/game/Handlers/CharacterHandler.cpp“ wird kompiliert)
  
I:\TrinityCore\_integ-12_1_all\src\server\shared\Realm\RealmList.h(90,36): error C2039: "DeadlineTimer" ist kein Member von "WorldPackets::Trinity". [I:\TrinityCore\_integ-12_1_all\build\src\server\game\game.vcxproj]
  (Quelldatei „../../../../src/server/game/Handlers/CharacterHandler.cpp“ wird kompiliert)
      I:\TrinityCore\_integ-12_1_all\src\server\shared\Realm\Realm.h(54,11):
      Siehe Deklaration von "WorldPackets::Trinity"
  
I:\TrinityCore\_integ-12_1_all\src\server\shared\Realm\RealmList.h(90,36): error C2065: "DeadlineTimer": nichtdeklarierter Bezeichner [I:\TrinityCore\_integ-12_1_all\build\src\server\game\game.vcxproj]
  (Quelldatei „../../../../src/server/game/Handlers/CharacterHandler.cpp“ wird kompiliert)
  
I:\TrinityCore\_integ-12_1_all\src\server\shared\Realm\RealmList.h(90,10): error C2923: „std::unique_ptr“: „DeadlineTimer“ ist kein gültiges Vorlage-Typargument für Parameter „_Ty“. [I:\TrinityCore\_integ-12_1_all\build\src\server\game\game.vcxproj]
  (Quelldatei „../../../../src/server/game/Handlers/CharacterHandler.cpp“ wird kompiliert)
      I:\TrinityCore\_integ-12_1_all\src\server\shared\Realm\RealmList.h(90,36):
      Siehe Deklaration von "DeadlineTimer"
  
I:\TrinityCore\_integ-12_1_all\src\server\shared\Realm\RealmList.h(90,10): error C2976: „std::unique_ptr“: Nicht genügend Vorlage-Argumente [I:\TrinityCore\_integ-12_1_all\build\src\server\game\game.vcxproj]
  (Quelldatei „../../../../src/server/game/Handlers/CharacterHandler.cpp“ wird kompiliert)
      C:\Program Files\Microsoft Visual Studio\2022\Enterprise\VC\Tools\MSVC\14.44.35207\include\memory(3347,7):
      Siehe Deklaration von "std::unique_ptr"
  
I:\TrinityCore\_integ-12_1_all\src\server\shared\Realm\RealmList.h(90,51): error C2955: "std::unique_ptr" : Für die Verwendung von Klasse Vorlage ist eine Vorlage-Argumentliste erforderlich [I:\TrinityCore\_integ-12_1_all\build\src\server\game\game.vcxproj]
  (Quelldatei „../../../../src/server/game/Handlers/CharacterHandler.cpp“ wird kompiliert)
      C:\Program Files\Microsoft Visual Studio\2022\Enterprise\VC\Tools\MSVC\14.44.35207\include\memory(3347,7):
      Siehe Deklaration von "std::unique_ptr"
  
I:\TrinityCore\_integ-12_1_all\src\server\shared\Realm\RealmList.h(91,30): error C3083: "Net": Das Symbol links neben "::" muss ein Typ sein. [I:\TrinityCore\_integ-12_1_all\build\src\server\game\game.vcxproj]
  (Quelldatei „../../../../src/server/game/Handlers/CharacterHandler.cpp“ wird kompiliert)
  
I:\TrinityCore\_integ-12_1_all\src\server\shared\Realm\RealmList.h(91,35): error C2039: "Resolver" ist kein Member von "WorldPackets::Trinity". [I:\TrinityCore\_integ-12_1_all\build\src\server\game\game.vcxproj]
  (Quelldatei „../../../../src/server/game/Handlers/CharacterHandler.cpp“ wird kompiliert)
      I:\TrinityCore\_integ-12_1_all\src\server\shared\Realm\Realm.h(54,11):
      Siehe Deklaration von "WorldPackets::Trinity"
  
I:\TrinityCore\_integ-12_1_all\src\server\shared\Realm\RealmList.h(91,35): error C2065: "Resolver": nichtdeklarierter Bezeichner [I:\TrinityCore\_integ-12_1_all\build\src\server\game\game.vcxproj]
  (Quelldatei „../../../../src/server/game/Handlers/CharacterHandler.cpp“ wird kompiliert)
  
I:\TrinityCore\_integ-12_1_all\src\server\shared\Realm\RealmList.h(91,10): error C2923: „std::unique_ptr“: „Resolver“ ist kein gültiges Vorlage-Typargument für Parameter „_Ty“. [I:\TrinityCore\_integ-12_1_all\build\src\server\game\game.vcxproj]
  (Quelldatei „../../../../src/server/game/Handlers/CharacterHandler.cpp“ wird kompiliert)
      I:\TrinityCore\_integ-12_1_all\src\server\shared\Realm\RealmList.h(91,35):
      Siehe Deklaration von "Resolver"
  
I:\TrinityCore\_integ-12_1_all\src\server\shared\Realm\RealmList.h(91,10): error C2976: „std::unique_ptr“: Nicht genügend Vorlage-Argumente [I:\TrinityCore\_integ-12_1_all\build\src\server\game\game.vcxproj]
  (Quelldatei „../../../../src/server/game/Handlers/CharacterHandler.cpp“ wird kompiliert)
      C:\Program Files\Microsoft Visual Studio\2022\Enterprise\VC\Tools\MSVC\14.44.35207\include\memory(3347,7):
      Siehe Deklaration von "std::unique_ptr"
  
I:\TrinityCore\_integ-12_1_all\src\server\shared\Realm\RealmList.h(91,45): error C2955: "std::unique_ptr" : Für die Verwendung von Klasse Vorlage ist eine Vorlage-Argumentliste erforderlich [I:\TrinityCore\_integ-12_1_all\build\src\server\game\game.vcxproj]
  (Quelldatei „../../../../src/server/game/Handlers/CharacterHandler.cpp“ wird kompiliert)
      C:\Program Files\Microsoft Visual Studio\2022\Enterprise\VC\Tools\MSVC\14.44.35207\include\memory(3347,7):
      Siehe Deklaration von "std::unique_ptr"
  
  boss_skadi.cpp
  DuelHandler.cpp
I:\TrinityCore\_integ-12_1_all\src\server\game\Server\Packets\SystemPackets.h(127,32): error C2555: "WorldPackets::WorldPackets::System::FeatureSystemStatus::Write": Der überschreibende virtuelle Funktionsrückgabetyp unterscheidet sich und ist keine "covariant" von "WorldPackets::Packet::Write" [I:\TrinityCore\_integ-12_1_all\build\src\server\game\game.vcxproj]
  (Quelldatei „../../../../src/server/game/Handlers/CharacterHandler.cpp“ wird kompiliert)
      I:\TrinityCore\_integ-12_1_all\src\server\game\Server\Packet.h(35,36):
      Siehe Deklaration von "WorldPackets::Packet::Write"
  
  GarrisonHandler.cpp
I:\TrinityCore\_integ-12_1_all\src\server\game\Server\Packets\SystemPackets.h(218,32): error C2555: "WorldPackets::WorldPackets::System::FeatureSystemStatusGlueScreen::Write": Der überschreibende virtuelle Funktionsrückgabetyp unterscheidet sich und ist keine "covariant" von "WorldPackets::Packet::Write" [I:\TrinityCore\_integ-12_1_all\build\src\server\game\game.vcxproj]
  (Quelldatei „../../../../src/server/game/Handlers/CharacterHandler.cpp“ wird kompiliert)
      I:\TrinityCore\_integ-12_1_all\src\server\game\Server\Packet.h(35,36):
      Siehe Deklaration von "WorldPackets::Packet::Write"
  
I:\TrinityCore\_integ-12_1_all\src\server\game\Server\Packets\SystemPackets.h(294,32): error C2555: "WorldPackets::WorldPackets::System::MirrorVars::Write": Der überschreibende virtuelle Funktionsrückgabetyp unterscheidet sich und ist keine "covariant" von "WorldPackets::Packet::Write" [I:\TrinityCore\_integ-12_1_all\build\src\server\game\game.vcxproj]
  (Quelldatei „../../../../src/server/game/Handlers/CharacterHandler.cpp“ wird kompiliert)
      I:\TrinityCore\_integ-12_1_all\src\server\game\Server\Packet.h(35,36):
      Siehe Deklaration von "WorldPackets::Packet::Write"
  
I:\TrinityCore\_integ-12_1_all\src\server\game\Server\Packets\SystemPackets.h(304,32): error C2555: "WorldPackets::WorldPackets::System::MOTD::Write": Der überschreibende virtuelle Funktionsrückgabetyp unterscheidet sich und ist keine "covariant" von "WorldPackets::Packet::Write" [I:\TrinityCore\_integ-12_1_all\build\src\server\game\game.vcxproj]
  (Quelldatei „../../../../src/server/game/Handlers/CharacterHandler.cpp“ wird kompiliert)
      I:\TrinityCore\_integ-12_1_all\src\server\game\Server\Packet.h(35,36):
      Siehe Deklaration von "WorldPackets::Packet::Write"
  
I:\TrinityCore\_integ-12_1_all\src\server\game\Server\Packets\SystemPackets.h(314,32): error C2555: "WorldPackets::WorldPackets::System::SetTimeZoneInformation::Write": Der überschreibende virtuelle Funktionsrückgabetyp unterscheidet sich und ist keine "covariant" von "WorldPackets::Packet::Write" [I:\TrinityCore\_integ-12_1_all\build\src\server\game\game.vcxproj]
  (Quelldatei „../../../../src/server/game/Handlers/CharacterHandler.cpp“ wird kompiliert)
      I:\TrinityCore\_integ-12_1_all\src\server\game\Server\Packet.h(35,36):
      Siehe Deklaration von "WorldPackets::Packet::Write"
  
  GroupHandler.cpp
  boss_svala.cpp
  boss_ymiron.cpp
  instance_utgarde_pinnacle.cpp
  GuildHandler.cpp
  utgarde_pinnacle.cpp
  boss_archavon.cpp
  HotfixHandler.cpp
  HousingHandler.cpp
  boss_emalon.cpp
  InspectHandler.cpp
  boss_koralon.cpp
  boss_toravon.cpp
  InstanceHandler.cpp
  instance_vault_of_archavon.cpp
  ItemHandler.cpp
C:\libs\boost_1_89_0-bin-msvc-all-32-64\boost_1_89_0\boost\type_traits\is_reference.hpp(24,16): error C2039: "is_lvalue_reference" ist kein Member von "boost". [I:\TrinityCore\_integ-12_1_all\build\src\server\game\game.vcxproj]
  (Quelldatei „../../../../src/server/game/Handlers/CharacterHandler.cpp“ wird kompiliert)
      C:\libs\boost_1_89_0-bin-msvc-all-32-64\boost_1_89_0\boost\dynamic_bitset_fwd.hpp(17,11):
      Siehe Deklaration von "boost"
      C:\libs\boost_1_89_0-bin-msvc-all-32-64\boost_1_89_0\boost\type_traits\is_reference.hpp(24,16):
      der Vorlageninstanziierungskontext (der älteste zuerst) ist
          C:\libs\boost_1_89_0-bin-msvc-all-32-64\boost_1_89_0\boost\type_traits\is_reference.hpp(20,27):
          beim Kompilieren der Klassenvorlage "WorldPackets::boost::is_reference"
  
C:\libs\boost_1_89_0-bin-msvc-all-32-64\boost_1_89_0\boost\type_traits\is_reference.hpp(24,46): error C2143: Syntaxfehler: Es fehlt "," vor "||" [I:\TrinityCore\_integ-12_1_all\build\src\server\game\game.vcxproj]
  (Quelldatei „../../../../src/server/game/Handlers/CharacterHandler.cpp“ wird kompiliert)
  
C:\libs\boost_1_89_0-bin-msvc-all-32-64\boost_1_89_0\boost\type_traits\is_reference.hpp(24,58): error C2039: "is_rvalue_reference" ist kein Member von "boost". [I:\TrinityCore\_integ-12_1_all\build\src\server\game\game.vcxproj]
  (Quelldatei „../../../../src/server/game/Handlers/CharacterHandler.cpp“ wird kompiliert)
      C:\libs\boost_1_89_0-bin-msvc-all-32-64\boost_1_89_0\boost\dynamic_bitset_fwd.hpp(17,11):
      Siehe Deklaration von "boost"
  
C:\libs\boost_1_89_0-bin-msvc-all-32-64\boost_1_89_0\boost\type_traits\is_reference.hpp(24,82): error C2039: "value" ist kein Member von "`global namespace'". [I:\TrinityCore\_integ-12_1_all\build\src\server\game\game.vcxproj]
  (Quelldatei „../../../../src/server/game/Handlers/CharacterHandler.cpp“ wird kompiliert)
  
  boss_cyanigosa.cpp
  boss_erekem.cpp
  boss_ichoron.cpp
C:\libs\boost_1_89_0-bin-msvc-all-32-64\boost_1_89_0\boost\type_traits\is_complete.hpp(54,49): error C2039: "is_function" ist kein Member von "boost". [I:\TrinityCore\_integ-12_1_all\build\src\server\game\game.vcxproj]
  (Quelldatei „../../../../src/server/game/Handlers/CharacterHandler.cpp“ wird kompiliert)
      C:\libs\boost_1_89_0-bin-msvc-all-32-64\boost_1_89_0\boost\dynamic_bitset_fwd.hpp(17,11):
      Siehe Deklaration von "boost"
      C:\libs\boost_1_89_0-bin-msvc-all-32-64\boost_1_89_0\boost\type_traits\is_complete.hpp(54,49):
      der Vorlageninstanziierungskontext (der älteste zuerst) ist
          C:\libs\boost_1_89_0-bin-msvc-all-32-64\boost_1_89_0\boost\type_traits\is_complete.hpp(53,30):
          beim Kompilieren der Klassenvorlage "WorldPackets::boost::is_complete"
  
C:\libs\boost_1_89_0-bin-msvc-all-32-64\boost_1_89_0\boost\type_traits\is_complete.hpp(54,61): error C2226: Syntaxfehler: Typ "WorldPackets::boost::remove_reference<T>::type" nicht erwartet [I:\TrinityCore\_integ-12_1_all\build\src\server\game\game.vcxproj]
  (Quelldatei „../../../../src/server/game/Handlers/CharacterHandler.cpp“ wird kompiliert)
  
C:\libs\boost_1_89_0-bin-msvc-all-32-64\boost_1_89_0\boost\type_traits\is_complete.hpp(54,105): error C2039: "value" ist kein Member von "`global namespace'". [I:\TrinityCore\_integ-12_1_all\build\src\server\game\game.vcxproj]
  (Quelldatei „../../../../src/server/game/Handlers/CharacterHandler.cpp“ wird kompiliert)
  
C:\libs\boost_1_89_0-bin-msvc-all-32-64\boost_1_89_0\boost\type_traits\is_complete.hpp(54,16): error C3770: "<error type>": ist keine gültige Basisklasse [I:\TrinityCore\_integ-12_1_all\build\src\server\game\game.vcxproj]
  (Quelldatei „../../../../src/server/game/Handlers/CharacterHandler.cpp“ wird kompiliert)
  
C:\libs\boost_1_89_0-bin-msvc-all-32-64\boost_1_89_0\boost\type_traits\is_complete.hpp(54,105): error C2146: Syntaxfehler: Fehlendes "," vor Bezeichner "value" [I:\TrinityCore\_integ-12_1_all\build\src\server\game\game.vcxproj]
  (Quelldatei „../../../../src/server/game/Handlers/CharacterHandler.cpp“ wird kompiliert)
  
C:\libs\boost_1_89_0-bin-msvc-all-32-64\boost_1_89_0\boost\type_traits\is_complete.hpp(54,111): error C2143: Syntaxfehler: Es fehlt "," vor "||" [I:\TrinityCore\_integ-12_1_all\build\src\server\game\game.vcxproj]
  (Quelldatei „../../../../src/server/game/Handlers/CharacterHandler.cpp“ wird kompiliert)
  
  boss_lavanthor.cpp
  boss_moragg.cpp
  boss_xevozz.cpp
  boss_zuramat.cpp
  LFGHandler.cpp
  LFGListHandler.cpp
  instance_violet_hold.cpp
  violet_hold.cpp
  northrend_script_loader.cpp
  zone_borean_tundra.cpp
C:\libs\boost_1_89_0-bin-msvc-all-32-64\boost_1_89_0\boost\assert\source_location.hpp(85,10): error C2039: "string" ist kein Member von "WorldPackets::std". [I:\TrinityCore\_integ-12_1_all\build\src\server\game\game.vcxproj]
  (Quelldatei „../../../../src/server/game/Handlers/CharacterHandler.cpp“ wird kompiliert)
      C:\Program Files\Microsoft Visual Studio\2022\Enterprise\VC\Tools\MSVC\14.44.35207\include\source_location(27,1):
      Siehe Deklaration von "WorldPackets::std"
  
C:\libs\boost_1_89_0-bin-msvc-all-32-64\boost_1_89_0\boost\assert\source_location.hpp(85,17): error C3646: "to_string": Unbekannter Überschreibungsspezifizierer [I:\TrinityCore\_integ-12_1_all\build\src\server\game\game.vcxproj]
  (Quelldatei „../../../../src/server/game/Handlers/CharacterHandler.cpp“ wird kompiliert)
  
C:\libs\boost_1_89_0-bin-msvc-all-32-64\boost_1_89_0\boost\assert\source_location.hpp(85,26): error C2059: Syntaxfehler: "(" [I:\TrinityCore\_integ-12_1_all\build\src\server\game\game.vcxproj]
  (Quelldatei „../../../../src/server/game/Handlers/CharacterHandler.cpp“ wird kompiliert)
  
  zone_dalaran.cpp
  LiveRegionHandler.cpp
  zone_dragonblight.cpp
C:\libs\boost_1_89_0-bin-msvc-all-32-64\boost_1_89_0\boost\assert\source_location.hpp(86,5): error C2334: Unerwartete(s) Token vor "{"; sichtbarer Funktionstext wird übersprungen [I:\TrinityCore\_integ-12_1_all\build\src\server\game\game.vcxproj]
  (Quelldatei „../../../../src/server/game/Handlers/CharacterHandler.cpp“ wird kompiliert)
  
C:\libs\boost_1_89_0-bin-msvc-all-32-64\boost_1_89_0\boost\assert\source_location.hpp(129,21): error C2039: "strcmp" ist kein Member von "WorldPackets::std". [I:\TrinityCore\_integ-12_1_all\build\src\server\game\game.vcxproj]
  (Quelldatei „../../../../src/server/game/Handlers/CharacterHandler.cpp“ wird kompiliert)
      C:\Program Files\Microsoft Visual Studio\2022\Enterprise\VC\Tools\MSVC\14.44.35207\include\source_location(27,1):
      Siehe Deklaration von "WorldPackets::std"
  
C:\libs\boost_1_89_0-bin-msvc-all-32-64\boost_1_89_0\boost\assert\source_location.hpp(129,63): error C2039: "strcmp" ist kein Member von "WorldPackets::std". [I:\TrinityCore\_integ-12_1_all\build\src\server\game\game.vcxproj]
  (Quelldatei „../../../../src/server/game/Handlers/CharacterHandler.cpp“ wird kompiliert)
      C:\Program Files\Microsoft Visual Studio\2022\Enterprise\VC\Tools\MSVC\14.44.35207\include\source_location(27,1):
      Siehe Deklaration von "WorldPackets::std"
  
  zone_grizzly_hills.cpp
C:\libs\boost_1_89_0-bin-msvc-all-32-64\boost_1_89_0\boost\assert\source_location.hpp(140,33): error C2039: "basic_ostream" ist kein Member von "WorldPackets::std". [I:\TrinityCore\_integ-12_1_all\build\src\server\game\game.vcxproj]
  (Quelldatei „../../../../src/server/game/Handlers/CharacterHandler.cpp“ wird kompiliert)
      C:\Program Files\Microsoft Visual Studio\2022\Enterprise\VC\Tools\MSVC\14.44.35207\include\source_location(27,1):
      Siehe Deklaration von "WorldPackets::std"
  
C:\libs\boost_1_89_0-bin-msvc-all-32-64\boost_1_89_0\boost\assert\source_location.hpp(140,33): error C7568: Nach der angenommenen Funktionsvorlage "basic_ostream" fehlt die Argumentliste. [I:\TrinityCore\_integ-12_1_all\build\src\server\game\game.vcxproj]
  (Quelldatei „../../../../src/server/game/Handlers/CharacterHandler.cpp“ wird kompiliert)
  
C:\libs\boost_1_89_0-bin-msvc-all-32-64\boost_1_89_0\boost\assert\source_location.hpp(140,33): error C2062: "<error type>"-Typ unerwartet [I:\TrinityCore\_integ-12_1_all\build\src\server\game\game.vcxproj]
  (Quelldatei „../../../../src/server/game/Handlers/CharacterHandler.cpp“ wird kompiliert)
  
C:\libs\boost_1_89_0-bin-msvc-all-32-64\boost_1_89_0\boost\assert\source_location.hpp(140,72): error C2039: "basic_ostream" ist kein Member von "WorldPackets::std". [I:\TrinityCore\_integ-12_1_all\build\src\server\game\game.vcxproj]
  (Quelldatei „../../../../src/server/game/Handlers/CharacterHandler.cpp“ wird kompiliert)
      C:\Program Files\Microsoft Visual Studio\2022\Enterprise\VC\Tools\MSVC\14.44.35207\include\source_location(27,1):
      Siehe Deklaration von "WorldPackets::std"
  
C:\libs\boost_1_89_0-bin-msvc-all-32-64\boost_1_89_0\boost\assert\source_location.hpp(141,1): error C2143: Syntaxfehler: Es fehlt ";" vor "{" [I:\TrinityCore\_integ-12_1_all\build\src\server\game\game.vcxproj]
  (Quelldatei „../../../../src/server/game/Handlers/CharacterHandler.cpp“ wird kompiliert)
  
C:\libs\boost_1_89_0-bin-msvc-all-32-64\boost_1_89_0\boost\assert\source_location.hpp(141,1): error C2447: "{": Funktionsheader fehlt - Parameterliste im alten Stil? [I:\TrinityCore\_integ-12_1_all\build\src\server\game\game.vcxproj]
  (Quelldatei „../../../../src/server/game/Handlers/CharacterHandler.cpp“ wird kompiliert)
  
C:\libs\boost_1_89_0-bin-msvc-all-32-64\boost_1_89_0\boost\exception\exception.hpp(121,35): error C2059: Syntaxfehler: ":" [I:\TrinityCore\_integ-12_1_all\build\src\server\game\game.vcxproj]
  (Quelldatei „../../../../src/server/game/Handlers/CharacterHandler.cpp“ wird kompiliert)
  
C:\libs\boost_1_89_0-bin-msvc-all-32-64\boost_1_89_0\boost\exception\exception.hpp(135,35): error C2059: Syntaxfehler: ":" [I:\TrinityCore\_integ-12_1_all\build\src\server\game\game.vcxproj]
  (Quelldatei „../../../../src/server/game/Handlers/CharacterHandler.cpp“ wird kompiliert)
  
C:\libs\boost_1_89_0-bin-msvc-all-32-64\boost_1_89_0\boost\exception\exception.hpp(149,35): error C2059: Syntaxfehler: ":" [I:\TrinityCore\_integ-12_1_all\build\src\server\game\game.vcxproj]
  (Quelldatei „../../../../src/server/game/Handlers/CharacterHandler.cpp“ wird kompiliert)
  
C:\libs\boost_1_89_0-bin-msvc-all-32-64\boost_1_89_0\boost\exception\exception.hpp(163,35): error C2059: Syntaxfehler: ":" [I:\TrinityCore\_integ-12_1_all\build\src\server\game\game.vcxproj]
  (Quelldatei „../../../../src/server/game/Handlers/CharacterHandler.cpp“ wird kompiliert)
  
C:\libs\boost_1_89_0-bin-msvc-all-32-64\boost_1_89_0\boost\exception\exception.hpp(163,35): error C1003: Mehr als 100 Fehler gefunden; Kompilierung wird abgebrochen. [I:\TrinityCore\_integ-12_1_all\build\src\server\game\game.vcxproj]
  (Quelldatei „../../../../src/server/game/Handlers/CharacterHandler.cpp“ wird kompiliert)
  
  zone_howling_fjord.cpp
  zone_icecrown.cpp
  zone_sholazar_basin.cpp
  zone_storm_peaks.cpp
  zone_wintergrasp.cpp
  zone_zuldrak.cpp
  LobbyMatchmakerHandler.cpp
  OutdoorPvPHP.cpp
  OutdoorPvPNA.cpp
  LootHandler.cpp
  OutdoorPvPSI.cpp
  OutdoorPvPScriptLoader.cpp
  OutdoorPvPTF.cpp
  OutdoorPvPZM.cpp
  boss_exarch_maladaar.cpp
  boss_shirrak_the_dead_watcher.cpp
  instance_auchenai_crypts.cpp
  MailHandler.cpp
  boss_nexusprince_shaffar.cpp
  boss_pandemonius.cpp
  instance_mana_tombs.cpp
  mana_tombs.cpp
  boss_anzu.cpp
  MiscHandler.cpp
  MovementHandler.cpp
  boss_darkweaver_syth.cpp
  boss_talon_king_ikiss.cpp
  instance_sethekk_halls.cpp
  boss_ambassador_hellmaw.cpp
  boss_blackheart_the_inciter.cpp
  boss_grandmaster_vorpil.cpp
  boss_murmur.cpp
  NPCHandler.cpp
  NeighborhoodHandler.cpp
  instance_shadow_labyrinth.cpp
  shadow_labyrinth.cpp
  PerksProgramHandler.cpp
  PetHandler.cpp
  PetitionsHandler.cpp
I:\TrinityCore\_integ-12_1_all\src\server\game\Server\Packets\CharacterPackets.h(1011,1): error C2059: Syntaxfehler: "}" [I:\TrinityCore\_integ-12_1_all\build\src\server\game\game.vcxproj]
  (Quelldatei „../../../../src/server/game/Handlers/InspectHandler.cpp“ wird kompiliert)
  
I:\TrinityCore\_integ-12_1_all\src\server\game\Server\Packets\CharacterPackets.h(1011,1): error C2143: Syntaxfehler: Es fehlt ";" vor "}" [I:\TrinityCore\_integ-12_1_all\build\src\server\game\game.vcxproj]
  (Quelldatei „../../../../src/server/game/Handlers/InspectHandler.cpp“ wird kompiliert)
  
  QueryHandler.cpp
I:\TrinityCore\_integ-12_1_all\src\server\game\Server\Packets\CharacterPackets.h(1011,1): error C2059: Syntaxfehler: "}" [I:\TrinityCore\_integ-12_1_all\build\src\server\game\game.vcxproj]
  (Quelldatei „../../../../src/server/game/Handlers/LobbyMatchmakerHandler.cpp“ wird kompiliert)
  
I:\TrinityCore\_integ-12_1_all\src\server\game\Server\Packets\CharacterPackets.h(1011,1): error C2143: Syntaxfehler: Es fehlt ";" vor "}" [I:\TrinityCore\_integ-12_1_all\build\src\server\game\game.vcxproj]
  (Quelldatei „../../../../src/server/game/Handlers/LobbyMatchmakerHandler.cpp“ wird kompiliert)
  
  black_temple.cpp
  boss_gurtogg_bloodboil.cpp
  boss_illidan.cpp
  boss_illidari_council.cpp
  boss_mother_shahraz.cpp
I:\TrinityCore\_integ-12_1_all\src\server\game\Server\Packets\InspectPackets.h(31,7): error C2365: "WorldPackets::Item": Erneute Definition; vorherige Definition war "Namespace". [I:\TrinityCore\_integ-12_1_all\build\src\server\game\game.vcxproj]
  (Quelldatei „../../../../src/server/game/Handlers/InspectHandler.cpp“ wird kompiliert)
      I:\TrinityCore\_integ-12_1_all\src\server\game\Entities\Item\Item.h(34,15):
      Siehe Deklaration von "WorldPackets::Item"
  
I:\TrinityCore\_integ-12_1_all\src\server\game\Server\Packets\InspectPackets.h(69,19): error C2027: Verwendung des undefinierten Typs "WorldPackets::Item" [I:\TrinityCore\_integ-12_1_all\build\src\server\game\game.vcxproj]
  (Quelldatei „../../../../src/server/game/Handlers/InspectHandler.cpp“ wird kompiliert)
      I:\TrinityCore\_integ-12_1_all\src\server\game\Server\Packets\InspectPackets.h(31,7):
      Siehe Deklaration von "WorldPackets::Item"
  
I:\TrinityCore\_integ-12_1_all\src\server\game\Server\Packets\InspectPackets.h(69,32): error C3646: "Item": Unbekannter Überschreibungsspezifizierer [I:\TrinityCore\_integ-12_1_all\build\src\server\game\game.vcxproj]
  (Quelldatei „../../../../src/server/game/Handlers/InspectHandler.cpp“ wird kompiliert)
  
I:\TrinityCore\_integ-12_1_all\src\server\game\Server\Packets\InspectPackets.h(69,19): error C4430: Fehlender Typspezifizierer - int wird angenommen. Hinweis: "default-int" wird von C++ nicht unterstützt. [I:\TrinityCore\_integ-12_1_all\build\src\server\game\game.vcxproj]
  (Quelldatei „../../../../src/server/game/Handlers/InspectHandler.cpp“ wird kompiliert)
  
I:\TrinityCore\_integ-12_1_all\src\server\game\Server\Packets\InspectPackets.h(73,31): error C2027: Verwendung des undefinierten Typs "WorldPackets::Item" [I:\TrinityCore\_integ-12_1_all\build\src\server\game\game.vcxproj]
  (Quelldatei „../../../../src/server/game/Handlers/InspectHandler.cpp“ wird kompiliert)
      I:\TrinityCore\_integ-12_1_all\src\server\game\Server\Packets\InspectPackets.h(31,7):
      Siehe Deklaration von "WorldPackets::Item"
  
I:\TrinityCore\_integ-12_1_all\src\server\game\Server\Packets\InspectPackets.h(73,31): error C2065: "ItemGemData": nichtdeklarierter Bezeichner [I:\TrinityCore\_integ-12_1_all\build\src\server\game\game.vcxproj]
  (Quelldatei „../../../../src/server/game/Handlers/InspectHandler.cpp“ wird kompiliert)
  
I:\TrinityCore\_integ-12_1_all\src\server\game\Server\Packets\InspectPackets.h(73,18): error C2923: „std::vector“: „ItemGemData“ ist kein gültiges Vorlage-Typargument für Parameter „_Ty“. [I:\TrinityCore\_integ-12_1_all\build\src\server\game\game.vcxproj]
  (Quelldatei „../../../../src/server/game/Handlers/InspectHandler.cpp“ wird kompiliert)
      I:\TrinityCore\_integ-12_1_all\src\server\game\Server\Packets\InspectPackets.h(73,31):
      Siehe Deklaration von "ItemGemData"
  
I:\TrinityCore\_integ-12_1_all\src\server\game\Server\Packets\InspectPackets.h(73,18): error C2976: „std::vector“: Nicht genügend Vorlage-Argumente [I:\TrinityCore\_integ-12_1_all\build\src\server\game\game.vcxproj]
  (Quelldatei „../../../../src/server/game/Handlers/InspectHandler.cpp“ wird kompiliert)
      C:\Program Files\Microsoft Visual Studio\2022\Enterprise\VC\Tools\MSVC\14.44.35207\include\vector(442,7):
      Siehe Deklaration von "std::vector"
  
I:\TrinityCore\_integ-12_1_all\src\server\game\Server\Packets\InspectPackets.h(73,44): error C2955: "std::vector" : Für die Verwendung von Klasse Vorlage ist eine Vorlage-Argumentliste erforderlich [I:\TrinityCore\_integ-12_1_all\build\src\server\game\game.vcxproj]
  (Quelldatei „../../../../src/server/game/Handlers/InspectHandler.cpp“ wird kompiliert)
      C:\Program Files\Microsoft Visual Studio\2022\Enterprise\VC\Tools\MSVC\14.44.35207\include\vector(442,7):
      Siehe Deklaration von "std::vector"
  
I:\TrinityCore\_integ-12_1_all\src\server\game\Handlers\InspectHandler.cpp(29,20): error C2511: "void WorldSession::HandleInspectOpcode(WorldPackets::WorldPackets::Inspect::Inspect &)": Überladene Memberfunktion nicht in "WorldSession" gefunden [I:\TrinityCore\_integ-12_1_all\build\src\server\game\game.vcxproj]
  (Quelldatei „../../../../src/server/game/Handlers/InspectHandler.cpp“ wird kompiliert)
      I:\TrinityCore\_integ-12_1_all\src\server\game\Server\WorldSession.h(1625,19):
      Siehe Deklaration von "WorldSession"
  
I:\TrinityCore\_integ-12_1_all\src\server\game\Handlers\InspectHandler.cpp(29,20): error C2888: "void WorldSession::HandleInspectOpcode(WorldPackets::WorldPackets::Inspect::Inspect &)": Symbol kann nicht im Namespace "WorldPackets" definiert werden [I:\TrinityCore\_integ-12_1_all\build\src\server\game\game.vcxproj]
  (Quelldatei „../../../../src/server/game/Handlers/InspectHandler.cpp“ wird kompiliert)
  
I:\TrinityCore\_integ-12_1_all\src\server\game\Handlers\InspectHandler.cpp(31,49): error C2597: Ungültiger Verweis auf nicht-statischen Member "WorldSession::_player" [I:\TrinityCore\_integ-12_1_all\build\src\server\game\game.vcxproj]
  (Quelldatei „../../../../src/server/game/Handlers/InspectHandler.cpp“ wird kompiliert)
      I:\TrinityCore\_integ-12_1_all\src\server\game\Server\WorldSession.h(3408,17):
      Siehe Deklaration von "WorldSession::_player"
  
I:\TrinityCore\_integ-12_1_all\src\server\game\Handlers\InspectHandler.cpp(40,10): error C2352: "WorldSession::GetPlayer": Ein Aufruf einer nicht statischen Memberfunktion erfordert ein Objekt [I:\TrinityCore\_integ-12_1_all\build\src\server\game\game.vcxproj]
  (Quelldatei „../../../../src/server/game/Handlers/InspectHandler.cpp“ wird kompiliert)
      I:\TrinityCore\_integ-12_1_all\src\server\game\Server\WorldSession.h(1719,17):
      Siehe Deklaration von "WorldSession::GetPlayer"
  
I:\TrinityCore\_integ-12_1_all\src\server\game\Handlers\InspectHandler.cpp(43,9): error C2352: "WorldSession::GetPlayer": Ein Aufruf einer nicht statischen Memberfunktion erfordert ein Objekt [I:\TrinityCore\_integ-12_1_all\build\src\server\game\game.vcxproj]
  (Quelldatei „../../../../src/server/game/Handlers/InspectHandler.cpp“ wird kompiliert)
      I:\TrinityCore\_integ-12_1_all\src\server\game\Server\WorldSession.h(1719,17):
      Siehe Deklaration von "WorldSession::GetPlayer"
  
I:\TrinityCore\_integ-12_1_all\src\server\game\Handlers\InspectHandler.cpp(49,9): error C2352: "WorldSession::GetPlayer": Ein Aufruf einer nicht statischen Memberfunktion erfordert ein Objekt [I:\TrinityCore\_integ-12_1_all\build\src\server\game\game.vcxproj]
  (Quelldatei „../../../../src/server/game/Handlers/InspectHandler.cpp“ wird kompiliert)
      I:\TrinityCore\_integ-12_1_all\src\server\game\Server\WorldSession.h(1719,17):
      Siehe Deklaration von "WorldSession::GetPlayer"
  
I:\TrinityCore\_integ-12_1_all\src\server\game\Handlers\InspectHandler.cpp(49,94): error C2352: "WorldSession::GetPlayer": Ein Aufruf einer nicht statischen Memberfunktion erfordert ein Objekt [I:\TrinityCore\_integ-12_1_all\build\src\server\game\game.vcxproj]
  (Quelldatei „../../../../src/server/game/Handlers/InspectHandler.cpp“ wird kompiliert)
      I:\TrinityCore\_integ-12_1_all\src\server\game\Server\WorldSession.h(1719,17):
      Siehe Deklaration von "WorldSession::GetPlayer"
  
I:\TrinityCore\_integ-12_1_all\src\server\game\Handlers\InspectHandler.cpp(49,129): error C2027: Verwendung des undefinierten Typs "WorldPackets::Player" [I:\TrinityCore\_integ-12_1_all\build\src\server\game\game.vcxproj]
  (Quelldatei „../../../../src/server/game/Handlers/InspectHandler.cpp“ wird kompiliert)
      I:\TrinityCore\_integ-12_1_all\src\server\game\Server\Packets\InspectPackets.h(32,7):
      Siehe Deklaration von "WorldPackets::Player"
  
I:\TrinityCore\_integ-12_1_all\src\server\game\Handlers\InspectHandler.cpp(51,42): error C2027: Verwendung des undefinierten Typs "WorldPackets::Player" [I:\TrinityCore\_integ-12_1_all\build\src\server\game\game.vcxproj]
  (Quelldatei „../../../../src/server/game/Handlers/InspectHandler.cpp“ wird kompiliert)
      I:\TrinityCore\_integ-12_1_all\src\server\game\Server\Packets\InspectPackets.h(32,7):
      Siehe Deklaration von "WorldPackets::Player"
  
I:\TrinityCore\_integ-12_1_all\src\server\game\Handlers\InspectHandler.cpp(51,63): error C2027: Verwendung des undefinierten Typs "WorldPackets::Player" [I:\TrinityCore\_integ-12_1_all\build\src\server\game\game.vcxproj]
  (Quelldatei „../../../../src/server/game/Handlers/InspectHandler.cpp“ wird kompiliert)
      I:\TrinityCore\_integ-12_1_all\src\server\game\Server\Packets\InspectPackets.h(32,7):
      Siehe Deklaration von "WorldPackets::Player"
  
I:\TrinityCore\_integ-12_1_all\src\server\game\Handlers\InspectHandler.cpp(56,48): error C2027: Verwendung des undefinierten Typs "WorldPackets::Player" [I:\TrinityCore\_integ-12_1_all\build\src\server\game\game.vcxproj]
  (Quelldatei „../../../../src/server/game/Handlers/InspectHandler.cpp“ wird kompiliert)
      I:\TrinityCore\_integ-12_1_all\src\server\game\Server\Packets\InspectPackets.h(32,7):
      Siehe Deklaration von "WorldPackets::Player"
  
I:\TrinityCore\_integ-12_1_all\src\server\game\Handlers\InspectHandler.cpp(56,72): error C2027: Verwendung des undefinierten Typs "WorldPackets::Player" [I:\TrinityCore\_integ-12_1_all\build\src\server\game\game.vcxproj]
  (Quelldatei „../../../../src/server/game/Handlers/InspectHandler.cpp“ wird kompiliert)
      I:\TrinityCore\_integ-12_1_all\src\server\game\Server\Packets\InspectPackets.h(32,7):
      Siehe Deklaration von "WorldPackets::Player"
  
I:\TrinityCore\_integ-12_1_all\src\server\game\Handlers\InspectHandler.cpp(56,46): error C2530: "pvpTalents": Verweise müssen initialisiert werden [I:\TrinityCore\_integ-12_1_all\build\src\server\game\game.vcxproj]
  (Quelldatei „../../../../src/server/game/Handlers/InspectHandler.cpp“ wird kompiliert)
  
I:\TrinityCore\_integ-12_1_all\src\server\game\Handlers\InspectHandler.cpp(60,48): error C2027: Verwendung des undefinierten Typs "WorldPackets::Player" [I:\TrinityCore\_integ-12_1_all\build\src\server\game\game.vcxproj]
  (Quelldatei „../../../../src/server/game/Handlers/InspectHandler.cpp“ wird kompiliert)
      I:\TrinityCore\_integ-12_1_all\src\server\game\Server\Packets\InspectPackets.h(32,7):
      Siehe Deklaration von "WorldPackets::Player"
  
I:\TrinityCore\_integ-12_1_all\src\server\game\Handlers\InspectHandler.cpp(61,60): error C2027: Verwendung des undefinierten Typs "WorldPackets::Player" [I:\TrinityCore\_integ-12_1_all\build\src\server\game\game.vcxproj]
  (Quelldatei „../../../../src/server/game/Handlers/InspectHandler.cpp“ wird kompiliert)
      I:\TrinityCore\_integ-12_1_all\src\server\game\Server\Packets\InspectPackets.h(32,7):
      Siehe Deklaration von "WorldPackets::Player"
  
I:\TrinityCore\_integ-12_1_all\src\server\game\Handlers\InspectHandler.cpp(61,43): error C2672: "AsUnderlyingType": keine übereinstimmende überladene Funktion gefunden [I:\TrinityCore\_integ-12_1_all\build\src\server\game\game.vcxproj]
  (Quelldatei „../../../../src/server/game/Handlers/InspectHandler.cpp“ wird kompiliert)
      I:\TrinityCore\_integ-12_1_all\src\common\Utilities\Util.h(565,50):
      kann "std::underlying_type<_Ty>::type AsUnderlyingType(E)" sein
  
I:\TrinityCore\_integ-12_1_all\src\server\game\Handlers\InspectHandler.cpp(62,50): error C2027: Verwendung des undefinierten Typs "WorldPackets::Player" [I:\TrinityCore\_integ-12_1_all\build\src\server\game\game.vcxproj]
  (Quelldatei „../../../../src/server/game/Handlers/InspectHandler.cpp“ wird kompiliert)
      I:\TrinityCore\_integ-12_1_all\src\server\game\Server\Packets\InspectPackets.h(32,7):
      Siehe Deklaration von "WorldPackets::Player"
  
I:\TrinityCore\_integ-12_1_all\src\server\game\Handlers\InspectHandler.cpp(62,73): error C2027: Verwendung des undefinierten Typs "WorldPackets::Player" [I:\TrinityCore\_integ-12_1_all\build\src\server\game\game.vcxproj]
  (Quelldatei „../../../../src/server/game/Handlers/InspectHandler.cpp“ wird kompiliert)
      I:\TrinityCore\_integ-12_1_all\src\server\game\Server\Packets\InspectPackets.h(32,7):
      Siehe Deklaration von "WorldPackets::Player"
  
I:\TrinityCore\_integ-12_1_all\src\server\game\Handlers\InspectHandler.cpp(66,9): error C2882: "Guild": Unzulässige Verwendung eines Namespace-Bezeichners in einem Ausdruck [I:\TrinityCore\_integ-12_1_all\build\src\server\game\game.vcxproj]
  (Quelldatei „../../../../src/server/game/Handlers/InspectHandler.cpp“ wird kompiliert)
  
I:\TrinityCore\_integ-12_1_all\src\server\game\Handlers\InspectHandler.cpp(66,16): error C2065: "guild": nichtdeklarierter Bezeichner [I:\TrinityCore\_integ-12_1_all\build\src\server\game\game.vcxproj]
  (Quelldatei „../../../../src/server/game/Handlers/InspectHandler.cpp“ wird kompiliert)
  
I:\TrinityCore\_integ-12_1_all\src\server\game\Handlers\InspectHandler.cpp(66,48): error C2027: Verwendung des undefinierten Typs "WorldPackets::Player" [I:\TrinityCore\_integ-12_1_all\build\src\server\game\game.vcxproj]
  (Quelldatei „../../../../src/server/game/Handlers/InspectHandler.cpp“ wird kompiliert)
      I:\TrinityCore\_integ-12_1_all\src\server\game\Server\Packets\InspectPackets.h(32,7):
      Siehe Deklaration von "WorldPackets::Player"
  
I:\TrinityCore\_integ-12_1_all\src\server\game\Handlers\InspectHandler.cpp(69,46): error C2065: "guild": nichtdeklarierter Bezeichner [I:\TrinityCore\_integ-12_1_all\build\src\server\game\game.vcxproj]
  (Quelldatei „../../../../src/server/game/Handlers/InspectHandler.cpp“ wird kompiliert)
  
I:\TrinityCore\_integ-12_1_all\src\server\game\Handlers\InspectHandler.cpp(70,52): error C2065: "guild": nichtdeklarierter Bezeichner [I:\TrinityCore\_integ-12_1_all\build\src\server\game\game.vcxproj]
  (Quelldatei „../../../../src/server/game/Handlers/InspectHandler.cpp“ wird kompiliert)
  
I:\TrinityCore\_integ-12_1_all\src\server\game\Handlers\InspectHandler.cpp(71,54): error C2065: "guild": nichtdeklarierter Bezeichner [I:\TrinityCore\_integ-12_1_all\build\src\server\game\game.vcxproj]
  (Quelldatei „../../../../src/server/game/Handlers/InspectHandler.cpp“ wird kompiliert)
  
I:\TrinityCore\_integ-12_1_all\src\server\game\Handlers\InspectHandler.cpp(74,38): error C2027: Verwendung des undefinierten Typs "WorldPackets::Player" [I:\TrinityCore\_integ-12_1_all\build\src\server\game\game.vcxproj]
  (Quelldatei „../../../../src/server/game/Handlers/InspectHandler.cpp“ wird kompiliert)
      I:\TrinityCore\_integ-12_1_all\src\server\game\Server\Packets\InspectPackets.h(32,7):
      Siehe Deklaration von "WorldPackets::Player"
  
I:\TrinityCore\_integ-12_1_all\src\server\game\Handlers\InspectHandler.cpp(75,46): error C2027: Verwendung des undefinierten Typs "WorldPackets::Item" [I:\TrinityCore\_integ-12_1_all\build\src\server\game\game.vcxproj]
  (Quelldatei „../../../../src/server/game/Handlers/InspectHandler.cpp“ wird kompiliert)
      I:\TrinityCore\_integ-12_1_all\src\server\game\Server\Packets\InspectPackets.h(31,7):
      Siehe Deklaration von "WorldPackets::Item"
  
I:\TrinityCore\_integ-12_1_all\src\server\game\Handlers\InspectHandler.cpp(78,37): error C2027: Verwendung des undefinierten Typs "WorldPackets::Player" [I:\TrinityCore\_integ-12_1_all\build\src\server\game\game.vcxproj]
  (Quelldatei „../../../../src/server/game/Handlers/InspectHandler.cpp“ wird kompiliert)
      I:\TrinityCore\_integ-12_1_all\src\server\game\Server\Packets\InspectPackets.h(32,7):
      Siehe Deklaration von "WorldPackets::Player"
  
I:\TrinityCore\_integ-12_1_all\src\server\game\Handlers\LobbyMatchmakerHandler.cpp(88,20): error C2511: "void WorldSession::HandleLobbyMatchmakerPartyInvite(WorldPackets::WorldPackets::LobbyMatchmaker::LobbyMatchmakerPartyInvite &)": Überladene Memberfunktion nicht in "WorldSession" gefunden [I:\TrinityCore\_integ-12_1_all\build\src\server\game\game.vcxproj]
  (Quelldatei „../../../../src/server/game/Handlers/LobbyMatchmakerHandler.cpp“ wird kompiliert)
      I:\TrinityCore\_integ-12_1_all\src\server\game\Server\WorldSession.h(1625,19):
      Siehe Deklaration von "WorldSession"
  
I:\TrinityCore\_integ-12_1_all\src\server\game\Handlers\LobbyMatchmakerHandler.cpp(88,20): error C2888: "void WorldSession::HandleLobbyMatchmakerPartyInvite(WorldPackets::WorldPackets::LobbyMatchmaker::LobbyMatchmakerPartyInvite &)": Symbol kann nicht im Namespace "WorldPackets" definiert werden [I:\TrinityCore\_integ-12_1_all\build\src\server\game\game.vcxproj]
  (Quelldatei „../../../../src/server/game/Handlers/LobbyMatchmakerHandler.cpp“ wird kompiliert)
  
I:\TrinityCore\_integ-12_1_all\src\server\game\Handlers\InspectHandler.cpp(79,37): error C2027: Verwendung des undefinierten Typs "WorldPackets::Player" [I:\TrinityCore\_integ-12_1_all\build\src\server\game\game.vcxproj]
  (Quelldatei „../../../../src/server/game/Handlers/InspectHandler.cpp“ wird kompiliert)
      I:\TrinityCore\_integ-12_1_all\src\server\game\Server\Packets\InspectPackets.h(32,7):
      Siehe Deklaration von "WorldPackets::Player"
  
I:\TrinityCore\_integ-12_1_all\src\server\game\Handlers\InspectHandler.cpp(80,29): error C2027: Verwendung des undefinierten Typs "WorldPackets::Player" [I:\TrinityCore\_integ-12_1_all\build\src\server\game\game.vcxproj]
  (Quelldatei „../../../../src/server/game/Handlers/InspectHandler.cpp“ wird kompiliert)
      I:\TrinityCore\_integ-12_1_all\src\server\game\Server\Packets\InspectPackets.h(32,7):
      Siehe Deklaration von "WorldPackets::Player"
  
I:\TrinityCore\_integ-12_1_all\src\server\game\Handlers\InspectHandler.cpp(81,33): error C2027: Verwendung des undefinierten Typs "WorldPackets::Player" [I:\TrinityCore\_integ-12_1_all\build\src\server\game\game.vcxproj]
  (Quelldatei „../../../../src/server/game/Handlers/InspectHandler.cpp“ wird kompiliert)
      I:\TrinityCore\_integ-12_1_all\src\server\game\Server\Packets\InspectPackets.h(32,7):
      Siehe Deklaration von "WorldPackets::Player"
  
I:\TrinityCore\_integ-12_1_all\src\server\game\Handlers\LobbyMatchmakerHandler.cpp(90,5): error C2352: "WorldSession::GetPlayerInfo": Ein Aufruf einer nicht statischen Memberfunktion erfordert ein Objekt [I:\TrinityCore\_integ-12_1_all\build\src\server\game\game.vcxproj]
  (Quelldatei „../../../../src/server/game/Handlers/LobbyMatchmakerHandler.cpp“ wird kompiliert)
      I:\TrinityCore\_integ-12_1_all\src\server\game\Server\WorldSession.h(1721,21):
      Siehe Deklaration von "WorldSession::GetPlayerInfo"
  
I:\TrinityCore\_integ-12_1_all\src\server\game\Handlers\InspectHandler.cpp(82,32): error C2027: Verwendung des undefinierten Typs "WorldPackets::Player" [I:\TrinityCore\_integ-12_1_all\build\src\server\game\game.vcxproj]
  (Quelldatei „../../../../src/server/game/Handlers/InspectHandler.cpp“ wird kompiliert)
      I:\TrinityCore\_integ-12_1_all\src\server\game\Server\Packets\InspectPackets.h(32,7):
      Siehe Deklaration von "WorldPackets::Player"
  
I:\TrinityCore\_integ-12_1_all\src\server\game\Handlers\InspectHandler.cpp(83,32): error C2027: Verwendung des undefinierten Typs "WorldPackets::Player" [I:\TrinityCore\_integ-12_1_all\build\src\server\game\game.vcxproj]
  (Quelldatei „../../../../src/server/game/Handlers/InspectHandler.cpp“ wird kompiliert)
      I:\TrinityCore\_integ-12_1_all\src\server\game\Server\Packets\InspectPackets.h(32,7):
      Siehe Deklaration von "WorldPackets::Player"
  
I:\TrinityCore\_integ-12_1_all\src\server\game\Handlers\InspectHandler.cpp(85,5): error C2352: "WorldSession::SendPacket": Ein Aufruf einer nicht statischen Memberfunktion erfordert ein Objekt [I:\TrinityCore\_integ-12_1_all\build\src\server\game\game.vcxproj]
  (Quelldatei „../../../../src/server/game/Handlers/InspectHandler.cpp“ wird kompiliert)
      I:\TrinityCore\_integ-12_1_all\src\server\game\Server\WorldSession.h(1641,14):
      Siehe Deklaration von "WorldSession::SendPacket"
  
I:\TrinityCore\_integ-12_1_all\src\server\game\Handlers\InspectHandler.cpp(88,20): error C2511: "void WorldSession::HandleQueryInspectAchievements(WorldPackets::WorldPackets::Inspect::QueryInspectAchievements &)": Überladene Memberfunktion nicht in "WorldSession" gefunden [I:\TrinityCore\_integ-12_1_all\build\src\server\game\game.vcxproj]
  (Quelldatei „../../../../src/server/game/Handlers/InspectHandler.cpp“ wird kompiliert)
      I:\TrinityCore\_integ-12_1_all\src\server\game\Server\WorldSession.h(1625,19):
      Siehe Deklaration von "WorldSession"
  
I:\TrinityCore\_integ-12_1_all\src\server\game\Handlers\InspectHandler.cpp(88,20): error C2888: "void WorldSession::HandleQueryInspectAchievements(WorldPackets::WorldPackets::Inspect::QueryInspectAchievements &)": Symbol kann nicht im Namespace "WorldPackets" definiert werden [I:\TrinityCore\_integ-12_1_all\build\src\server\game\game.vcxproj]
  (Quelldatei „../../../../src/server/game/Handlers/InspectHandler.cpp“ wird kompiliert)
  
I:\TrinityCore\_integ-12_1_all\src\server\game\Handlers\InspectHandler.cpp(90,49): error C2597: Ungültiger Verweis auf nicht-statischen Member "WorldSession::_player" [I:\TrinityCore\_integ-12_1_all\build\src\server\game\game.vcxproj]
  (Quelldatei „../../../../src/server/game/Handlers/InspectHandler.cpp“ wird kompiliert)
      I:\TrinityCore\_integ-12_1_all\src\server\game\Server\WorldSession.h(3408,17):
      Siehe Deklaration von "WorldSession::_player"
  
I:\TrinityCore\_integ-12_1_all\src\server\game\Handlers\InspectHandler.cpp(93,9): error C2352: "WorldSession::GetPlayer": Ein Aufruf einer nicht statischen Memberfunktion erfordert ein Objekt [I:\TrinityCore\_integ-12_1_all\build\src\server\game\game.vcxproj]
  (Quelldatei „../../../../src/server/game/Handlers/InspectHandler.cpp“ wird kompiliert)
      I:\TrinityCore\_integ-12_1_all\src\server\game\Server\WorldSession.h(1719,17):
      Siehe Deklaration von "WorldSession::GetPlayer"
  
  QuestHandler.cpp
I:\TrinityCore\_integ-12_1_all\src\server\game\Handlers\InspectHandler.cpp(93,9): error C7595: "fmt::v12::fstring<std::string>::fstring": Der Aufruf einer unmittelbaren Funktion ist kein konstanter Ausdruck. [I:\TrinityCore\_integ-12_1_all\build\src\server\game\game.vcxproj]
  (Quelldatei „../../../../src/server/game/Handlers/InspectHandler.cpp“ wird kompiliert)
      I:\TrinityCore\_integ-12_1_all\dep\fmt\include\fmt\base.h(2465,48):
      Fehler wurde durch den Aufruf einer nicht definierten Funktion oder eines nicht deklarierten "constexpr" verursacht
      I:\TrinityCore\_integ-12_1_all\dep\fmt\include\fmt\base.h(2465,48):
      siehe Verwendung von "fmt::v12::report_error"
      I:\TrinityCore\_integ-12_1_all\src\server\game\Handlers\InspectHandler.cpp(93,9):
      Die Aufrufliste der Auswertung (der älteste Aufruf zuerst) ist
          I:\TrinityCore\_integ-12_1_all\src\server\game\Handlers\InspectHandler.cpp(93,9):
          beim Auswerten der Funktion „fmt::v12::fstring<std::string>::fstring<Trinity::FormatStringView,0>(const S &)“
          with
          [
              S=Trinity::FormatStringView
          ]
          I:\TrinityCore\_integ-12_1_all\dep\fmt\include\fmt\base.h(2767,40):
          beim Auswerten der Funktion „void fmt::v12::detail::parse_format_string<char,fmt::v12::detail::format_string_checker<char,1,0,false>>(fmt::v12::basic_string_view<char>,Handler &&)“
          with
          [
              Handler=fmt::v12::detail::format_string_checker<char,1,0,false>
          ]
          I:\TrinityCore\_integ-12_1_all\dep\fmt\include\fmt\base.h(1660,42):
          beim Auswerten der Funktion „const Char *fmt::v12::detail::parse_replacement_field<Char,Handler&>(const Char *,const Char *,fmt::v12::detail::format_string_checker<Char,1,0,false>&)“
          with
          [
              Char=char,
              Handler=fmt::v12::detail::format_string_checker<char,1,0,false>
          ]
          I:\TrinityCore\_integ-12_1_all\dep\fmt\include\fmt\base.h(1617,51):
          beim Auswerten der Funktion „int fmt::v12::detail::format_string_checker<char,1,0,false>::on_arg_id(void)“
          I:\TrinityCore\_integ-12_1_all\dep\fmt\include\fmt\base.h(1727,70):
          beim Auswerten der Funktion „int fmt::v12::detail::compile_parse_context<Char>::next_arg_id(void)“
          with
          [
              Char=char
          ]
          I:\TrinityCore\_integ-12_1_all\dep\fmt\include\fmt\base.h(1266,31):
          beim Auswerten der Funktion „int fmt::v12::parse_context<char>::next_arg_id(void)“
          I:\TrinityCore\_integ-12_1_all\dep\fmt\include\fmt\base.h(893,20):
          beim Auswerten der Funktion „void fmt::v12::parse_context<char>::do_check_arg_id(int)“
          I:\TrinityCore\_integ-12_1_all\dep\fmt\include\fmt\base.h(2465,48):
          beim Auswerten der Funktion „void fmt::v12::report_error(const char *)“
  
I:\TrinityCore\_integ-12_1_all\src\server\game\Handlers\InspectHandler.cpp(97,5): error C2352: "WorldSession::GetPlayer": Ein Aufruf einer nicht statischen Memberfunktion erfordert ein Objekt [I:\TrinityCore\_integ-12_1_all\build\src\server\game\game.vcxproj]
  (Quelldatei „../../../../src/server/game/Handlers/InspectHandler.cpp“ wird kompiliert)
      I:\TrinityCore\_integ-12_1_all\src\server\game\Server\WorldSession.h(1719,17):
      Siehe Deklaration von "WorldSession::GetPlayer"
  
I:\TrinityCore\_integ-12_1_all\src\server\game\Handlers\InspectHandler.cpp(97,5): error C7595: "fmt::v12::fstring<std::string>::fstring": Der Aufruf einer unmittelbaren Funktion ist kein konstanter Ausdruck. [I:\TrinityCore\_integ-12_1_all\build\src\server\game\game.vcxproj]
  (Quelldatei „../../../../src/server/game/Handlers/InspectHandler.cpp“ wird kompiliert)
      I:\TrinityCore\_integ-12_1_all\dep\fmt\include\fmt\base.h(2465,48):
      Fehler wurde durch den Aufruf einer nicht definierten Funktion oder eines nicht deklarierten "constexpr" verursacht
      I:\TrinityCore\_integ-12_1_all\dep\fmt\include\fmt\base.h(2465,48):
      siehe Verwendung von "fmt::v12::report_error"
      I:\TrinityCore\_integ-12_1_all\src\server\game\Handlers\InspectHandler.cpp(97,5):
      Die Aufrufliste der Auswertung (der älteste Aufruf zuerst) ist
          I:\TrinityCore\_integ-12_1_all\src\server\game\Handlers\InspectHandler.cpp(97,5):
          beim Auswerten der Funktion „fmt::v12::fstring<std::string>::fstring<Trinity::FormatStringView,0>(const S &)“
          with
          [
              S=Trinity::FormatStringView
          ]
          I:\TrinityCore\_integ-12_1_all\dep\fmt\include\fmt\base.h(2767,40):
          beim Auswerten der Funktion „void fmt::v12::detail::parse_format_string<char,fmt::v12::detail::format_string_checker<char,1,0,false>>(fmt::v12::basic_string_view<char>,Handler &&)“
          with
          [
              Handler=fmt::v12::detail::format_string_checker<char,1,0,false>
          ]
          I:\TrinityCore\_integ-12_1_all\dep\fmt\include\fmt\base.h(1660,42):
          beim Auswerten der Funktion „const Char *fmt::v12::detail::parse_replacement_field<Char,Handler&>(const Char *,const Char *,fmt::v12::detail::format_string_checker<Char,1,0,false>&)“
          with
          [
              Char=char,
              Handler=fmt::v12::detail::format_string_checker<char,1,0,false>
          ]
          I:\TrinityCore\_integ-12_1_all\dep\fmt\include\fmt\base.h(1617,51):
          beim Auswerten der Funktion „int fmt::v12::detail::format_string_checker<char,1,0,false>::on_arg_id(void)“
          I:\TrinityCore\_integ-12_1_all\dep\fmt\include\fmt\base.h(1727,70):
          beim Auswerten der Funktion „int fmt::v12::detail::compile_parse_context<Char>::next_arg_id(void)“
          with
          [
              Char=char
          ]
          I:\TrinityCore\_integ-12_1_all\dep\fmt\include\fmt\base.h(1266,31):
          beim Auswerten der Funktion „int fmt::v12::parse_context<char>::next_arg_id(void)“
          I:\TrinityCore\_integ-12_1_all\dep\fmt\include\fmt\base.h(893,20):
          beim Auswerten der Funktion „void fmt::v12::parse_context<char>::do_check_arg_id(int)“
          I:\TrinityCore\_integ-12_1_all\dep\fmt\include\fmt\base.h(2465,48):
          beim Auswerten der Funktion „void fmt::v12::report_error(const char *)“
  
I:\TrinityCore\_integ-12_1_all\src\server\game\Handlers\InspectHandler.cpp(99,10): error C2352: "WorldSession::GetPlayer": Ein Aufruf einer nicht statischen Memberfunktion erfordert ein Objekt [I:\TrinityCore\_integ-12_1_all\build\src\server\game\game.vcxproj]
  (Quelldatei „../../../../src/server/game/Handlers/InspectHandler.cpp“ wird kompiliert)
      I:\TrinityCore\_integ-12_1_all\src\server\game\Server\WorldSession.h(1719,17):
      Siehe Deklaration von "WorldSession::GetPlayer"
  
I:\TrinityCore\_integ-12_1_all\src\server\game\Handlers\InspectHandler.cpp(102,9): error C2352: "WorldSession::GetPlayer": Ein Aufruf einer nicht statischen Memberfunktion erfordert ein Objekt [I:\TrinityCore\_integ-12_1_all\build\src\server\game\game.vcxproj]
  (Quelldatei „../../../../src/server/game/Handlers/InspectHandler.cpp“ wird kompiliert)
      I:\TrinityCore\_integ-12_1_all\src\server\game\Server\WorldSession.h(1719,17):
      Siehe Deklaration von "WorldSession::GetPlayer"
  
I:\TrinityCore\_integ-12_1_all\src\server\game\Handlers\InspectHandler.cpp(105,5): error C2027: Verwendung des undefinierten Typs "WorldPackets::Player" [I:\TrinityCore\_integ-12_1_all\build\src\server\game\game.vcxproj]
  (Quelldatei „../../../../src/server/game/Handlers/InspectHandler.cpp“ wird kompiliert)
      I:\TrinityCore\_integ-12_1_all\src\server\game\Server\Packets\InspectPackets.h(32,7):
      Siehe Deklaration von "WorldPackets::Player"
  
I:\TrinityCore\_integ-12_1_all\src\server\game\Handlers\InspectHandler.cpp(105,44): error C2352: "WorldSession::GetPlayer": Ein Aufruf einer nicht statischen Memberfunktion erfordert ein Objekt [I:\TrinityCore\_integ-12_1_all\build\src\server\game\game.vcxproj]
  (Quelldatei „../../../../src/server/game/Handlers/InspectHandler.cpp“ wird kompiliert)
      I:\TrinityCore\_integ-12_1_all\src\server\game\Server\WorldSession.h(1719,17):
      Siehe Deklaration von "WorldSession::GetPlayer"
  
I:\TrinityCore\_integ-12_1_all\src\server\game\Server\Packets\CharacterPackets.h(44,1): error C1075: {: kein übereinstimmendes Token gefunden. [I:\TrinityCore\_integ-12_1_all\build\src\server\game\game.vcxproj]
  (Quelldatei „../../../../src/server/game/Handlers/InspectHandler.cpp“ wird kompiliert)
  
  RecentAllyHandler.cpp
  ReferAFriendHandler.cpp
  boss_reliquary_of_souls.cpp
  ScenarioHandler.cpp
  boss_shade_of_akama.cpp
  boss_supremus.cpp
  boss_teron_gorefiend.cpp
  boss_warlord_najentus.cpp
  instance_black_temple.cpp
I:\TrinityCore\_integ-12_1_all\src\server\game\Handlers\LobbyMatchmakerHandler.cpp(90,5): error C7595: "fmt::v12::fstring<std::string>::fstring": Der Aufruf einer unmittelbaren Funktion ist kein konstanter Ausdruck. [I:\TrinityCore\_integ-12_1_all\build\src\server\game\game.vcxproj]
  (Quelldatei „../../../../src/server/game/Handlers/LobbyMatchmakerHandler.cpp“ wird kompiliert)
      I:\TrinityCore\_integ-12_1_all\dep\fmt\include\fmt\base.h(2465,48):
      Fehler wurde durch den Aufruf einer nicht definierten Funktion oder eines nicht deklarierten "constexpr" verursacht
      I:\TrinityCore\_integ-12_1_all\dep\fmt\include\fmt\base.h(2465,48):
      siehe Verwendung von "fmt::v12::report_error"
      I:\TrinityCore\_integ-12_1_all\src\server\game\Handlers\LobbyMatchmakerHandler.cpp(90,5):
      Die Aufrufliste der Auswertung (der älteste Aufruf zuerst) ist
          I:\TrinityCore\_integ-12_1_all\src\server\game\Handlers\LobbyMatchmakerHandler.cpp(90,5):
          beim Auswerten der Funktion „fmt::v12::fstring<std::string>::fstring<Trinity::FormatStringView,0>(const S &)“
          with
          [
              S=Trinity::FormatStringView
          ]
          I:\TrinityCore\_integ-12_1_all\dep\fmt\include\fmt\base.h(2767,40):
          beim Auswerten der Funktion „void fmt::v12::detail::parse_format_string<char,fmt::v12::detail::format_string_checker<char,1,0,false>>(fmt::v12::basic_string_view<char>,Handler &&)“
          with
          [
              Handler=fmt::v12::detail::format_string_checker<char,1,0,false>
          ]
          I:\TrinityCore\_integ-12_1_all\dep\fmt\include\fmt\base.h(1660,42):
          beim Auswerten der Funktion „const Char *fmt::v12::detail::parse_replacement_field<Char,Handler&>(const Char *,const Char *,fmt::v12::detail::format_string_checker<Char,1,0,false>&)“
          with
          [
              Char=char,
              Handler=fmt::v12::detail::format_string_checker<char,1,0,false>
          ]
          I:\TrinityCore\_integ-12_1_all\dep\fmt\include\fmt\base.h(1617,51):
          beim Auswerten der Funktion „int fmt::v12::detail::format_string_checker<char,1,0,false>::on_arg_id(void)“
          I:\TrinityCore\_integ-12_1_all\dep\fmt\include\fmt\base.h(1727,70):
          beim Auswerten der Funktion „int fmt::v12::detail::compile_parse_context<Char>::next_arg_id(void)“
          with
          [
              Char=char
          ]
          I:\TrinityCore\_integ-12_1_all\dep\fmt\include\fmt\base.h(1266,31):
          beim Auswerten der Funktion „int fmt::v12::parse_context<char>::next_arg_id(void)“
          I:\TrinityCore\_integ-12_1_all\dep\fmt\include\fmt\base.h(893,20):
          beim Auswerten der Funktion „void fmt::v12::parse_context<char>::do_check_arg_id(int)“
          I:\TrinityCore\_integ-12_1_all\dep\fmt\include\fmt\base.h(2465,48):
          beim Auswerten der Funktion „void fmt::v12::report_error(const char *)“
  
I:\TrinityCore\_integ-12_1_all\src\server\game\Handlers\LobbyMatchmakerHandler.cpp(93,20): error C2671: "WorldSession::HandleLobbyMatchmakerPartyInvite": Statische Memberfunktionen haben keinen this-Zeiger [I:\TrinityCore\_integ-12_1_all\build\src\server\game\game.vcxproj]
  (Quelldatei „../../../../src/server/game/Handlers/LobbyMatchmakerHandler.cpp“ wird kompiliert)
  
I:\TrinityCore\_integ-12_1_all\src\server\game\Handlers\LobbyMatchmakerHandler.cpp(97,20): error C2511: "void WorldSession::HandleLobbyMatchmakerAcceptPartyInvite(WorldPackets::WorldPackets::LobbyMatchmaker::LobbyMatchmakerAcceptPartyInvite &)": Überladene Memberfunktion nicht in "WorldSession" gefunden [I:\TrinityCore\_integ-12_1_all\build\src\server\game\game.vcxproj]
  (Quelldatei „../../../../src/server/game/Handlers/LobbyMatchmakerHandler.cpp“ wird kompiliert)
      I:\TrinityCore\_integ-12_1_all\src\server\game\Server\WorldSession.h(1625,19):
      Siehe Deklaration von "WorldSession"
  
I:\TrinityCore\_integ-12_1_all\src\server\game\Handlers\LobbyMatchmakerHandler.cpp(97,20): error C2888: "void WorldSession::HandleLobbyMatchmakerAcceptPartyInvite(WorldPackets::WorldPackets::LobbyMatchmaker::LobbyMatchmakerAcceptPartyInvite &)": Symbol kann nicht im Namespace "WorldPackets" definiert werden [I:\TrinityCore\_integ-12_1_all\build\src\server\game\game.vcxproj]
  (Quelldatei „../../../../src/server/game/Handlers/LobbyMatchmakerHandler.cpp“ wird kompiliert)
  
I:\TrinityCore\_integ-12_1_all\src\server\game\Handlers\LobbyMatchmakerHandler.cpp(99,5): error C2352: "WorldSession::GetPlayerInfo": Ein Aufruf einer nicht statischen Memberfunktion erfordert ein Objekt [I:\TrinityCore\_integ-12_1_all\build\src\server\game\game.vcxproj]
  (Quelldatei „../../../../src/server/game/Handlers/LobbyMatchmakerHandler.cpp“ wird kompiliert)
      I:\TrinityCore\_integ-12_1_all\src\server\game\Server\WorldSession.h(1721,21):
      Siehe Deklaration von "WorldSession::GetPlayerInfo"
  
I:\TrinityCore\_integ-12_1_all\src\server\game\Handlers\LobbyMatchmakerHandler.cpp(99,5): error C7595: "fmt::v12::fstring<std::string>::fstring": Der Aufruf einer unmittelbaren Funktion ist kein konstanter Ausdruck. [I:\TrinityCore\_integ-12_1_all\build\src\server\game\game.vcxproj]
  (Quelldatei „../../../../src/server/game/Handlers/LobbyMatchmakerHandler.cpp“ wird kompiliert)
      I:\TrinityCore\_integ-12_1_all\dep\fmt\include\fmt\base.h(2465,48):
      Fehler wurde durch den Aufruf einer nicht definierten Funktion oder eines nicht deklarierten "constexpr" verursacht
      I:\TrinityCore\_integ-12_1_all\dep\fmt\include\fmt\base.h(2465,48):
      siehe Verwendung von "fmt::v12::report_error"
      I:\TrinityCore\_integ-12_1_all\src\server\game\Handlers\LobbyMatchmakerHandler.cpp(99,5):
      Die Aufrufliste der Auswertung (der älteste Aufruf zuerst) ist
          I:\TrinityCore\_integ-12_1_all\src\server\game\Handlers\LobbyMatchmakerHandler.cpp(99,5):
          beim Auswerten der Funktion „fmt::v12::fstring<std::string>::fstring<Trinity::FormatStringView,0>(const S &)“
          with
          [
              S=Trinity::FormatStringView
          ]
          I:\TrinityCore\_integ-12_1_all\dep\fmt\include\fmt\base.h(2767,40):
          beim Auswerten der Funktion „void fmt::v12::detail::parse_format_string<char,fmt::v12::detail::format_string_checker<char,1,0,false>>(fmt::v12::basic_string_view<char>,Handler &&)“
          with
          [
              Handler=fmt::v12::detail::format_string_checker<char,1,0,false>
          ]
          I:\TrinityCore\_integ-12_1_all\dep\fmt\include\fmt\base.h(1660,42):
          beim Auswerten der Funktion „const Char *fmt::v12::detail::parse_replacement_field<Char,Handler&>(const Char *,const Char *,fmt::v12::detail::format_string_checker<Char,1,0,false>&)“
          with
          [
              Char=char,
              Handler=fmt::v12::detail::format_string_checker<char,1,0,false>
          ]
          I:\TrinityCore\_integ-12_1_all\dep\fmt\include\fmt\base.h(1617,51):
          beim Auswerten der Funktion „int fmt::v12::detail::format_string_checker<char,1,0,false>::on_arg_id(void)“
          I:\TrinityCore\_integ-12_1_all\dep\fmt\include\fmt\base.h(1727,70):
          beim Auswerten der Funktion „int fmt::v12::detail::compile_parse_context<Char>::next_arg_id(void)“
          with
          [
              Char=char
          ]
          I:\TrinityCore\_integ-12_1_all\dep\fmt\include\fmt\base.h(1266,31):
          beim Auswerten der Funktion „int fmt::v12::parse_context<char>::next_arg_id(void)“
          I:\TrinityCore\_integ-12_1_all\dep\fmt\include\fmt\base.h(893,20):
          beim Auswerten der Funktion „void fmt::v12::parse_context<char>::do_check_arg_id(int)“
          I:\TrinityCore\_integ-12_1_all\dep\fmt\include\fmt\base.h(2465,48):
          beim Auswerten der Funktion „void fmt::v12::report_error(const char *)“
  
I:\TrinityCore\_integ-12_1_all\src\server\game\Handlers\LobbyMatchmakerHandler.cpp(102,20): error C2671: "WorldSession::HandleLobbyMatchmakerAcceptPartyInvite": Statische Memberfunktionen haben keinen this-Zeiger [I:\TrinityCore\_integ-12_1_all\build\src\server\game\game.vcxproj]
  (Quelldatei „../../../../src/server/game/Handlers/LobbyMatchmakerHandler.cpp“ wird kompiliert)
  
I:\TrinityCore\_integ-12_1_all\src\server\game\Handlers\LobbyMatchmakerHandler.cpp(107,20): error C2511: "void WorldSession::HandleLobbyMatchmakerRejectPartyInvite(WorldPackets::WorldPackets::LobbyMatchmaker::LobbyMatchmakerRejectPartyInvite &)": Überladene Memberfunktion nicht in "WorldSession" gefunden [I:\TrinityCore\_integ-12_1_all\build\src\server\game\game.vcxproj]
  (Quelldatei „../../../../src/server/game/Handlers/LobbyMatchmakerHandler.cpp“ wird kompiliert)
      I:\TrinityCore\_integ-12_1_all\src\server\game\Server\WorldSession.h(1625,19):
      Siehe Deklaration von "WorldSession"
  
I:\TrinityCore\_integ-12_1_all\src\server\game\Handlers\LobbyMatchmakerHandler.cpp(107,20): error C2888: "void WorldSession::HandleLobbyMatchmakerRejectPartyInvite(WorldPackets::WorldPackets::LobbyMatchmaker::LobbyMatchmakerRejectPartyInvite &)": Symbol kann nicht im Namespace "WorldPackets" definiert werden [I:\TrinityCore\_integ-12_1_all\build\src\server\game\game.vcxproj]
  (Quelldatei „../../../../src/server/game/Handlers/LobbyMatchmakerHandler.cpp“ wird kompiliert)
  
I:\TrinityCore\_integ-12_1_all\src\server\game\Handlers\LobbyMatchmakerHandler.cpp(109,5): error C2352: "WorldSession::GetPlayerInfo": Ein Aufruf einer nicht statischen Memberfunktion erfordert ein Objekt [I:\TrinityCore\_integ-12_1_all\build\src\server\game\game.vcxproj]
  (Quelldatei „../../../../src/server/game/Handlers/LobbyMatchmakerHandler.cpp“ wird kompiliert)
      I:\TrinityCore\_integ-12_1_all\src\server\game\Server\WorldSession.h(1721,21):
      Siehe Deklaration von "WorldSession::GetPlayerInfo"
  
I:\TrinityCore\_integ-12_1_all\src\server\game\Handlers\LobbyMatchmakerHandler.cpp(109,5): error C7595: "fmt::v12::fstring<std::string>::fstring": Der Aufruf einer unmittelbaren Funktion ist kein konstanter Ausdruck. [I:\TrinityCore\_integ-12_1_all\build\src\server\game\game.vcxproj]
  (Quelldatei „../../../../src/server/game/Handlers/LobbyMatchmakerHandler.cpp“ wird kompiliert)
      I:\TrinityCore\_integ-12_1_all\dep\fmt\include\fmt\base.h(2465,48):
      Fehler wurde durch den Aufruf einer nicht definierten Funktion oder eines nicht deklarierten "constexpr" verursacht
      I:\TrinityCore\_integ-12_1_all\dep\fmt\include\fmt\base.h(2465,48):
      siehe Verwendung von "fmt::v12::report_error"
      I:\TrinityCore\_integ-12_1_all\src\server\game\Handlers\LobbyMatchmakerHandler.cpp(109,5):
      Die Aufrufliste der Auswertung (der älteste Aufruf zuerst) ist
          I:\TrinityCore\_integ-12_1_all\src\server\game\Handlers\LobbyMatchmakerHandler.cpp(109,5):
          beim Auswerten der Funktion „fmt::v12::fstring<std::string>::fstring<Trinity::FormatStringView,0>(const S &)“
          with
          [
              S=Trinity::FormatStringView
          ]
          I:\TrinityCore\_integ-12_1_all\dep\fmt\include\fmt\base.h(2767,40):
          beim Auswerten der Funktion „void fmt::v12::detail::parse_format_string<char,fmt::v12::detail::format_string_checker<char,1,0,false>>(fmt::v12::basic_string_view<char>,Handler &&)“
          with
          [
              Handler=fmt::v12::detail::format_string_checker<char,1,0,false>
          ]
          I:\TrinityCore\_integ-12_1_all\dep\fmt\include\fmt\base.h(1660,42):
          beim Auswerten der Funktion „const Char *fmt::v12::detail::parse_replacement_field<Char,Handler&>(const Char *,const Char *,fmt::v12::detail::format_string_checker<Char,1,0,false>&)“
          with
          [
              Char=char,
              Handler=fmt::v12::detail::format_string_checker<char,1,0,false>
          ]
          I:\TrinityCore\_integ-12_1_all\dep\fmt\include\fmt\base.h(1617,51):
          beim Auswerten der Funktion „int fmt::v12::detail::format_string_checker<char,1,0,false>::on_arg_id(void)“
          I:\TrinityCore\_integ-12_1_all\dep\fmt\include\fmt\base.h(1727,70):
          beim Auswerten der Funktion „int fmt::v12::detail::compile_parse_context<Char>::next_arg_id(void)“
          with
          [
              Char=char
          ]
          I:\TrinityCore\_integ-12_1_all\dep\fmt\include\fmt\base.h(1266,31):
          beim Auswerten der Funktion „int fmt::v12::parse_context<char>::next_arg_id(void)“
          I:\TrinityCore\_integ-12_1_all\dep\fmt\include\fmt\base.h(893,20):
          beim Auswerten der Funktion „void fmt::v12::parse_context<char>::do_check_arg_id(int)“
          I:\TrinityCore\_integ-12_1_all\dep\fmt\include\fmt\base.h(2465,48):
          beim Auswerten der Funktion „void fmt::v12::report_error(const char *)“
  
I:\TrinityCore\_integ-12_1_all\src\server\game\Handlers\LobbyMatchmakerHandler.cpp(115,20): error C2671: "WorldSession::HandleLobbyMatchmakerRejectPartyInvite": Statische Memberfunktionen haben keinen this-Zeiger [I:\TrinityCore\_integ-12_1_all\build\src\server\game\game.vcxproj]
  (Quelldatei „../../../../src/server/game/Handlers/LobbyMatchmakerHandler.cpp“ wird kompiliert)
  
I:\TrinityCore\_integ-12_1_all\src\server\game\Handlers\LobbyMatchmakerHandler.cpp(119,20): error C2511: "void WorldSession::HandleLobbyMatchmakerPartyUninvite(WorldPackets::WorldPackets::LobbyMatchmaker::LobbyMatchmakerPartyUninvite &)": Überladene Memberfunktion nicht in "WorldSession" gefunden [I:\TrinityCore\_integ-12_1_all\build\src\server\game\game.vcxproj]
  (Quelldatei „../../../../src/server/game/Handlers/LobbyMatchmakerHandler.cpp“ wird kompiliert)
      I:\TrinityCore\_integ-12_1_all\src\server\game\Server\WorldSession.h(1625,19):
      Siehe Deklaration von "WorldSession"
  
I:\TrinityCore\_integ-12_1_all\src\server\game\Handlers\LobbyMatchmakerHandler.cpp(119,20): error C2888: "void WorldSession::HandleLobbyMatchmakerPartyUninvite(WorldPackets::WorldPackets::LobbyMatchmaker::LobbyMatchmakerPartyUninvite &)": Symbol kann nicht im Namespace "WorldPackets" definiert werden [I:\TrinityCore\_integ-12_1_all\build\src\server\game\game.vcxproj]
  (Quelldatei „../../../../src/server/game/Handlers/LobbyMatchmakerHandler.cpp“ wird kompiliert)
  
I:\TrinityCore\_integ-12_1_all\src\server\game\Handlers\LobbyMatchmakerHandler.cpp(121,5): error C2352: "WorldSession::GetPlayerInfo": Ein Aufruf einer nicht statischen Memberfunktion erfordert ein Objekt [I:\TrinityCore\_integ-12_1_all\build\src\server\game\game.vcxproj]
  (Quelldatei „../../../../src/server/game/Handlers/LobbyMatchmakerHandler.cpp“ wird kompiliert)
      I:\TrinityCore\_integ-12_1_all\src\server\game\Server\WorldSession.h(1721,21):
      Siehe Deklaration von "WorldSession::GetPlayerInfo"
  
I:\TrinityCore\_integ-12_1_all\src\server\game\Handlers\LobbyMatchmakerHandler.cpp(121,5): error C7595: "fmt::v12::fstring<std::string>::fstring": Der Aufruf einer unmittelbaren Funktion ist kein konstanter Ausdruck. [I:\TrinityCore\_integ-12_1_all\build\src\server\game\game.vcxproj]
  (Quelldatei „../../../../src/server/game/Handlers/LobbyMatchmakerHandler.cpp“ wird kompiliert)
      I:\TrinityCore\_integ-12_1_all\dep\fmt\include\fmt\base.h(2465,48):
      Fehler wurde durch den Aufruf einer nicht definierten Funktion oder eines nicht deklarierten "constexpr" verursacht
      I:\TrinityCore\_integ-12_1_all\dep\fmt\include\fmt\base.h(2465,48):
      siehe Verwendung von "fmt::v12::report_error"
      I:\TrinityCore\_integ-12_1_all\src\server\game\Handlers\LobbyMatchmakerHandler.cpp(121,5):
      Die Aufrufliste der Auswertung (der älteste Aufruf zuerst) ist
          I:\TrinityCore\_integ-12_1_all\src\server\game\Handlers\LobbyMatchmakerHandler.cpp(121,5):
          beim Auswerten der Funktion „fmt::v12::fstring<std::string>::fstring<Trinity::FormatStringView,0>(const S &)“
          with
          [
              S=Trinity::FormatStringView
          ]
          I:\TrinityCore\_integ-12_1_all\dep\fmt\include\fmt\base.h(2767,40):
          beim Auswerten der Funktion „void fmt::v12::detail::parse_format_string<char,fmt::v12::detail::format_string_checker<char,1,0,false>>(fmt::v12::basic_string_view<char>,Handler &&)“
          with
          [
              Handler=fmt::v12::detail::format_string_checker<char,1,0,false>
          ]
          I:\TrinityCore\_integ-12_1_all\dep\fmt\include\fmt\base.h(1660,42):
          beim Auswerten der Funktion „const Char *fmt::v12::detail::parse_replacement_field<Char,Handler&>(const Char *,const Char *,fmt::v12::detail::format_string_checker<Char,1,0,false>&)“
          with
          [
              Char=char,
              Handler=fmt::v12::detail::format_string_checker<char,1,0,false>
          ]
          I:\TrinityCore\_integ-12_1_all\dep\fmt\include\fmt\base.h(1617,51):
          beim Auswerten der Funktion „int fmt::v12::detail::format_string_checker<char,1,0,false>::on_arg_id(void)“
          I:\TrinityCore\_integ-12_1_all\dep\fmt\include\fmt\base.h(1727,70):
          beim Auswerten der Funktion „int fmt::v12::detail::compile_parse_context<Char>::next_arg_id(void)“
          with
          [
              Char=char
          ]
          I:\TrinityCore\_integ-12_1_all\dep\fmt\include\fmt\base.h(1266,31):
          beim Auswerten der Funktion „int fmt::v12::parse_context<char>::next_arg_id(void)“
          I:\TrinityCore\_integ-12_1_all\dep\fmt\include\fmt\base.h(893,20):
          beim Auswerten der Funktion „void fmt::v12::parse_context<char>::do_check_arg_id(int)“
          I:\TrinityCore\_integ-12_1_all\dep\fmt\include\fmt\base.h(2465,48):
          beim Auswerten der Funktion „void fmt::v12::report_error(const char *)“
  
I:\TrinityCore\_integ-12_1_all\src\server\game\Handlers\LobbyMatchmakerHandler.cpp(124,20): error C2671: "WorldSession::HandleLobbyMatchmakerPartyUninvite": Statische Memberfunktionen haben keinen this-Zeiger [I:\TrinityCore\_integ-12_1_all\build\src\server\game\game.vcxproj]
  (Quelldatei „../../../../src/server/game/Handlers/LobbyMatchmakerHandler.cpp“ wird kompiliert)
  
I:\TrinityCore\_integ-12_1_all\src\server\game\Handlers\LobbyMatchmakerHandler.cpp(128,20): error C2511: "void WorldSession::HandleLobbyMatchmakerLeaveParty(WorldPackets::WorldPackets::LobbyMatchmaker::LobbyMatchmakerLeaveParty &)": Überladene Memberfunktion nicht in "WorldSession" gefunden [I:\TrinityCore\_integ-12_1_all\build\src\server\game\game.vcxproj]
  (Quelldatei „../../../../src/server/game/Handlers/LobbyMatchmakerHandler.cpp“ wird kompiliert)
      I:\TrinityCore\_integ-12_1_all\src\server\game\Server\WorldSession.h(1625,19):
      Siehe Deklaration von "WorldSession"
  
I:\TrinityCore\_integ-12_1_all\src\server\game\Handlers\LobbyMatchmakerHandler.cpp(128,20): error C2888: "void WorldSession::HandleLobbyMatchmakerLeaveParty(WorldPackets::WorldPackets::LobbyMatchmaker::LobbyMatchmakerLeaveParty &)": Symbol kann nicht im Namespace "WorldPackets" definiert werden [I:\TrinityCore\_integ-12_1_all\build\src\server\game\game.vcxproj]
  (Quelldatei „../../../../src/server/game/Handlers/LobbyMatchmakerHandler.cpp“ wird kompiliert)
  
I:\TrinityCore\_integ-12_1_all\src\server\game\Handlers\LobbyMatchmakerHandler.cpp(130,5): error C2352: "WorldSession::GetPlayerInfo": Ein Aufruf einer nicht statischen Memberfunktion erfordert ein Objekt [I:\TrinityCore\_integ-12_1_all\build\src\server\game\game.vcxproj]
  (Quelldatei „../../../../src/server/game/Handlers/LobbyMatchmakerHandler.cpp“ wird kompiliert)
      I:\TrinityCore\_integ-12_1_all\src\server\game\Server\WorldSession.h(1721,21):
      Siehe Deklaration von "WorldSession::GetPlayerInfo"
  
  boss_fathomlord_karathress.cpp
I:\TrinityCore\_integ-12_1_all\src\server\game\Handlers\LobbyMatchmakerHandler.cpp(130,5): error C7595: "fmt::v12::fstring<>::fstring": Der Aufruf einer unmittelbaren Funktion ist kein konstanter Ausdruck. [I:\TrinityCore\_integ-12_1_all\build\src\server\game\game.vcxproj]
  (Quelldatei „../../../../src/server/game/Handlers/LobbyMatchmakerHandler.cpp“ wird kompiliert)
      I:\TrinityCore\_integ-12_1_all\dep\fmt\include\fmt\base.h(2465,48):
      Fehler wurde durch den Aufruf einer nicht definierten Funktion oder eines nicht deklarierten "constexpr" verursacht
      I:\TrinityCore\_integ-12_1_all\dep\fmt\include\fmt\base.h(2465,48):
      siehe Verwendung von "fmt::v12::report_error"
      I:\TrinityCore\_integ-12_1_all\src\server\game\Handlers\LobbyMatchmakerHandler.cpp(130,5):
      Die Aufrufliste der Auswertung (der älteste Aufruf zuerst) ist
          I:\TrinityCore\_integ-12_1_all\src\server\game\Handlers\LobbyMatchmakerHandler.cpp(130,5):
          beim Auswerten der Funktion „fmt::v12::fstring<>::fstring<Trinity::FormatStringView,0>(const S &)“
          with
          [
              S=Trinity::FormatStringView
          ]
          I:\TrinityCore\_integ-12_1_all\dep\fmt\include\fmt\base.h(2767,40):
          beim Auswerten der Funktion „void fmt::v12::detail::parse_format_string<char,fmt::v12::detail::format_string_checker<char,0,0,false>>(fmt::v12::basic_string_view<char>,Handler &&)“
          with
          [
              Handler=fmt::v12::detail::format_string_checker<char,0,0,false>
          ]
          I:\TrinityCore\_integ-12_1_all\dep\fmt\include\fmt\base.h(1660,42):
          beim Auswerten der Funktion „const Char *fmt::v12::detail::parse_replacement_field<Char,Handler&>(const Char *,const Char *,fmt::v12::detail::format_string_checker<Char,0,0,false>&)“
          with
          [
              Char=char,
              Handler=fmt::v12::detail::format_string_checker<char,0,0,false>
          ]
          I:\TrinityCore\_integ-12_1_all\dep\fmt\include\fmt\base.h(1617,51):
          beim Auswerten der Funktion „int fmt::v12::detail::format_string_checker<char,0,0,false>::on_arg_id(void)“
          I:\TrinityCore\_integ-12_1_all\dep\fmt\include\fmt\base.h(1727,70):
          beim Auswerten der Funktion „int fmt::v12::detail::compile_parse_context<Char>::next_arg_id(void)“
          with
          [
              Char=char
          ]
          I:\TrinityCore\_integ-12_1_all\dep\fmt\include\fmt\base.h(1266,31):
          beim Auswerten der Funktion „int fmt::v12::parse_context<char>::next_arg_id(void)“
          I:\TrinityCore\_integ-12_1_all\dep\fmt\include\fmt\base.h(893,20):
          beim Auswerten der Funktion „void fmt::v12::parse_context<char>::do_check_arg_id(int)“
          I:\TrinityCore\_integ-12_1_all\dep\fmt\include\fmt\base.h(2465,48):
          beim Auswerten der Funktion „void fmt::v12::report_error(const char *)“
  
I:\TrinityCore\_integ-12_1_all\src\server\game\Handlers\LobbyMatchmakerHandler.cpp(135,20): error C2671: "WorldSession::HandleLobbyMatchmakerLeaveParty": Statische Memberfunktionen haben keinen this-Zeiger [I:\TrinityCore\_integ-12_1_all\build\src\server\game\game.vcxproj]
  (Quelldatei „../../../../src/server/game/Handlers/LobbyMatchmakerHandler.cpp“ wird kompiliert)
  
I:\TrinityCore\_integ-12_1_all\src\server\game\Handlers\LobbyMatchmakerHandler.cpp(140,20): error C2511: "void WorldSession::HandleLobbyMatchmakerSetPartyPlaylistEntry(WorldPackets::WorldPackets::LobbyMatchmaker::LobbyMatchmakerSetPartyPlaylistEntry &)": Überladene Memberfunktion nicht in "WorldSession" gefunden [I:\TrinityCore\_integ-12_1_all\build\src\server\game\game.vcxproj]
  (Quelldatei „../../../../src/server/game/Handlers/LobbyMatchmakerHandler.cpp“ wird kompiliert)
      I:\TrinityCore\_integ-12_1_all\src\server\game\Server\WorldSession.h(1625,19):
      Siehe Deklaration von "WorldSession"
  
I:\TrinityCore\_integ-12_1_all\src\server\game\Handlers\LobbyMatchmakerHandler.cpp(140,20): error C2888: "void WorldSession::HandleLobbyMatchmakerSetPartyPlaylistEntry(WorldPackets::WorldPackets::LobbyMatchmaker::LobbyMatchmakerSetPartyPlaylistEntry &)": Symbol kann nicht im Namespace "WorldPackets" definiert werden [I:\TrinityCore\_integ-12_1_all\build\src\server\game\game.vcxproj]
  (Quelldatei „../../../../src/server/game/Handlers/LobbyMatchmakerHandler.cpp“ wird kompiliert)
  
I:\TrinityCore\_integ-12_1_all\src\server\game\Handlers\LobbyMatchmakerHandler.cpp(142,5): error C2352: "WorldSession::GetPlayerInfo": Ein Aufruf einer nicht statischen Memberfunktion erfordert ein Objekt [I:\TrinityCore\_integ-12_1_all\build\src\server\game\game.vcxproj]
  (Quelldatei „../../../../src/server/game/Handlers/LobbyMatchmakerHandler.cpp“ wird kompiliert)
      I:\TrinityCore\_integ-12_1_all\src\server\game\Server\WorldSession.h(1721,21):
      Siehe Deklaration von "WorldSession::GetPlayerInfo"
  
I:\TrinityCore\_integ-12_1_all\src\server\game\Handlers\LobbyMatchmakerHandler.cpp(142,5): error C7595: "fmt::v12::fstring<uint32 &>::fstring": Der Aufruf einer unmittelbaren Funktion ist kein konstanter Ausdruck. [I:\TrinityCore\_integ-12_1_all\build\src\server\game\game.vcxproj]
  (Quelldatei „../../../../src/server/game/Handlers/LobbyMatchmakerHandler.cpp“ wird kompiliert)
      I:\TrinityCore\_integ-12_1_all\dep\fmt\include\fmt\base.h(2465,48):
      Fehler wurde durch den Aufruf einer nicht definierten Funktion oder eines nicht deklarierten "constexpr" verursacht
      I:\TrinityCore\_integ-12_1_all\dep\fmt\include\fmt\base.h(2465,48):
      siehe Verwendung von "fmt::v12::report_error"
      I:\TrinityCore\_integ-12_1_all\src\server\game\Handlers\LobbyMatchmakerHandler.cpp(142,5):
      Die Aufrufliste der Auswertung (der älteste Aufruf zuerst) ist
          I:\TrinityCore\_integ-12_1_all\src\server\game\Handlers\LobbyMatchmakerHandler.cpp(142,5):
          beim Auswerten der Funktion „fmt::v12::fstring<uint32 &>::fstring<Trinity::FormatStringView,0>(const S &)“
          with
          [
              S=Trinity::FormatStringView
          ]
          I:\TrinityCore\_integ-12_1_all\dep\fmt\include\fmt\base.h(2767,40):
          beim Auswerten der Funktion „void fmt::v12::detail::parse_format_string<char,fmt::v12::detail::format_string_checker<char,1,0,false>>(fmt::v12::basic_string_view<char>,Handler &&)“
          with
          [
              Handler=fmt::v12::detail::format_string_checker<char,1,0,false>
          ]
          I:\TrinityCore\_integ-12_1_all\dep\fmt\include\fmt\base.h(1660,42):
          beim Auswerten der Funktion „const Char *fmt::v12::detail::parse_replacement_field<Char,Handler&>(const Char *,const Char *,fmt::v12::detail::format_string_checker<Char,1,0,false>&)“
          with
          [
              Char=char,
              Handler=fmt::v12::detail::format_string_checker<char,1,0,false>
          ]
          I:\TrinityCore\_integ-12_1_all\dep\fmt\include\fmt\base.h(1617,51):
          beim Auswerten der Funktion „int fmt::v12::detail::format_string_checker<char,1,0,false>::on_arg_id(void)“
          I:\TrinityCore\_integ-12_1_all\dep\fmt\include\fmt\base.h(1727,70):
          beim Auswerten der Funktion „int fmt::v12::detail::compile_parse_context<Char>::next_arg_id(void)“
          with
          [
              Char=char
          ]
          I:\TrinityCore\_integ-12_1_all\dep\fmt\include\fmt\base.h(1266,31):
          beim Auswerten der Funktion „int fmt::v12::parse_context<char>::next_arg_id(void)“
          I:\TrinityCore\_integ-12_1_all\dep\fmt\include\fmt\base.h(893,20):
          beim Auswerten der Funktion „void fmt::v12::parse_context<char>::do_check_arg_id(int)“
          I:\TrinityCore\_integ-12_1_all\dep\fmt\include\fmt\base.h(2465,48):
          beim Auswerten der Funktion „void fmt::v12::report_error(const char *)“
  
I:\TrinityCore\_integ-12_1_all\src\server\game\Handlers\LobbyMatchmakerHandler.cpp(148,20): error C2671: "WorldSession::HandleLobbyMatchmakerSetPartyPlaylistEntry": Statische Memberfunktionen haben keinen this-Zeiger [I:\TrinityCore\_integ-12_1_all\build\src\server\game\game.vcxproj]
  (Quelldatei „../../../../src/server/game/Handlers/LobbyMatchmakerHandler.cpp“ wird kompiliert)
  
I:\TrinityCore\_integ-12_1_all\src\server\game\Handlers\LobbyMatchmakerHandler.cpp(152,20): error C2511: "void WorldSession::HandleLobbyMatchmakerSetPlayerReady(WorldPackets::WorldPackets::LobbyMatchmaker::LobbyMatchmakerSetPlayerReady &)": Überladene Memberfunktion nicht in "WorldSession" gefunden [I:\TrinityCore\_integ-12_1_all\build\src\server\game\game.vcxproj]
  (Quelldatei „../../../../src/server/game/Handlers/LobbyMatchmakerHandler.cpp“ wird kompiliert)
      I:\TrinityCore\_integ-12_1_all\src\server\game\Server\WorldSession.h(1625,19):
      Siehe Deklaration von "WorldSession"
  
I:\TrinityCore\_integ-12_1_all\src\server\game\Handlers\LobbyMatchmakerHandler.cpp(152,20): error C2888: "void WorldSession::HandleLobbyMatchmakerSetPlayerReady(WorldPackets::WorldPackets::LobbyMatchmaker::LobbyMatchmakerSetPlayerReady &)": Symbol kann nicht im Namespace "WorldPackets" definiert werden [I:\TrinityCore\_integ-12_1_all\build\src\server\game\game.vcxproj]
  (Quelldatei „../../../../src/server/game/Handlers/LobbyMatchmakerHandler.cpp“ wird kompiliert)
  
I:\TrinityCore\_integ-12_1_all\src\server\game\Handlers\LobbyMatchmakerHandler.cpp(154,5): error C2352: "WorldSession::GetPlayerInfo": Ein Aufruf einer nicht statischen Memberfunktion erfordert ein Objekt [I:\TrinityCore\_integ-12_1_all\build\src\server\game\game.vcxproj]
  (Quelldatei „../../../../src/server/game/Handlers/LobbyMatchmakerHandler.cpp“ wird kompiliert)
      I:\TrinityCore\_integ-12_1_all\src\server\game\Server\WorldSession.h(1721,21):
      Siehe Deklaration von "WorldSession::GetPlayerInfo"
  
I:\TrinityCore\_integ-12_1_all\src\server\game\Handlers\LobbyMatchmakerHandler.cpp(154,5): error C7595: "fmt::v12::fstring<bool &>::fstring": Der Aufruf einer unmittelbaren Funktion ist kein konstanter Ausdruck. [I:\TrinityCore\_integ-12_1_all\build\src\server\game\game.vcxproj]
  (Quelldatei „../../../../src/server/game/Handlers/LobbyMatchmakerHandler.cpp“ wird kompiliert)
      I:\TrinityCore\_integ-12_1_all\dep\fmt\include\fmt\base.h(2465,48):
      Fehler wurde durch den Aufruf einer nicht definierten Funktion oder eines nicht deklarierten "constexpr" verursacht
      I:\TrinityCore\_integ-12_1_all\dep\fmt\include\fmt\base.h(2465,48):
      siehe Verwendung von "fmt::v12::report_error"
      I:\TrinityCore\_integ-12_1_all\src\server\game\Handlers\LobbyMatchmakerHandler.cpp(154,5):
      Die Aufrufliste der Auswertung (der älteste Aufruf zuerst) ist
          I:\TrinityCore\_integ-12_1_all\src\server\game\Handlers\LobbyMatchmakerHandler.cpp(154,5):
          beim Auswerten der Funktion „fmt::v12::fstring<bool &>::fstring<Trinity::FormatStringView,0>(const S &)“
          with
          [
              S=Trinity::FormatStringView
          ]
          I:\TrinityCore\_integ-12_1_all\dep\fmt\include\fmt\base.h(2767,40):
          beim Auswerten der Funktion „void fmt::v12::detail::parse_format_string<char,fmt::v12::detail::format_string_checker<char,1,0,false>>(fmt::v12::basic_string_view<char>,Handler &&)“
          with
          [
              Handler=fmt::v12::detail::format_string_checker<char,1,0,false>
          ]
          I:\TrinityCore\_integ-12_1_all\dep\fmt\include\fmt\base.h(1660,42):
          beim Auswerten der Funktion „const Char *fmt::v12::detail::parse_replacement_field<Char,Handler&>(const Char *,const Char *,fmt::v12::detail::format_string_checker<Char,1,0,false>&)“
          with
          [
              Char=char,
              Handler=fmt::v12::detail::format_string_checker<char,1,0,false>
          ]
          I:\TrinityCore\_integ-12_1_all\dep\fmt\include\fmt\base.h(1617,51):
          beim Auswerten der Funktion „int fmt::v12::detail::format_string_checker<char,1,0,false>::on_arg_id(void)“
          I:\TrinityCore\_integ-12_1_all\dep\fmt\include\fmt\base.h(1727,70):
          beim Auswerten der Funktion „int fmt::v12::detail::compile_parse_context<Char>::next_arg_id(void)“
          with
          [
              Char=char
          ]
          I:\TrinityCore\_integ-12_1_all\dep\fmt\include\fmt\base.h(1266,31):
          beim Auswerten der Funktion „int fmt::v12::parse_context<char>::next_arg_id(void)“
          I:\TrinityCore\_integ-12_1_all\dep\fmt\include\fmt\base.h(893,20):
          beim Auswerten der Funktion „void fmt::v12::parse_context<char>::do_check_arg_id(int)“
          I:\TrinityCore\_integ-12_1_all\dep\fmt\include\fmt\base.h(2465,48):
          beim Auswerten der Funktion „void fmt::v12::report_error(const char *)“
  
I:\TrinityCore\_integ-12_1_all\src\server\game\Handlers\LobbyMatchmakerHandler.cpp(160,20): error C2671: "WorldSession::HandleLobbyMatchmakerSetPlayerReady": Statische Memberfunktionen haben keinen this-Zeiger [I:\TrinityCore\_integ-12_1_all\build\src\server\game\game.vcxproj]
  (Quelldatei „../../../../src/server/game/Handlers/LobbyMatchmakerHandler.cpp“ wird kompiliert)
  
I:\TrinityCore\_integ-12_1_all\src\server\game\Handlers\LobbyMatchmakerHandler.cpp(167,20): error C2511: "void WorldSession::HandleLobbyMatchmakerEnterQueue(WorldPackets::WorldPackets::LobbyMatchmaker::LobbyMatchmakerEnterQueue &)": Überladene Memberfunktion nicht in "WorldSession" gefunden [I:\TrinityCore\_integ-12_1_all\build\src\server\game\game.vcxproj]
  (Quelldatei „../../../../src/server/game/Handlers/LobbyMatchmakerHandler.cpp“ wird kompiliert)
      I:\TrinityCore\_integ-12_1_all\src\server\game\Server\WorldSession.h(1625,19):
      Siehe Deklaration von "WorldSession"
  
I:\TrinityCore\_integ-12_1_all\src\server\game\Handlers\LobbyMatchmakerHandler.cpp(167,20): error C2888: "void WorldSession::HandleLobbyMatchmakerEnterQueue(WorldPackets::WorldPackets::LobbyMatchmaker::LobbyMatchmakerEnterQueue &)": Symbol kann nicht im Namespace "WorldPackets" definiert werden [I:\TrinityCore\_integ-12_1_all\build\src\server\game\game.vcxproj]
  (Quelldatei „../../../../src/server/game/Handlers/LobbyMatchmakerHandler.cpp“ wird kompiliert)
  
I:\TrinityCore\_integ-12_1_all\src\server\game\Handlers\LobbyMatchmakerHandler.cpp(169,5): error C2352: "WorldSession::GetPlayerInfo": Ein Aufruf einer nicht statischen Memberfunktion erfordert ein Objekt [I:\TrinityCore\_integ-12_1_all\build\src\server\game\game.vcxproj]
  (Quelldatei „../../../../src/server/game/Handlers/LobbyMatchmakerHandler.cpp“ wird kompiliert)
      I:\TrinityCore\_integ-12_1_all\src\server\game\Server\WorldSession.h(1721,21):
      Siehe Deklaration von "WorldSession::GetPlayerInfo"
  
I:\TrinityCore\_integ-12_1_all\src\server\game\Handlers\LobbyMatchmakerHandler.cpp(169,5): error C7595: "fmt::v12::fstring<uint32 &,std::string,uint8 &,uint8 &,uint8 &>::fstring": Der Aufruf einer unmittelbaren Funktion ist kein konstanter Ausdruck. [I:\TrinityCore\_integ-12_1_all\build\src\server\game\game.vcxproj]
  (Quelldatei „../../../../src/server/game/Handlers/LobbyMatchmakerHandler.cpp“ wird kompiliert)
      I:\TrinityCore\_integ-12_1_all\dep\fmt\include\fmt\base.h(2465,48):
      Fehler wurde durch den Aufruf einer nicht definierten Funktion oder eines nicht deklarierten "constexpr" verursacht
      I:\TrinityCore\_integ-12_1_all\dep\fmt\include\fmt\base.h(2465,48):
      siehe Verwendung von "fmt::v12::report_error"
      I:\TrinityCore\_integ-12_1_all\src\server\game\Handlers\LobbyMatchmakerHandler.cpp(169,5):
      Die Aufrufliste der Auswertung (der älteste Aufruf zuerst) ist
          I:\TrinityCore\_integ-12_1_all\src\server\game\Handlers\LobbyMatchmakerHandler.cpp(169,5):
          beim Auswerten der Funktion „fmt::v12::fstring<uint32 &,std::string,uint8 &,uint8 &,uint8 &>::fstring<Trinity::FormatStringView,0>(const S &)“
          with
          [
              S=Trinity::FormatStringView
          ]
          I:\TrinityCore\_integ-12_1_all\dep\fmt\include\fmt\base.h(2767,40):
          beim Auswerten der Funktion „void fmt::v12::detail::parse_format_string<char,fmt::v12::detail::format_string_checker<char,5,0,false>>(fmt::v12::basic_string_view<char>,Handler &&)“
          with
          [
              Handler=fmt::v12::detail::format_string_checker<char,5,0,false>
          ]
          I:\TrinityCore\_integ-12_1_all\dep\fmt\include\fmt\base.h(1660,42):
          beim Auswerten der Funktion „const Char *fmt::v12::detail::parse_replacement_field<Char,Handler&>(const Char *,const Char *,fmt::v12::detail::format_string_checker<Char,5,0,false>&)“
          with
          [
              Char=char,
              Handler=fmt::v12::detail::format_string_checker<char,5,0,false>
          ]
          I:\TrinityCore\_integ-12_1_all\dep\fmt\include\fmt\base.h(1617,51):
          beim Auswerten der Funktion „int fmt::v12::detail::format_string_checker<char,5,0,false>::on_arg_id(void)“
          I:\TrinityCore\_integ-12_1_all\dep\fmt\include\fmt\base.h(1727,70):
          beim Auswerten der Funktion „int fmt::v12::detail::compile_parse_context<Char>::next_arg_id(void)“
          with
          [
              Char=char
          ]
          I:\TrinityCore\_integ-12_1_all\dep\fmt\include\fmt\base.h(1266,31):
          beim Auswerten der Funktion „int fmt::v12::parse_context<char>::next_arg_id(void)“
          I:\TrinityCore\_integ-12_1_all\dep\fmt\include\fmt\base.h(893,20):
          beim Auswerten der Funktion „void fmt::v12::parse_context<char>::do_check_arg_id(int)“
          I:\TrinityCore\_integ-12_1_all\dep\fmt\include\fmt\base.h(2465,48):
          beim Auswerten der Funktion „void fmt::v12::report_error(const char *)“
  
I:\TrinityCore\_integ-12_1_all\src\server\game\Handlers\LobbyMatchmakerHandler.cpp(176,21): error C2671: "WorldSession::HandleLobbyMatchmakerEnterQueue": Statische Memberfunktionen haben keinen this-Zeiger [I:\TrinityCore\_integ-12_1_all\build\src\server\game\game.vcxproj]
  (Quelldatei „../../../../src/server/game/Handlers/LobbyMatchmakerHandler.cpp“ wird kompiliert)
  
I:\TrinityCore\_integ-12_1_all\src\server\game\Handlers\LobbyMatchmakerHandler.cpp(177,20): error C2671: "WorldSession::HandleLobbyMatchmakerEnterQueue": Statische Memberfunktionen haben keinen this-Zeiger [I:\TrinityCore\_integ-12_1_all\build\src\server\game\game.vcxproj]
  (Quelldatei „../../../../src/server/game/Handlers/LobbyMatchmakerHandler.cpp“ wird kompiliert)
  
I:\TrinityCore\_integ-12_1_all\src\server\game\Handlers\LobbyMatchmakerHandler.cpp(185,20): error C2511: "void WorldSession::HandleLobbyMatchmakerAbandonQueue(WorldPackets::WorldPackets::LobbyMatchmaker::LobbyMatchmakerAbandonQueue &)": Überladene Memberfunktion nicht in "WorldSession" gefunden [I:\TrinityCore\_integ-12_1_all\build\src\server\game\game.vcxproj]
  (Quelldatei „../../../../src/server/game/Handlers/LobbyMatchmakerHandler.cpp“ wird kompiliert)
      I:\TrinityCore\_integ-12_1_all\src\server\game\Server\WorldSession.h(1625,19):
      Siehe Deklaration von "WorldSession"
  
I:\TrinityCore\_integ-12_1_all\src\server\game\Handlers\LobbyMatchmakerHandler.cpp(185,20): error C2888: "void WorldSession::HandleLobbyMatchmakerAbandonQueue(WorldPackets::WorldPackets::LobbyMatchmaker::LobbyMatchmakerAbandonQueue &)": Symbol kann nicht im Namespace "WorldPackets" definiert werden [I:\TrinityCore\_integ-12_1_all\build\src\server\game\game.vcxproj]
  (Quelldatei „../../../../src/server/game/Handlers/LobbyMatchmakerHandler.cpp“ wird kompiliert)
  
I:\TrinityCore\_integ-12_1_all\src\server\game\Handlers\LobbyMatchmakerHandler.cpp(187,5): error C2352: "WorldSession::GetPlayerInfo": Ein Aufruf einer nicht statischen Memberfunktion erfordert ein Objekt [I:\TrinityCore\_integ-12_1_all\build\src\server\game\game.vcxproj]
  (Quelldatei „../../../../src/server/game/Handlers/LobbyMatchmakerHandler.cpp“ wird kompiliert)
      I:\TrinityCore\_integ-12_1_all\src\server\game\Server\WorldSession.h(1721,21):
      Siehe Deklaration von "WorldSession::GetPlayerInfo"
  
I:\TrinityCore\_integ-12_1_all\src\server\game\Handlers\LobbyMatchmakerHandler.cpp(187,5): error C7595: "fmt::v12::fstring<>::fstring": Der Aufruf einer unmittelbaren Funktion ist kein konstanter Ausdruck. [I:\TrinityCore\_integ-12_1_all\build\src\server\game\game.vcxproj]
  (Quelldatei „../../../../src/server/game/Handlers/LobbyMatchmakerHandler.cpp“ wird kompiliert)
      I:\TrinityCore\_integ-12_1_all\dep\fmt\include\fmt\base.h(2465,48):
      Fehler wurde durch den Aufruf einer nicht definierten Funktion oder eines nicht deklarierten "constexpr" verursacht
      I:\TrinityCore\_integ-12_1_all\dep\fmt\include\fmt\base.h(2465,48):
      siehe Verwendung von "fmt::v12::report_error"
      I:\TrinityCore\_integ-12_1_all\src\server\game\Handlers\LobbyMatchmakerHandler.cpp(187,5):
      Die Aufrufliste der Auswertung (der älteste Aufruf zuerst) ist
          I:\TrinityCore\_integ-12_1_all\src\server\game\Handlers\LobbyMatchmakerHandler.cpp(187,5):
          beim Auswerten der Funktion „fmt::v12::fstring<>::fstring<Trinity::FormatStringView,0>(const S &)“
          with
          [
              S=Trinity::FormatStringView
          ]
          I:\TrinityCore\_integ-12_1_all\dep\fmt\include\fmt\base.h(2767,40):
          beim Auswerten der Funktion „void fmt::v12::detail::parse_format_string<char,fmt::v12::detail::format_string_checker<char,0,0,false>>(fmt::v12::basic_string_view<char>,Handler &&)“
          with
          [
              Handler=fmt::v12::detail::format_string_checker<char,0,0,false>
          ]
          I:\TrinityCore\_integ-12_1_all\dep\fmt\include\fmt\base.h(1660,42):
          beim Auswerten der Funktion „const Char *fmt::v12::detail::parse_replacement_field<Char,Handler&>(const Char *,const Char *,fmt::v12::detail::format_string_checker<Char,0,0,false>&)“
          with
          [
              Char=char,
              Handler=fmt::v12::detail::format_string_checker<char,0,0,false>
          ]
          I:\TrinityCore\_integ-12_1_all\dep\fmt\include\fmt\base.h(1617,51):
          beim Auswerten der Funktion „int fmt::v12::detail::format_string_checker<char,0,0,false>::on_arg_id(void)“
          I:\TrinityCore\_integ-12_1_all\dep\fmt\include\fmt\base.h(1727,70):
          beim Auswerten der Funktion „int fmt::v12::detail::compile_parse_context<Char>::next_arg_id(void)“
          with
          [
              Char=char
          ]
          I:\TrinityCore\_integ-12_1_all\dep\fmt\include\fmt\base.h(1266,31):
          beim Auswerten der Funktion „int fmt::v12::parse_context<char>::next_arg_id(void)“
          I:\TrinityCore\_integ-12_1_all\dep\fmt\include\fmt\base.h(893,20):
          beim Auswerten der Funktion „void fmt::v12::parse_context<char>::do_check_arg_id(int)“
          I:\TrinityCore\_integ-12_1_all\dep\fmt\include\fmt\base.h(2465,48):
          beim Auswerten der Funktion „void fmt::v12::report_error(const char *)“
  
I:\TrinityCore\_integ-12_1_all\src\server\game\Handlers\LobbyMatchmakerHandler.cpp(189,21): error C2671: "WorldSession::HandleLobbyMatchmakerAbandonQueue": Statische Memberfunktionen haben keinen this-Zeiger [I:\TrinityCore\_integ-12_1_all\build\src\server\game\game.vcxproj]
  (Quelldatei „../../../../src/server/game/Handlers/LobbyMatchmakerHandler.cpp“ wird kompiliert)
  
I:\TrinityCore\_integ-12_1_all\src\server\game\Handlers\LobbyMatchmakerHandler.cpp(194,20): error C2511: "void WorldSession::HandleLobbyMatchmakerQueueProposalResponse(WorldPackets::WorldPackets::LobbyMatchmaker::LobbyMatchmakerQueueProposalResponse &)": Überladene Memberfunktion nicht in "WorldSession" gefunden [I:\TrinityCore\_integ-12_1_all\build\src\server\game\game.vcxproj]
  (Quelldatei „../../../../src/server/game/Handlers/LobbyMatchmakerHandler.cpp“ wird kompiliert)
      I:\TrinityCore\_integ-12_1_all\src\server\game\Server\WorldSession.h(1625,19):
      Siehe Deklaration von "WorldSession"
  
I:\TrinityCore\_integ-12_1_all\src\server\game\Handlers\LobbyMatchmakerHandler.cpp(194,20): error C2888: "void WorldSession::HandleLobbyMatchmakerQueueProposalResponse(WorldPackets::WorldPackets::LobbyMatchmaker::LobbyMatchmakerQueueProposalResponse &)": Symbol kann nicht im Namespace "WorldPackets" definiert werden [I:\TrinityCore\_integ-12_1_all\build\src\server\game\game.vcxproj]
  (Quelldatei „../../../../src/server/game/Handlers/LobbyMatchmakerHandler.cpp“ wird kompiliert)
  
  SceneHandler.cpp
I:\TrinityCore\_integ-12_1_all\src\server\game\Handlers\LobbyMatchmakerHandler.cpp(196,5): error C2352: "WorldSession::GetPlayerInfo": Ein Aufruf einer nicht statischen Memberfunktion erfordert ein Objekt [I:\TrinityCore\_integ-12_1_all\build\src\server\game\game.vcxproj]
  (Quelldatei „../../../../src/server/game/Handlers/LobbyMatchmakerHandler.cpp“ wird kompiliert)
      I:\TrinityCore\_integ-12_1_all\src\server\game\Server\WorldSession.h(1721,21):
      Siehe Deklaration von "WorldSession::GetPlayerInfo"
  
I:\TrinityCore\_integ-12_1_all\src\server\game\Handlers\LobbyMatchmakerHandler.cpp(196,5): error C7595: "fmt::v12::fstring<bool &>::fstring": Der Aufruf einer unmittelbaren Funktion ist kein konstanter Ausdruck. [I:\TrinityCore\_integ-12_1_all\build\src\server\game\game.vcxproj]
  (Quelldatei „../../../../src/server/game/Handlers/LobbyMatchmakerHandler.cpp“ wird kompiliert)
      I:\TrinityCore\_integ-12_1_all\dep\fmt\include\fmt\base.h(2465,48):
      Fehler wurde durch den Aufruf einer nicht definierten Funktion oder eines nicht deklarierten "constexpr" verursacht
      I:\TrinityCore\_integ-12_1_all\dep\fmt\include\fmt\base.h(2465,48):
      siehe Verwendung von "fmt::v12::report_error"
      I:\TrinityCore\_integ-12_1_all\src\server\game\Handlers\LobbyMatchmakerHandler.cpp(196,5):
      Die Aufrufliste der Auswertung (der älteste Aufruf zuerst) ist
          I:\TrinityCore\_integ-12_1_all\src\server\game\Handlers\LobbyMatchmakerHandler.cpp(196,5):
          beim Auswerten der Funktion „fmt::v12::fstring<bool &>::fstring<Trinity::FormatStringView,0>(const S &)“
          with
          [
              S=Trinity::FormatStringView
          ]
          I:\TrinityCore\_integ-12_1_all\dep\fmt\include\fmt\base.h(2767,40):
          beim Auswerten der Funktion „void fmt::v12::detail::parse_format_string<char,fmt::v12::detail::format_string_checker<char,1,0,false>>(fmt::v12::basic_string_view<char>,Handler &&)“
          with
          [
              Handler=fmt::v12::detail::format_string_checker<char,1,0,false>
          ]
          I:\TrinityCore\_integ-12_1_all\dep\fmt\include\fmt\base.h(1660,42):
          beim Auswerten der Funktion „const Char *fmt::v12::detail::parse_replacement_field<Char,Handler&>(const Char *,const Char *,fmt::v12::detail::format_string_checker<Char,1,0,false>&)“
          with
          [
              Char=char,
              Handler=fmt::v12::detail::format_string_checker<char,1,0,false>
          ]
          I:\TrinityCore\_integ-12_1_all\dep\fmt\include\fmt\base.h(1617,51):
          beim Auswerten der Funktion „int fmt::v12::detail::format_string_checker<char,1,0,false>::on_arg_id(void)“
          I:\TrinityCore\_integ-12_1_all\dep\fmt\include\fmt\base.h(1727,70):
          beim Auswerten der Funktion „int fmt::v12::detail::compile_parse_context<Char>::next_arg_id(void)“
          with
          [
              Char=char
          ]
          I:\TrinityCore\_integ-12_1_all\dep\fmt\include\fmt\base.h(1266,31):
          beim Auswerten der Funktion „int fmt::v12::parse_context<char>::next_arg_id(void)“
          I:\TrinityCore\_integ-12_1_all\dep\fmt\include\fmt\base.h(893,20):
          beim Auswerten der Funktion „void fmt::v12::parse_context<char>::do_check_arg_id(int)“
          I:\TrinityCore\_integ-12_1_all\dep\fmt\include\fmt\base.h(2465,48):
          beim Auswerten der Funktion „void fmt::v12::report_error(const char *)“
  
I:\TrinityCore\_integ-12_1_all\src\server\game\Handlers\LobbyMatchmakerHandler.cpp(199,21): error C2671: "WorldSession::HandleLobbyMatchmakerQueueProposalResponse": Statische Memberfunktionen haben keinen this-Zeiger [I:\TrinityCore\_integ-12_1_all\build\src\server\game\game.vcxproj]
  (Quelldatei „../../../../src/server/game/Handlers/LobbyMatchmakerHandler.cpp“ wird kompiliert)
  
I:\TrinityCore\_integ-12_1_all\src\server\game\Handlers\LobbyMatchmakerHandler.cpp(207,20): error C2511: "void WorldSession::HandleLobbyMatchmakerCreateCharacter(WorldPackets::WorldPackets::LobbyMatchmaker::LobbyMatchmakerCreateCharacter &)": Überladene Memberfunktion nicht in "WorldSession" gefunden [I:\TrinityCore\_integ-12_1_all\build\src\server\game\game.vcxproj]
  (Quelldatei „../../../../src/server/game/Handlers/LobbyMatchmakerHandler.cpp“ wird kompiliert)
      I:\TrinityCore\_integ-12_1_all\src\server\game\Server\WorldSession.h(1625,19):
      Siehe Deklaration von "WorldSession"
  
I:\TrinityCore\_integ-12_1_all\src\server\game\Handlers\LobbyMatchmakerHandler.cpp(207,20): error C2888: "void WorldSession::HandleLobbyMatchmakerCreateCharacter(WorldPackets::WorldPackets::LobbyMatchmaker::LobbyMatchmakerCreateCharacter &)": Symbol kann nicht im Namespace "WorldPackets" definiert werden [I:\TrinityCore\_integ-12_1_all\build\src\server\game\game.vcxproj]
  (Quelldatei „../../../../src/server/game/Handlers/LobbyMatchmakerHandler.cpp“ wird kompiliert)
  
I:\TrinityCore\_integ-12_1_all\src\server\game\Handlers\LobbyMatchmakerHandler.cpp(209,5): error C2352: "WorldSession::GetPlayerInfo": Ein Aufruf einer nicht statischen Memberfunktion erfordert ein Objekt [I:\TrinityCore\_integ-12_1_all\build\src\server\game\game.vcxproj]
  (Quelldatei „../../../../src/server/game/Handlers/LobbyMatchmakerHandler.cpp“ wird kompiliert)
      I:\TrinityCore\_integ-12_1_all\src\server\game\Server\WorldSession.h(1721,21):
      Siehe Deklaration von "WorldSession::GetPlayerInfo"
  
I:\TrinityCore\_integ-12_1_all\src\server\game\Handlers\LobbyMatchmakerHandler.cpp(209,5): error C7595: "fmt::v12::fstring<uint8 &,uint8 &,unsigned __int64>::fstring": Der Aufruf einer unmittelbaren Funktion ist kein konstanter Ausdruck. [I:\TrinityCore\_integ-12_1_all\build\src\server\game\game.vcxproj]
  (Quelldatei „../../../../src/server/game/Handlers/LobbyMatchmakerHandler.cpp“ wird kompiliert)
      I:\TrinityCore\_integ-12_1_all\dep\fmt\include\fmt\base.h(2465,48):
      Fehler wurde durch den Aufruf einer nicht definierten Funktion oder eines nicht deklarierten "constexpr" verursacht
      I:\TrinityCore\_integ-12_1_all\dep\fmt\include\fmt\base.h(2465,48):
      siehe Verwendung von "fmt::v12::report_error"
      I:\TrinityCore\_integ-12_1_all\src\server\game\Handlers\LobbyMatchmakerHandler.cpp(209,5):
      Die Aufrufliste der Auswertung (der älteste Aufruf zuerst) ist
          I:\TrinityCore\_integ-12_1_all\src\server\game\Handlers\LobbyMatchmakerHandler.cpp(209,5):
          beim Auswerten der Funktion „fmt::v12::fstring<uint8 &,uint8 &,unsigned __int64>::fstring<Trinity::FormatStringView,0>(const S &)“
          with
          [
              S=Trinity::FormatStringView
          ]
          I:\TrinityCore\_integ-12_1_all\dep\fmt\include\fmt\base.h(2767,40):
          beim Auswerten der Funktion „void fmt::v12::detail::parse_format_string<char,fmt::v12::detail::format_string_checker<char,3,0,false>>(fmt::v12::basic_string_view<char>,Handler &&)“
          with
          [
              Handler=fmt::v12::detail::format_string_checker<char,3,0,false>
          ]
          I:\TrinityCore\_integ-12_1_all\dep\fmt\include\fmt\base.h(1660,42):
          beim Auswerten der Funktion „const Char *fmt::v12::detail::parse_replacement_field<Char,Handler&>(const Char *,const Char *,fmt::v12::detail::format_string_checker<Char,3,0,false>&)“
          with
          [
              Char=char,
              Handler=fmt::v12::detail::format_string_checker<char,3,0,false>
          ]
          I:\TrinityCore\_integ-12_1_all\dep\fmt\include\fmt\base.h(1617,51):
          beim Auswerten der Funktion „int fmt::v12::detail::format_string_checker<char,3,0,false>::on_arg_id(void)“
          I:\TrinityCore\_integ-12_1_all\dep\fmt\include\fmt\base.h(1727,70):
          beim Auswerten der Funktion „int fmt::v12::detail::compile_parse_context<Char>::next_arg_id(void)“
          with
          [
              Char=char
          ]
          I:\TrinityCore\_integ-12_1_all\dep\fmt\include\fmt\base.h(1266,31):
          beim Auswerten der Funktion „int fmt::v12::parse_context<char>::next_arg_id(void)“
          I:\TrinityCore\_integ-12_1_all\dep\fmt\include\fmt\base.h(893,20):
          beim Auswerten der Funktion „void fmt::v12::parse_context<char>::do_check_arg_id(int)“
          I:\TrinityCore\_integ-12_1_all\dep\fmt\include\fmt\base.h(2465,48):
          beim Auswerten der Funktion „void fmt::v12::report_error(const char *)“
  
I:\TrinityCore\_integ-12_1_all\src\server\game\Handlers\LobbyMatchmakerHandler.cpp(214,20): error C2511: "void WorldSession::HandleRegisterFastLogin(WorldPackets::WorldPackets::LobbyMatchmaker::RegisterFastLogin &)": Überladene Memberfunktion nicht in "WorldSession" gefunden [I:\TrinityCore\_integ-12_1_all\build\src\server\game\game.vcxproj]
  (Quelldatei „../../../../src/server/game/Handlers/LobbyMatchmakerHandler.cpp“ wird kompiliert)
      I:\TrinityCore\_integ-12_1_all\src\server\game\Server\WorldSession.h(1625,19):
      Siehe Deklaration von "WorldSession"
  
I:\TrinityCore\_integ-12_1_all\src\server\game\Handlers\LobbyMatchmakerHandler.cpp(214,20): error C2888: "void WorldSession::HandleRegisterFastLogin(WorldPackets::WorldPackets::LobbyMatchmaker::RegisterFastLogin &)": Symbol kann nicht im Namespace "WorldPackets" definiert werden [I:\TrinityCore\_integ-12_1_all\build\src\server\game\game.vcxproj]
  (Quelldatei „../../../../src/server/game/Handlers/LobbyMatchmakerHandler.cpp“ wird kompiliert)
  
I:\TrinityCore\_integ-12_1_all\src\server\game\Handlers\LobbyMatchmakerHandler.cpp(216,5): error C2352: "WorldSession::GetPlayerInfo": Ein Aufruf einer nicht statischen Memberfunktion erfordert ein Objekt [I:\TrinityCore\_integ-12_1_all\build\src\server\game\game.vcxproj]
  (Quelldatei „../../../../src/server/game/Handlers/LobbyMatchmakerHandler.cpp“ wird kompiliert)
      I:\TrinityCore\_integ-12_1_all\src\server\game\Server\WorldSession.h(1721,21):
      Siehe Deklaration von "WorldSession::GetPlayerInfo"
  
I:\TrinityCore\_integ-12_1_all\src\server\game\Handlers\LobbyMatchmakerHandler.cpp(216,5): error C7595: "fmt::v12::fstring<bool &,uint32 &,uint32 &,uint32 &,uint32 &>::fstring": Der Aufruf einer unmittelbaren Funktion ist kein konstanter Ausdruck. [I:\TrinityCore\_integ-12_1_all\build\src\server\game\game.vcxproj]
  (Quelldatei „../../../../src/server/game/Handlers/LobbyMatchmakerHandler.cpp“ wird kompiliert)
      I:\TrinityCore\_integ-12_1_all\dep\fmt\include\fmt\base.h(2465,48):
      Fehler wurde durch den Aufruf einer nicht definierten Funktion oder eines nicht deklarierten "constexpr" verursacht
      I:\TrinityCore\_integ-12_1_all\dep\fmt\include\fmt\base.h(2465,48):
      siehe Verwendung von "fmt::v12::report_error"
      I:\TrinityCore\_integ-12_1_all\src\server\game\Handlers\LobbyMatchmakerHandler.cpp(216,5):
      Die Aufrufliste der Auswertung (der älteste Aufruf zuerst) ist
          I:\TrinityCore\_integ-12_1_all\src\server\game\Handlers\LobbyMatchmakerHandler.cpp(216,5):
          beim Auswerten der Funktion „fmt::v12::fstring<bool &,uint32 &,uint32 &,uint32 &,uint32 &>::fstring<Trinity::FormatStringView,0>(const S &)“
          with
          [
              S=Trinity::FormatStringView
          ]
          I:\TrinityCore\_integ-12_1_all\dep\fmt\include\fmt\base.h(2767,40):
          beim Auswerten der Funktion „void fmt::v12::detail::parse_format_string<char,fmt::v12::detail::format_string_checker<char,5,0,false>>(fmt::v12::basic_string_view<char>,Handler &&)“
          with
          [
              Handler=fmt::v12::detail::format_string_checker<char,5,0,false>
          ]
          I:\TrinityCore\_integ-12_1_all\dep\fmt\include\fmt\base.h(1660,42):
          beim Auswerten der Funktion „const Char *fmt::v12::detail::parse_replacement_field<Char,Handler&>(const Char *,const Char *,fmt::v12::detail::format_string_checker<Char,5,0,false>&)“
          with
          [
              Char=char,
              Handler=fmt::v12::detail::format_string_checker<char,5,0,false>
          ]
          I:\TrinityCore\_integ-12_1_all\dep\fmt\include\fmt\base.h(1617,51):
          beim Auswerten der Funktion „int fmt::v12::detail::format_string_checker<char,5,0,false>::on_arg_id(void)“
          I:\TrinityCore\_integ-12_1_all\dep\fmt\include\fmt\base.h(1727,70):
          beim Auswerten der Funktion „int fmt::v12::detail::compile_parse_context<Char>::next_arg_id(void)“
          with
          [
              Char=char
          ]
          I:\TrinityCore\_integ-12_1_all\dep\fmt\include\fmt\base.h(1266,31):
          beim Auswerten der Funktion „int fmt::v12::parse_context<char>::next_arg_id(void)“
          I:\TrinityCore\_integ-12_1_all\dep\fmt\include\fmt\base.h(893,20):
          beim Auswerten der Funktion „void fmt::v12::parse_context<char>::do_check_arg_id(int)“
          I:\TrinityCore\_integ-12_1_all\dep\fmt\include\fmt\base.h(2465,48):
          beim Auswerten der Funktion „void fmt::v12::report_error(const char *)“
  
I:\TrinityCore\_integ-12_1_all\src\server\game\Server\Packets\CharacterPackets.h(44,1): error C1075: {: kein übereinstimmendes Token gefunden. [I:\TrinityCore\_integ-12_1_all\build\src\server\game\game.vcxproj]
  (Quelldatei „../../../../src/server/game/Handlers/LobbyMatchmakerHandler.cpp“ wird kompiliert)
  
  SkillHandler.cpp
  SocialHandler.cpp
  boss_hydross_the_unstable.cpp
  boss_lady_vashj.cpp
  boss_leotheras_the_blind.cpp
  SpellHandler.cpp
  TaxiHandler.cpp
  boss_lurker_below.cpp
  boss_morogrim_tidewalker.cpp
  instance_serpent_shrine.cpp
  boss_hydromancer_thespia.cpp
  boss_mekgineer_steamrigger.cpp
  boss_warlord_kalithresh.cpp
  TicketHandler.cpp
  TokenHandler.cpp
  instance_steam_vault.cpp
  ToyHandler.cpp
  steam_vault.cpp
  boss_ahune.cpp
  boss_mennu_the_betrayer.cpp
  boss_quagmirran.cpp
  boss_rokmar_the_crackler.cpp
  instance_the_slave_pens.cpp
  boss_hungarfen.cpp
  boss_swamplord_muselek.cpp
  boss_the_black_stalker.cpp
  instance_the_underbog.cpp
  boss_gruul.cpp
  TradeHandler.cpp
  boss_high_king_maulgar.cpp
  instance_gruuls_lair.cpp
  boss_broggok.cpp
  boss_kelidan_the_breaker.cpp
  boss_the_maker.cpp
  instance_blood_furnace.cpp
  boss_omor_the_unscarred.cpp
  boss_vazruden_the_herald.cpp
  boss_watchkeeper_gargolmar.cpp
  instance_hellfire_ramparts.cpp
  TraitHandler.cpp
  boss_magtheridon.cpp
  TransmogrificationHandler.cpp
  instance_magtheridons_lair.cpp
  VehicleHandler.cpp
  VoiceChatHandler.cpp
  boss_nethekurse.cpp
  boss_warbringer_omrogg.cpp
  boss_warchief_kargath_bladefist.cpp
  instance_shattered_halls.cpp
  shattered_halls.cpp
  boss_alar.cpp
  boss_astromancer.cpp
  boss_kaelthas.cpp
  boss_void_reaver.cpp
  instance_the_eye.cpp
  boss_gatewatcher_gyrokill.cpp
  boss_gatewatcher_ironhand.cpp
  boss_mechano_lord_capacitus.cpp
  WeeklyRewardHandler.cpp
  WowLabsHandler.cpp
  DecorDuelMgr.cpp
  boss_nethermancer_sepethrea.cpp
  boss_pathaleon_the_calculator.cpp
  instance_mechanar.cpp
  arcatraz.cpp
  boss_dalliah_the_doomsayer.cpp
  boss_harbinger_skyriss.cpp
  boss_wrath_scryer_soccothrates.cpp
  boss_zereketh_the_unbound.cpp
  instance_arcatraz.cpp
I:\TrinityCore\_integ-12_1_all\src\server\game\Server\Packets\CharacterPackets.h(1011,1): error C2059: Syntaxfehler: "}" [I:\TrinityCore\_integ-12_1_all\build\src\server\game\game.vcxproj]
  (Quelldatei „../../../../src/server/game/Handlers/MiscHandler.cpp“ wird kompiliert)
  
I:\TrinityCore\_integ-12_1_all\src\server\game\Server\Packets\CharacterPackets.h(1011,1): error C2143: Syntaxfehler: Es fehlt ";" vor "}" [I:\TrinityCore\_integ-12_1_all\build\src\server\game\game.vcxproj]
  (Quelldatei „../../../../src/server/game/Handlers/MiscHandler.cpp“ wird kompiliert)
  
  boss_commander_sarannis.cpp
I:\TrinityCore\_integ-12_1_all\src\server\game\Entities\Creature\GossipDef.h(30,7): error C2365: "WorldPackets::Quest": Erneute Definition; vorherige Definition war "Namespace". [I:\TrinityCore\_integ-12_1_all\build\src\server\game\game.vcxproj]
  (Quelldatei „../../../../src/server/game/Handlers/MiscHandler.cpp“ wird kompiliert)
      I:\TrinityCore\_integ-12_1_all\src\server\game\Server\WorldSession.h(1269,15):
      Siehe Deklaration von "WorldPackets::Quest"
  
I:\TrinityCore\_integ-12_1_all\src\server\game\Guilds\GuildMgr.h(27,7): error C2365: "WorldPackets::Guild": Erneute Definition; vorherige Definition war "Namespace". [I:\TrinityCore\_integ-12_1_all\build\src\server\game\game.vcxproj]
  (Quelldatei „../../../../src/server/game/Handlers/MiscHandler.cpp“ wird kompiliert)
      I:\TrinityCore\_integ-12_1_all\src\server\game\Guilds\Guild.h(44,15):
      Siehe Deklaration von "WorldPackets::Guild"
  
  boss_high_botanist_freywinn.cpp
  boss_laj.cpp
  boss_thorngrin_the_tender.cpp
  boss_warp_splinter.cpp
  instance_the_botanica.cpp
I:\TrinityCore\_integ-12_1_all\src\server\game\Server\Packets\InstancePackets.h(456,27): error C2039: "Duration" ist kein Member von "WorldPackets::WorldPackets". [I:\TrinityCore\_integ-12_1_all\build\src\server\game\game.vcxproj]
  (Quelldatei „../../../../src/server/game/Handlers/MiscHandler.cpp“ wird kompiliert)
      I:\TrinityCore\_integ-12_1_all\src\server\game\Server\Packets\InstancePackets.h(27,11):
      Siehe Deklaration von "WorldPackets::WorldPackets"
  
I:\TrinityCore\_integ-12_1_all\src\server\game\Server\Packets\InstancePackets.h(456,35): error C2059: Syntaxfehler: "<" [I:\TrinityCore\_integ-12_1_all\build\src\server\game\game.vcxproj]
  (Quelldatei „../../../../src/server/game/Handlers/MiscHandler.cpp“ wird kompiliert)
  
I:\TrinityCore\_integ-12_1_all\src\server\game\Server\Packets\InstancePackets.h(456,66): error C2238: Unerwartete(s) Token vor ";" [I:\TrinityCore\_integ-12_1_all\build\src\server\game\game.vcxproj]
  (Quelldatei „../../../../src/server/game/Handlers/MiscHandler.cpp“ wird kompiliert)
  
I:\TrinityCore\_integ-12_1_all\src\server\game\Server\Packets\InstancePackets.h(457,27): error C2039: "Duration" ist kein Member von "WorldPackets::WorldPackets". [I:\TrinityCore\_integ-12_1_all\build\src\server\game\game.vcxproj]
  (Quelldatei „../../../../src/server/game/Handlers/MiscHandler.cpp“ wird kompiliert)
      I:\TrinityCore\_integ-12_1_all\src\server\game\Server\Packets\InstancePackets.h(27,11):
      Siehe Deklaration von "WorldPackets::WorldPackets"
  
I:\TrinityCore\_integ-12_1_all\src\server\game\Server\Packets\InstancePackets.h(457,35): error C2059: Syntaxfehler: "<" [I:\TrinityCore\_integ-12_1_all\build\src\server\game\game.vcxproj]
  (Quelldatei „../../../../src/server/game/Handlers/MiscHandler.cpp“ wird kompiliert)
  
I:\TrinityCore\_integ-12_1_all\src\server\game\Server\Packets\InstancePackets.h(457,74): error C2238: Unerwartete(s) Token vor ";" [I:\TrinityCore\_integ-12_1_all\build\src\server\game\game.vcxproj]
  (Quelldatei „../../../../src/server/game/Handlers/MiscHandler.cpp“ wird kompiliert)
  
  boss_doomlord_kazzak.cpp
  GoingPostalMgr.cpp
I:\TrinityCore\_integ-12_1_all\src\server\game\Scenarios\Scenario.h(52,19): error C2869: "WorldPackets::Scenario": Wurde bereits als Namespace definiert [I:\TrinityCore\_integ-12_1_all\build\src\server\game\game.vcxproj]
  (Quelldatei „../../../../src/server/game/Handlers/MiscHandler.cpp“ wird kompiliert)
      I:\TrinityCore\_integ-12_1_all\src\server\game\Server\WorldSession.h(1315,15):
      Siehe Deklaration von "WorldPackets::Scenario"
  
I:\TrinityCore\_integ-12_1_all\src\server\game\Scenarios\InstanceScenario.h(25,45): error C2504: "Scenario": Basisklasse undefiniert [I:\TrinityCore\_integ-12_1_all\build\src\server\game\game.vcxproj]
  (Quelldatei „../../../../src/server/game/Handlers/MiscHandler.cpp“ wird kompiliert)
  
I:\TrinityCore\_integ-12_1_all\src\server\game\Scenarios\InstanceScenario.h(33,21): error C3668: "WorldPackets::InstanceScenario::GetOwnerInfo": Die Methode mit dem Überschreibungsspezifizierer "override" hat keine Basisklassenmethoden überschrieben. [I:\TrinityCore\_integ-12_1_all\build\src\server\game\game.vcxproj]
  (Quelldatei „../../../../src/server/game/Handlers/MiscHandler.cpp“ wird kompiliert)
  
I:\TrinityCore\_integ-12_1_all\src\server\game\Scenarios\InstanceScenario.h(34,14): error C3668: "WorldPackets::InstanceScenario::SendPacket": Die Methode mit dem Überschreibungsspezifizierer "override" hat keine Basisklassenmethoden überschrieben. [I:\TrinityCore\_integ-12_1_all\build\src\server\game\game.vcxproj]
  (Quelldatei „../../../../src/server/game/Handlers/MiscHandler.cpp“ wird kompiliert)
  
I:\TrinityCore\_integ-12_1_all\src\server\game\ChallengeMode\ChallengeMode.h(32,19): error C2869: "WorldPackets::ChallengeMode": Wurde bereits als Namespace definiert [I:\TrinityCore\_integ-12_1_all\build\src\server\game\game.vcxproj]
  (Quelldatei „../../../../src/server/game/Handlers/MiscHandler.cpp“ wird kompiliert)
      I:\TrinityCore\_integ-12_1_all\src\server\game\Server\WorldSession.h(997,15):
      Siehe Deklaration von "WorldPackets::ChallengeMode"
  
I:\TrinityCore\_integ-12_1_all\src\server\game\OutdoorPvP\OutdoorPvP.h(70,7): error C2365: "WorldPackets::GameObject": Erneute Definition; vorherige Definition war "Namespace". [I:\TrinityCore\_integ-12_1_all\build\src\server\game\game.vcxproj]
  (Quelldatei „../../../../src/server/game/Handlers/MiscHandler.cpp“ wird kompiliert)
      I:\TrinityCore\_integ-12_1_all\src\server\game\Server\WorldSession.h(508,15):
      Siehe Deklaration von "WorldPackets::GameObject"
  
  boss_doomwalker.cpp
I:\TrinityCore\_integ-12_1_all\src\server\game\OutdoorPvP\OutdoorPvP.h(158,14): error C3668: "WorldPackets::OutdoorPvP::OnCreatureCreate": Die Methode mit dem Überschreibungsspezifizierer "override" hat keine Basisklassenmethoden überschrieben. [I:\TrinityCore\_integ-12_1_all\build\src\server\game\game.vcxproj]
  (Quelldatei „../../../../src/server/game/Handlers/MiscHandler.cpp“ wird kompiliert)
  
I:\TrinityCore\_integ-12_1_all\src\server\game\Server\Packets\CharacterPackets.h(1011,1): error C2059: Syntaxfehler: "}" [I:\TrinityCore\_integ-12_1_all\build\src\server\game\game.vcxproj]
  (Quelldatei „../../../../src/server/game/Handlers/WowLabsHandler.cpp“ wird kompiliert)
  
I:\TrinityCore\_integ-12_1_all\src\server\game\Server\Packets\CharacterPackets.h(1011,1): error C2143: Syntaxfehler: Es fehlt ";" vor "}" [I:\TrinityCore\_integ-12_1_all\build\src\server\game\game.vcxproj]
  (Quelldatei „../../../../src/server/game/Handlers/WowLabsHandler.cpp“ wird kompiliert)
  
I:\TrinityCore\_integ-12_1_all\src\server\game\Handlers\WowLabsHandler.cpp(46,20): error C2511: "void WorldSession::HandleQuerySelectedWowLabsArea(WorldPackets::WorldPackets::WowLabs::QuerySelectedWowLabsArea &)": Überladene Memberfunktion nicht in "WorldSession" gefunden [I:\TrinityCore\_integ-12_1_all\build\src\server\game\game.vcxproj]
  (Quelldatei „../../../../src/server/game/Handlers/WowLabsHandler.cpp“ wird kompiliert)
      I:\TrinityCore\_integ-12_1_all\src\server\game\Server\WorldSession.h(1625,19):
      Siehe Deklaration von "WorldSession"
  
I:\TrinityCore\_integ-12_1_all\src\server\game\Handlers\WowLabsHandler.cpp(46,20): error C2888: "void WorldSession::HandleQuerySelectedWowLabsArea(WorldPackets::WorldPackets::WowLabs::QuerySelectedWowLabsArea &)": Symbol kann nicht im Namespace "WorldPackets" definiert werden [I:\TrinityCore\_integ-12_1_all\build\src\server\game\game.vcxproj]
  (Quelldatei „../../../../src/server/game/Handlers/WowLabsHandler.cpp“ wird kompiliert)
  
I:\TrinityCore\_integ-12_1_all\src\server\game\Handlers\WowLabsHandler.cpp(48,5): error C2352: "WorldSession::GetPlayerInfo": Ein Aufruf einer nicht statischen Memberfunktion erfordert ein Objekt [I:\TrinityCore\_integ-12_1_all\build\src\server\game\game.vcxproj]
  (Quelldatei „../../../../src/server/game/Handlers/WowLabsHandler.cpp“ wird kompiliert)
      I:\TrinityCore\_integ-12_1_all\src\server\game\Server\WorldSession.h(1721,21):
      Siehe Deklaration von "WorldSession::GetPlayerInfo"
  
  outland_script_loader.cpp
I:\TrinityCore\_integ-12_1_all\src\server\game\Handlers\WowLabsHandler.cpp(48,5): error C7595: "fmt::v12::fstring<std::string>::fstring": Der Aufruf einer unmittelbaren Funktion ist kein konstanter Ausdruck. [I:\TrinityCore\_integ-12_1_all\build\src\server\game\game.vcxproj]
  (Quelldatei „../../../../src/server/game/Handlers/WowLabsHandler.cpp“ wird kompiliert)
      I:\TrinityCore\_integ-12_1_all\dep\fmt\include\fmt\base.h(2465,48):
      Fehler wurde durch den Aufruf einer nicht definierten Funktion oder eines nicht deklarierten "constexpr" verursacht
      I:\TrinityCore\_integ-12_1_all\dep\fmt\include\fmt\base.h(2465,48):
      siehe Verwendung von "fmt::v12::report_error"
      I:\TrinityCore\_integ-12_1_all\src\server\game\Handlers\WowLabsHandler.cpp(48,5):
      Die Aufrufliste der Auswertung (der älteste Aufruf zuerst) ist
          I:\TrinityCore\_integ-12_1_all\src\server\game\Handlers\WowLabsHandler.cpp(48,5):
          beim Auswerten der Funktion „fmt::v12::fstring<std::string>::fstring<Trinity::FormatStringView,0>(const S &)“
          with
          [
              S=Trinity::FormatStringView
          ]
          I:\TrinityCore\_integ-12_1_all\dep\fmt\include\fmt\base.h(2767,40):
          beim Auswerten der Funktion „void fmt::v12::detail::parse_format_string<char,fmt::v12::detail::format_string_checker<char,1,0,false>>(fmt::v12::basic_string_view<char>,Handler &&)“
          with
          [
              Handler=fmt::v12::detail::format_string_checker<char,1,0,false>
          ]
          I:\TrinityCore\_integ-12_1_all\dep\fmt\include\fmt\base.h(1660,42):
          beim Auswerten der Funktion „const Char *fmt::v12::detail::parse_replacement_field<Char,Handler&>(const Char *,const Char *,fmt::v12::detail::format_string_checker<Char,1,0,false>&)“
          with
          [
              Char=char,
              Handler=fmt::v12::detail::format_string_checker<char,1,0,false>
          ]
          I:\TrinityCore\_integ-12_1_all\dep\fmt\include\fmt\base.h(1617,51):
          beim Auswerten der Funktion „int fmt::v12::detail::format_string_checker<char,1,0,false>::on_arg_id(void)“
          I:\TrinityCore\_integ-12_1_all\dep\fmt\include\fmt\base.h(1727,70):
          beim Auswerten der Funktion „int fmt::v12::detail::compile_parse_context<Char>::next_arg_id(void)“
          with
          [
              Char=char
          ]
          I:\TrinityCore\_integ-12_1_all\dep\fmt\include\fmt\base.h(1266,31):
          beim Auswerten der Funktion „int fmt::v12::parse_context<char>::next_arg_id(void)“
          I:\TrinityCore\_integ-12_1_all\dep\fmt\include\fmt\base.h(893,20):
          beim Auswerten der Funktion „void fmt::v12::parse_context<char>::do_check_arg_id(int)“
          I:\TrinityCore\_integ-12_1_all\dep\fmt\include\fmt\base.h(2465,48):
          beim Auswerten der Funktion „void fmt::v12::report_error(const char *)“
  
I:\TrinityCore\_integ-12_1_all\src\server\game\Handlers\WowLabsHandler.cpp(53,5): error C2352: "WorldSession::SendPacket": Ein Aufruf einer nicht statischen Memberfunktion erfordert ein Objekt [I:\TrinityCore\_integ-12_1_all\build\src\server\game\game.vcxproj]
  (Quelldatei „../../../../src/server/game/Handlers/WowLabsHandler.cpp“ wird kompiliert)
      I:\TrinityCore\_integ-12_1_all\src\server\game\Server\WorldSession.h(1641,14):
      Siehe Deklaration von "WorldSession::SendPacket"
  
I:\TrinityCore\_integ-12_1_all\src\server\game\OutdoorPvP\OutdoorPvP.h(158,14): error C4263: "void WorldPackets::OutdoorPvP::OnCreatureCreate(WorldPackets::Creature *)": Memberfunktion überschreibt keine virtuelle Memberfunktion einer Basisklasse [I:\TrinityCore\_integ-12_1_all\build\src\server\game\game.vcxproj]
  (Quelldatei „../../../../src/server/game/Handlers/MiscHandler.cpp“ wird kompiliert)
  
I:\TrinityCore\_integ-12_1_all\src\server\game\OutdoorPvP\OutdoorPvP.h(127,19): error C4264: "void ZoneScript::OnCreatureCreate(Creature *)": Keine Überschreibung für virtuelle Memberfunktion der Basis "ZoneScript" verfügbar; die Funktion wird ausgeblendet [I:\TrinityCore\_integ-12_1_all\build\src\server\game\game.vcxproj]
  (Quelldatei „../../../../src/server/game/Handlers/MiscHandler.cpp“ wird kompiliert)
      I:\TrinityCore\_integ-12_1_all\src\server\game\Maps\ZoneScript.h(76,22):
      Siehe Deklaration von "ZoneScript::OnCreatureCreate"
      I:\TrinityCore\_integ-12_1_all\src\server\game\Maps\ZoneScript.h(63,19):
      Siehe Deklaration von "ZoneScript"
  
I:\TrinityCore\_integ-12_1_all\src\server\game\Handlers\WowLabsHandler.cpp(60,20): error C2511: "void WorldSession::HandleQueryWowLabsAreaInfo(WorldPackets::WorldPackets::WowLabs::QueryWowLabsAreaInfo &)": Überladene Memberfunktion nicht in "WorldSession" gefunden [I:\TrinityCore\_integ-12_1_all\build\src\server\game\game.vcxproj]
  (Quelldatei „../../../../src/server/game/Handlers/WowLabsHandler.cpp“ wird kompiliert)
      I:\TrinityCore\_integ-12_1_all\src\server\game\Server\WorldSession.h(1625,19):
      Siehe Deklaration von "WorldSession"
  
I:\TrinityCore\_integ-12_1_all\src\server\game\Handlers\WowLabsHandler.cpp(60,20): error C2888: "void WorldSession::HandleQueryWowLabsAreaInfo(WorldPackets::WorldPackets::WowLabs::QueryWowLabsAreaInfo &)": Symbol kann nicht im Namespace "WorldPackets" definiert werden [I:\TrinityCore\_integ-12_1_all\build\src\server\game\game.vcxproj]
  (Quelldatei „../../../../src/server/game/Handlers/WowLabsHandler.cpp“ wird kompiliert)
  
I:\TrinityCore\_integ-12_1_all\src\server\game\Handlers\WowLabsHandler.cpp(62,5): error C2352: "WorldSession::GetPlayerInfo": Ein Aufruf einer nicht statischen Memberfunktion erfordert ein Objekt [I:\TrinityCore\_integ-12_1_all\build\src\server\game\game.vcxproj]
  (Quelldatei „../../../../src/server/game/Handlers/WowLabsHandler.cpp“ wird kompiliert)
      I:\TrinityCore\_integ-12_1_all\src\server\game\Server\WorldSession.h(1721,21):
      Siehe Deklaration von "WorldSession::GetPlayerInfo"
  
I:\TrinityCore\_integ-12_1_all\src\server\game\Handlers\WowLabsHandler.cpp(62,5): error C7595: "fmt::v12::fstring<std::string>::fstring": Der Aufruf einer unmittelbaren Funktion ist kein konstanter Ausdruck. [I:\TrinityCore\_integ-12_1_all\build\src\server\game\game.vcxproj]
  (Quelldatei „../../../../src/server/game/Handlers/WowLabsHandler.cpp“ wird kompiliert)
      I:\TrinityCore\_integ-12_1_all\dep\fmt\include\fmt\base.h(2465,48):
      Fehler wurde durch den Aufruf einer nicht definierten Funktion oder eines nicht deklarierten "constexpr" verursacht
      I:\TrinityCore\_integ-12_1_all\dep\fmt\include\fmt\base.h(2465,48):
      siehe Verwendung von "fmt::v12::report_error"
      I:\TrinityCore\_integ-12_1_all\src\server\game\Handlers\WowLabsHandler.cpp(62,5):
      Die Aufrufliste der Auswertung (der älteste Aufruf zuerst) ist
          I:\TrinityCore\_integ-12_1_all\src\server\game\Handlers\WowLabsHandler.cpp(62,5):
          beim Auswerten der Funktion „fmt::v12::fstring<std::string>::fstring<Trinity::FormatStringView,0>(const S &)“
          with
          [
              S=Trinity::FormatStringView
          ]
          I:\TrinityCore\_integ-12_1_all\dep\fmt\include\fmt\base.h(2767,40):
          beim Auswerten der Funktion „void fmt::v12::detail::parse_format_string<char,fmt::v12::detail::format_string_checker<char,1,0,false>>(fmt::v12::basic_string_view<char>,Handler &&)“
          with
          [
              Handler=fmt::v12::detail::format_string_checker<char,1,0,false>
          ]
          I:\TrinityCore\_integ-12_1_all\dep\fmt\include\fmt\base.h(1660,42):
          beim Auswerten der Funktion „const Char *fmt::v12::detail::parse_replacement_field<Char,Handler&>(const Char *,const Char *,fmt::v12::detail::format_string_checker<Char,1,0,false>&)“
          with
          [
              Char=char,
              Handler=fmt::v12::detail::format_string_checker<char,1,0,false>
          ]
          I:\TrinityCore\_integ-12_1_all\dep\fmt\include\fmt\base.h(1617,51):
          beim Auswerten der Funktion „int fmt::v12::detail::format_string_checker<char,1,0,false>::on_arg_id(void)“
          I:\TrinityCore\_integ-12_1_all\dep\fmt\include\fmt\base.h(1727,70):
          beim Auswerten der Funktion „int fmt::v12::detail::compile_parse_context<Char>::next_arg_id(void)“
          with
          [
              Char=char
          ]
          I:\TrinityCore\_integ-12_1_all\dep\fmt\include\fmt\base.h(1266,31):
          beim Auswerten der Funktion „int fmt::v12::parse_context<char>::next_arg_id(void)“
          I:\TrinityCore\_integ-12_1_all\dep\fmt\include\fmt\base.h(893,20):
          beim Auswerten der Funktion „void fmt::v12::parse_context<char>::do_check_arg_id(int)“
          I:\TrinityCore\_integ-12_1_all\dep\fmt\include\fmt\base.h(2465,48):
          beim Auswerten der Funktion „void fmt::v12::report_error(const char *)“
  
I:\TrinityCore\_integ-12_1_all\src\server\game\Handlers\WowLabsHandler.cpp(65,5): error C2352: "WorldSession::SendPacket": Ein Aufruf einer nicht statischen Memberfunktion erfordert ein Objekt [I:\TrinityCore\_integ-12_1_all\build\src\server\game\game.vcxproj]
  (Quelldatei „../../../../src/server/game/Handlers/WowLabsHandler.cpp“ wird kompiliert)
      I:\TrinityCore\_integ-12_1_all\src\server\game\Server\WorldSession.h(1641,14):
      Siehe Deklaration von "WorldSession::SendPacket"
  
I:\TrinityCore\_integ-12_1_all\src\server\game\Handlers\WowLabsHandler.cpp(92,20): error C2511: "void WorldSession::HandleSelectWowLabsArea(WorldPackets::WorldPackets::WowLabs::SelectWowLabsArea &)": Überladene Memberfunktion nicht in "WorldSession" gefunden [I:\TrinityCore\_integ-12_1_all\build\src\server\game\game.vcxproj]
  (Quelldatei „../../../../src/server/game/Handlers/WowLabsHandler.cpp“ wird kompiliert)
      I:\TrinityCore\_integ-12_1_all\src\server\game\Server\WorldSession.h(1625,19):
      Siehe Deklaration von "WorldSession"
  
I:\TrinityCore\_integ-12_1_all\src\server\game\Handlers\WowLabsHandler.cpp(92,20): error C2888: "void WorldSession::HandleSelectWowLabsArea(WorldPackets::WorldPackets::WowLabs::SelectWowLabsArea &)": Symbol kann nicht im Namespace "WorldPackets" definiert werden [I:\TrinityCore\_integ-12_1_all\build\src\server\game\game.vcxproj]
  (Quelldatei „../../../../src/server/game/Handlers/WowLabsHandler.cpp“ wird kompiliert)
  
I:\TrinityCore\_integ-12_1_all\src\server\game\Handlers\WowLabsHandler.cpp(94,5): error C2352: "WorldSession::GetPlayerInfo": Ein Aufruf einer nicht statischen Memberfunktion erfordert ein Objekt [I:\TrinityCore\_integ-12_1_all\build\src\server\game\game.vcxproj]
  (Quelldatei „../../../../src/server/game/Handlers/WowLabsHandler.cpp“ wird kompiliert)
      I:\TrinityCore\_integ-12_1_all\src\server\game\Server\WorldSession.h(1721,21):
      Siehe Deklaration von "WorldSession::GetPlayerInfo"
  
I:\TrinityCore\_integ-12_1_all\src\server\game\Handlers\WowLabsHandler.cpp(94,5): error C7595: "fmt::v12::fstring<std::string,uint32 &>::fstring": Der Aufruf einer unmittelbaren Funktion ist kein konstanter Ausdruck. [I:\TrinityCore\_integ-12_1_all\build\src\server\game\game.vcxproj]
  (Quelldatei „../../../../src/server/game/Handlers/WowLabsHandler.cpp“ wird kompiliert)
      I:\TrinityCore\_integ-12_1_all\dep\fmt\include\fmt\base.h(2465,48):
      Fehler wurde durch den Aufruf einer nicht definierten Funktion oder eines nicht deklarierten "constexpr" verursacht
      I:\TrinityCore\_integ-12_1_all\dep\fmt\include\fmt\base.h(2465,48):
      siehe Verwendung von "fmt::v12::report_error"
      I:\TrinityCore\_integ-12_1_all\src\server\game\Handlers\WowLabsHandler.cpp(94,5):
      Die Aufrufliste der Auswertung (der älteste Aufruf zuerst) ist
          I:\TrinityCore\_integ-12_1_all\src\server\game\Handlers\WowLabsHandler.cpp(94,5):
          beim Auswerten der Funktion „fmt::v12::fstring<std::string,uint32 &>::fstring<Trinity::FormatStringView,0>(const S &)“
          with
          [
              S=Trinity::FormatStringView
          ]
          I:\TrinityCore\_integ-12_1_all\dep\fmt\include\fmt\base.h(2767,40):
          beim Auswerten der Funktion „void fmt::v12::detail::parse_format_string<char,fmt::v12::detail::format_string_checker<char,2,0,false>>(fmt::v12::basic_string_view<char>,Handler &&)“
          with
          [
              Handler=fmt::v12::detail::format_string_checker<char,2,0,false>
          ]
          I:\TrinityCore\_integ-12_1_all\dep\fmt\include\fmt\base.h(1660,42):
          beim Auswerten der Funktion „const Char *fmt::v12::detail::parse_replacement_field<Char,Handler&>(const Char *,const Char *,fmt::v12::detail::format_string_checker<Char,2,0,false>&)“
          with
          [
              Char=char,
              Handler=fmt::v12::detail::format_string_checker<char,2,0,false>
          ]
          I:\TrinityCore\_integ-12_1_all\dep\fmt\include\fmt\base.h(1617,51):
          beim Auswerten der Funktion „int fmt::v12::detail::format_string_checker<char,2,0,false>::on_arg_id(void)“
          I:\TrinityCore\_integ-12_1_all\dep\fmt\include\fmt\base.h(1727,70):
          beim Auswerten der Funktion „int fmt::v12::detail::compile_parse_context<Char>::next_arg_id(void)“
          with
          [
              Char=char
          ]
          I:\TrinityCore\_integ-12_1_all\dep\fmt\include\fmt\base.h(1266,31):
          beim Auswerten der Funktion „int fmt::v12::parse_context<char>::next_arg_id(void)“
          I:\TrinityCore\_integ-12_1_all\dep\fmt\include\fmt\base.h(893,20):
          beim Auswerten der Funktion „void fmt::v12::parse_context<char>::do_check_arg_id(int)“
          I:\TrinityCore\_integ-12_1_all\dep\fmt\include\fmt\base.h(2465,48):
          beim Auswerten der Funktion „void fmt::v12::report_error(const char *)“
  
I:\TrinityCore\_integ-12_1_all\src\server\game\Handlers\WowLabsHandler.cpp(99,5): error C2352: "WorldSession::SendPacket": Ein Aufruf einer nicht statischen Memberfunktion erfordert ein Objekt [I:\TrinityCore\_integ-12_1_all\build\src\server\game\game.vcxproj]
  (Quelldatei „../../../../src/server/game/Handlers/WowLabsHandler.cpp“ wird kompiliert)
      I:\TrinityCore\_integ-12_1_all\src\server\game\Server\WorldSession.h(1641,14):
      Siehe Deklaration von "WorldSession::SendPacket"
  
I:\TrinityCore\_integ-12_1_all\src\server\game\Server\Packets\CharacterPackets.h(44,1): error C1075: {: kein übereinstimmendes Token gefunden. [I:\TrinityCore\_integ-12_1_all\build\src\server\game\game.vcxproj]
  (Quelldatei „../../../../src/server/game/Handlers/WowLabsHandler.cpp“ wird kompiliert)
  
  HouseInteriorMap.cpp
  Housing.cpp
  zone_blades_edge_mountains.cpp
  zone_hellfire_peninsula.cpp
  zone_nagrand.cpp
  zone_netherstorm.cpp
I:\TrinityCore\_integ-12_1_all\src\server\game\Server\Packets\QueryPackets.h(44,72): error C2665: "WorldPackets::ClientPacket::ClientPacket": Keine überladene Funktion konnte alle Argumenttypen konvertieren [I:\TrinityCore\_integ-12_1_all\build\src\server\game\game.vcxproj]
  (Quelldatei „../../../../src/server/game/Handlers/MiscHandler.cpp“ wird kompiliert)
      I:\TrinityCore\_integ-12_1_all\src\server\game\Server\Packet.h(64,9):
      kann "WorldPackets::ClientPacket::ClientPacket(OpcodeClient,WorldPacket &&)" sein
          I:\TrinityCore\_integ-12_1_all\src\server\game\Server\Packets\QueryPackets.h(44,72):
          "WorldPackets::ClientPacket::ClientPacket(OpcodeClient,WorldPacket &&)" : Konvertierung von Argument 2 von "WorldPackets::WorldPacket" in "WorldPacket &&" nicht möglich
              I:\TrinityCore\_integ-12_1_all\src\server\game\Server\Packets\QueryPackets.h(44,103):
              Ursache: Konvertierung von "WorldPackets::WorldPacket" in "WorldPacket" nicht möglich
              I:\TrinityCore\_integ-12_1_all\src\server\game\Server\Packets\QueryPackets.h(44,103):
              Kein benutzerdefinierter Konvertierungsoperator verfügbar, der diese Konvertierung durchführen kann, oder der Operator kann nicht aufgerufen werden
      I:\TrinityCore\_integ-12_1_all\src\server\game\Server\Packets\QueryPackets.h(44,72):
      bei Anpassung der Argumentliste "(OpcodeClient, WorldPackets::WorldPacket)"
  
  zone_shadowmoon_valley.cpp
  zone_terokkar_forest.cpp
  zone_zangarmarsh.cpp
  pandaria_scripts_loader.cpp
  HousingBlueprintMgr.cpp
  HousingMap.cpp
  zone_the_jade_forest.cpp
  zone_the_wandering_isle.cpp
I:\TrinityCore\_integ-12_1_all\src\server\game\Server\Packets\QueryPackets.h(97,32): error C2555: "WorldPackets::WorldPackets::Query::QueryCreatureResponse::Write": Der überschreibende virtuelle Funktionsrückgabetyp unterscheidet sich und ist keine "covariant" von "WorldPackets::Packet::Write" [I:\TrinityCore\_integ-12_1_all\build\src\server\game\game.vcxproj]
  (Quelldatei „../../../../src/server/game/Handlers/MiscHandler.cpp“ wird kompiliert)
      I:\TrinityCore\_integ-12_1_all\src\server\game\Server\Packet.h(35,36):
      Siehe Deklaration von "WorldPackets::Packet::Write"
  
  HousingMgr.cpp
  pet_battle_trainer.cpp
  pet_dk.cpp
I:\TrinityCore\_integ-12_1_all\src\server\game\Server\Packets\QueryPackets.h(107,75): error C2665: "WorldPackets::ClientPacket::ClientPacket": Keine überladene Funktion konnte alle Argumenttypen konvertieren [I:\TrinityCore\_integ-12_1_all\build\src\server\game\game.vcxproj]
  (Quelldatei „../../../../src/server/game/Handlers/MiscHandler.cpp“ wird kompiliert)
      I:\TrinityCore\_integ-12_1_all\src\server\game\Server\Packet.h(64,9):
      kann "WorldPackets::ClientPacket::ClientPacket(OpcodeClient,WorldPacket &&)" sein
          I:\TrinityCore\_integ-12_1_all\src\server\game\Server\Packets\QueryPackets.h(107,75):
          "WorldPackets::ClientPacket::ClientPacket(OpcodeClient,WorldPacket &&)" : Konvertierung von Argument 2 von "WorldPackets::WorldPacket" in "WorldPacket &&" nicht möglich
              I:\TrinityCore\_integ-12_1_all\src\server\game\Server\Packets\QueryPackets.h(107,110):
              Ursache: Konvertierung von "WorldPackets::WorldPacket" in "WorldPacket" nicht möglich
              I:\TrinityCore\_integ-12_1_all\src\server\game\Server\Packets\QueryPackets.h(107,110):
              Kein benutzerdefinierter Konvertierungsoperator verfügbar, der diese Konvertierung durchführen kann, oder der Operator kann nicht aufgerufen werden
      I:\TrinityCore\_integ-12_1_all\src\server\game\Server\Packets\QueryPackets.h(107,75):
      bei Anpassung der Argumentliste "(OpcodeClient, WorldPackets::WorldPacket)"
  
  pet_evoker.cpp
  pet_generic.cpp
  pet_hunter.cpp
  pet_mage.cpp
  pet_priest.cpp
  pet_script_loader.cpp
  pet_shaman.cpp
  harandar_chapter_1_of_craves_and_cradles.cpp
  boss_kystia_manaheart.cpp
  instance_murder_row.cpp
  quel_thalas_script_loader.cpp
  InitiativeManager.cpp
  Neighborhood.cpp
  zone_silvermoon_city_midnight.cpp
  boss_sylvanas_windrunner.cpp
  instance_sanctum_of_domination.cpp
  boss_anduin_wrynn.cpp
I:\TrinityCore\_integ-12_1_all\src\server\game\Server\Packets\QueryPackets.h(161,32): error C2555: "WorldPackets::WorldPackets::Query::QueryPlayerNamesResponse::Write": Der überschreibende virtuelle Funktionsrückgabetyp unterscheidet sich und ist keine "covariant" von "WorldPackets::Packet::Write" [I:\TrinityCore\_integ-12_1_all\build\src\server\game\game.vcxproj]
  (Quelldatei „../../../../src/server/game/Handlers/MiscHandler.cpp“ wird kompiliert)
      I:\TrinityCore\_integ-12_1_all\src\server\game\Server\Packet.h(35,36):
      Siehe Deklaration von "WorldPackets::Packet::Write"
  
I:\TrinityCore\_integ-12_1_all\src\server\game\Server\Packets\QueryPackets.h(199,87): error C2665: "WorldPackets::ClientPacket::ClientPacket": Keine überladene Funktion konnte alle Argumenttypen konvertieren [I:\TrinityCore\_integ-12_1_all\build\src\server\game\game.vcxproj]
  (Quelldatei „../../../../src/server/game/Handlers/MiscHandler.cpp“ wird kompiliert)
      I:\TrinityCore\_integ-12_1_all\src\server\game\Server\Packet.h(64,9):
      kann "WorldPackets::ClientPacket::ClientPacket(OpcodeClient,WorldPacket &&)" sein
          I:\TrinityCore\_integ-12_1_all\src\server\game\Server\Packets\QueryPackets.h(199,87):
          "WorldPackets::ClientPacket::ClientPacket(OpcodeClient,WorldPacket &&)" : Konvertierung von Argument 2 von "WorldPackets::WorldPacket" in "WorldPacket &&" nicht möglich
              I:\TrinityCore\_integ-12_1_all\src\server\game\Server\Packets\QueryPackets.h(199,137):
              Ursache: Konvertierung von "WorldPackets::WorldPacket" in "WorldPacket" nicht möglich
              I:\TrinityCore\_integ-12_1_all\src\server\game\Server\Packets\QueryPackets.h(199,137):
              Kein benutzerdefinierter Konvertierungsoperator verfügbar, der diese Konvertierung durchführen kann, oder der Operator kann nicht aufgerufen werden
      I:\TrinityCore\_integ-12_1_all\src\server\game\Server\Packets\QueryPackets.h(199,87):
      bei Anpassung der Argumentliste "(OpcodeClient, WorldPackets::WorldPacket)"
  
I:\TrinityCore\_integ-12_1_all\src\server\game\Server\Packets\QueryPackets.h(282,87): error C2665: "WorldPackets::ClientPacket::ClientPacket": Keine überladene Funktion konnte alle Argumenttypen konvertieren [I:\TrinityCore\_integ-12_1_all\build\src\server\game\game.vcxproj]
  (Quelldatei „../../../../src/server/game/Handlers/MiscHandler.cpp“ wird kompiliert)
      I:\TrinityCore\_integ-12_1_all\src\server\game\Server\Packet.h(64,9):
      kann "WorldPackets::ClientPacket::ClientPacket(OpcodeClient,WorldPacket &&)" sein
          I:\TrinityCore\_integ-12_1_all\src\server\game\Server\Packets\QueryPackets.h(282,87):
          "WorldPackets::ClientPacket::ClientPacket(OpcodeClient,WorldPacket &&)" : Konvertierung von Argument 2 von "WorldPackets::WorldPacket" in "WorldPacket &&" nicht möglich
              I:\TrinityCore\_integ-12_1_all\src\server\game\Server\Packets\QueryPackets.h(282,136):
              Ursache: Konvertierung von "WorldPackets::WorldPacket" in "WorldPacket" nicht möglich
              I:\TrinityCore\_integ-12_1_all\src\server\game\Server\Packets\QueryPackets.h(282,136):
              Kein benutzerdefinierter Konvertierungsoperator verfügbar, der diese Konvertierung durchführen kann, oder der Operator kann nicht aufgerufen werden
      I:\TrinityCore\_integ-12_1_all\src\server\game\Server\Packets\QueryPackets.h(282,87):
      bei Anpassung der Argumentliste "(OpcodeClient, WorldPackets::WorldPacket)"
  
I:\TrinityCore\_integ-12_1_all\src\server\game\Server\Packets\QueryPackets.h(321,32): error C2555: "WorldPackets::WorldPackets::Query::QueryPlayerNameByCommunityIdResponse::Write": Der überschreibende virtuelle Funktionsrückgabetyp unterscheidet sich und ist keine "covariant" von "WorldPackets::Packet::Write" [I:\TrinityCore\_integ-12_1_all\build\src\server\game\game.vcxproj]
  (Quelldatei „../../../../src/server/game/Handlers/MiscHandler.cpp“ wird kompiliert)
      I:\TrinityCore\_integ-12_1_all\src\server\game\Server\Packet.h(35,36):
      Siehe Deklaration von "WorldPackets::Packet::Write"
  
I:\TrinityCore\_integ-12_1_all\src\server\game\Server\Packets\QueryPackets.h(331,72): error C2665: "WorldPackets::ClientPacket::ClientPacket": Keine überladene Funktion konnte alle Argumenttypen konvertieren [I:\TrinityCore\_integ-12_1_all\build\src\server\game\game.vcxproj]
  (Quelldatei „../../../../src/server/game/Handlers/MiscHandler.cpp“ wird kompiliert)
      I:\TrinityCore\_integ-12_1_all\src\server\game\Server\Packet.h(64,9):
      kann "WorldPackets::ClientPacket::ClientPacket(OpcodeClient,WorldPacket &&)" sein
          I:\TrinityCore\_integ-12_1_all\src\server\game\Server\Packets\QueryPackets.h(331,72):
          "WorldPackets::ClientPacket::ClientPacket(OpcodeClient,WorldPacket &&)" : Konvertierung von Argument 2 von "WorldPackets::WorldPacket" in "WorldPacket &&" nicht möglich
              I:\TrinityCore\_integ-12_1_all\src\server\game\Server\Packets\QueryPackets.h(331,104):
              Ursache: Konvertierung von "WorldPackets::WorldPacket" in "WorldPacket" nicht möglich
              I:\TrinityCore\_integ-12_1_all\src\server\game\Server\Packets\QueryPackets.h(331,104):
              Kein benutzerdefinierter Konvertierungsoperator verfügbar, der diese Konvertierung durchführen kann, oder der Operator kann nicht aufgerufen werden
      I:\TrinityCore\_integ-12_1_all\src\server\game\Server\Packets\QueryPackets.h(331,72):
      bei Anpassung der Argumentliste "(OpcodeClient, WorldPackets::WorldPacket)"
  
  instance_sepulcher_of_the_first_ones.cpp
I:\TrinityCore\_integ-12_1_all\src\server\game\Server\Packets\QueryPackets.h(344,32): error C2555: "WorldPackets::WorldPackets::Query::QueryPageTextResponse::Write": Der überschreibende virtuelle Funktionsrückgabetyp unterscheidet sich und ist keine "covariant" von "WorldPackets::Packet::Write" [I:\TrinityCore\_integ-12_1_all\build\src\server\game\game.vcxproj]
  (Quelldatei „../../../../src/server/game/Handlers/MiscHandler.cpp“ wird kompiliert)
      I:\TrinityCore\_integ-12_1_all\src\server\game\Server\Packet.h(35,36):
      Siehe Deklaration von "WorldPackets::Packet::Write"
  
I:\TrinityCore\_integ-12_1_all\src\server\game\Server\Packets\QueryPackets.h(370,32): error C2555: "WorldPackets::WorldPackets::Query::InvalidatePageText::Write": Der überschreibende virtuelle Funktionsrückgabetyp unterscheidet sich und ist keine "covariant" von "WorldPackets::Packet::Write" [I:\TrinityCore\_integ-12_1_all\build\src\server\game\game.vcxproj]
  (Quelldatei „../../../../src/server/game/Handlers/MiscHandler.cpp“ wird kompiliert)
      I:\TrinityCore\_integ-12_1_all\src\server\game\Server\Packet.h(35,36):
      Siehe Deklaration von "WorldPackets::Packet::Write"
  
I:\TrinityCore\_integ-12_1_all\src\server\game\Server\Packets\QueryPackets.h(378,71): error C2665: "WorldPackets::ClientPacket::ClientPacket": Keine überladene Funktion konnte alle Argumenttypen konvertieren [I:\TrinityCore\_integ-12_1_all\build\src\server\game\game.vcxproj]
  (Quelldatei „../../../../src/server/game/Handlers/MiscHandler.cpp“ wird kompiliert)
      I:\TrinityCore\_integ-12_1_all\src\server\game\Server\Packet.h(64,9):
      kann "WorldPackets::ClientPacket::ClientPacket(OpcodeClient,WorldPacket &&)" sein
          I:\TrinityCore\_integ-12_1_all\src\server\game\Server\Packets\QueryPackets.h(378,71):
          "WorldPackets::ClientPacket::ClientPacket(OpcodeClient,WorldPacket &&)" : Konvertierung von Argument 2 von "WorldPackets::WorldPacket" in "WorldPacket &&" nicht möglich
              I:\TrinityCore\_integ-12_1_all\src\server\game\Server\Packets\QueryPackets.h(378,102):
              Ursache: Konvertierung von "WorldPackets::WorldPacket" in "WorldPacket" nicht möglich
              I:\TrinityCore\_integ-12_1_all\src\server\game\Server\Packets\QueryPackets.h(378,102):
              Kein benutzerdefinierter Konvertierungsoperator verfügbar, der diese Konvertierung durchführen kann, oder der Operator kann nicht aufgerufen werden
      I:\TrinityCore\_integ-12_1_all\src\server\game\Server\Packets\QueryPackets.h(378,71):
      bei Anpassung der Argumentliste "(OpcodeClient, WorldPackets::WorldPacket)"
  
I:\TrinityCore\_integ-12_1_all\src\server\game\Server\Packets\QueryPackets.h(391,32): error C2555: "WorldPackets::WorldPackets::Query::QueryNPCTextResponse::Write": Der überschreibende virtuelle Funktionsrückgabetyp unterscheidet sich und ist keine "covariant" von "WorldPackets::Packet::Write" [I:\TrinityCore\_integ-12_1_all\build\src\server\game\game.vcxproj]
  (Quelldatei „../../../../src/server/game/Handlers/MiscHandler.cpp“ wird kompiliert)
      I:\TrinityCore\_integ-12_1_all\src\server\game\Server\Packet.h(35,36):
      Siehe Deklaration von "WorldPackets::Packet::Write"
  
I:\TrinityCore\_integ-12_1_all\src\server\game\Server\Packets\QueryPackets.h(402,74): error C2665: "WorldPackets::ClientPacket::ClientPacket": Keine überladene Funktion konnte alle Argumenttypen konvertieren [I:\TrinityCore\_integ-12_1_all\build\src\server\game\game.vcxproj]
  (Quelldatei „../../../../src/server/game/Handlers/MiscHandler.cpp“ wird kompiliert)
      I:\TrinityCore\_integ-12_1_all\src\server\game\Server\Packet.h(64,9):
      kann "WorldPackets::ClientPacket::ClientPacket(OpcodeClient,WorldPacket &&)" sein
          I:\TrinityCore\_integ-12_1_all\src\server\game\Server\Packets\QueryPackets.h(402,74):
          "WorldPackets::ClientPacket::ClientPacket(OpcodeClient,WorldPacket &&)" : Konvertierung von Argument 2 von "WorldPackets::WorldPacket" in "WorldPacket &&" nicht möglich
              I:\TrinityCore\_integ-12_1_all\src\server\game\Server\Packets\QueryPackets.h(402,108):
              Ursache: Konvertierung von "WorldPackets::WorldPacket" in "WorldPacket" nicht möglich
              I:\TrinityCore\_integ-12_1_all\src\server\game\Server\Packets\QueryPackets.h(402,108):
              Kein benutzerdefinierter Konvertierungsoperator verfügbar, der diese Konvertierung durchführen kann, oder der Operator kann nicht aufgerufen werden
      I:\TrinityCore\_integ-12_1_all\src\server\game\Server\Packets\QueryPackets.h(402,74):
      bei Anpassung der Argumentliste "(OpcodeClient, WorldPackets::WorldPacket)"
  
I:\TrinityCore\_integ-12_1_all\src\server\game\Server\Packets\QueryPackets.h(430,32): error C2555: "WorldPackets::WorldPackets::Query::QueryGameObjectResponse::Write": Der überschreibende virtuelle Funktionsrückgabetyp unterscheidet sich und ist keine "covariant" von "WorldPackets::Packet::Write" [I:\TrinityCore\_integ-12_1_all\build\src\server\game\game.vcxproj]
  (Quelldatei „../../../../src/server/game/Handlers/MiscHandler.cpp“ wird kompiliert)
      I:\TrinityCore\_integ-12_1_all\src\server\game\Server\Packet.h(35,36):
      Siehe Deklaration von "WorldPackets::Packet::Write"
  
I:\TrinityCore\_integ-12_1_all\src\server\game\Server\Packets\QueryPackets.h(441,88): error C2665: "WorldPackets::ClientPacket::ClientPacket": Keine überladene Funktion konnte alle Argumenttypen konvertieren [I:\TrinityCore\_integ-12_1_all\build\src\server\game\game.vcxproj]
  (Quelldatei „../../../../src/server/game/Handlers/MiscHandler.cpp“ wird kompiliert)
      I:\TrinityCore\_integ-12_1_all\src\server\game\Server\Packet.h(64,9):
      kann "WorldPackets::ClientPacket::ClientPacket(OpcodeClient,WorldPacket &&)" sein
          I:\TrinityCore\_integ-12_1_all\src\server\game\Server\Packets\QueryPackets.h(441,88):
          "WorldPackets::ClientPacket::ClientPacket(OpcodeClient,WorldPacket &&)" : Konvertierung von Argument 2 von "WorldPackets::WorldPacket" in "WorldPacket &&" nicht möglich
              I:\TrinityCore\_integ-12_1_all\src\server\game\Server\Packets\QueryPackets.h(441,138):
              Ursache: Konvertierung von "WorldPackets::WorldPacket" in "WorldPacket" nicht möglich
              I:\TrinityCore\_integ-12_1_all\src\server\game\Server\Packets\QueryPackets.h(441,138):
              Kein benutzerdefinierter Konvertierungsoperator verfügbar, der diese Konvertierung durchführen kann, oder der Operator kann nicht aufgerufen werden
      I:\TrinityCore\_integ-12_1_all\src\server\game\Server\Packets\QueryPackets.h(441,88):
      bei Anpassung der Argumentliste "(OpcodeClient, WorldPackets::WorldPacket)"
  
I:\TrinityCore\_integ-12_1_all\src\server\game\Server\Packets\QueryPackets.h(453,32): error C2555: "WorldPackets::WorldPackets::Query::CorpseLocation::Write": Der überschreibende virtuelle Funktionsrückgabetyp unterscheidet sich und ist keine "covariant" von "WorldPackets::Packet::Write" [I:\TrinityCore\_integ-12_1_all\build\src\server\game\game.vcxproj]
  (Quelldatei „../../../../src/server/game/Handlers/MiscHandler.cpp“ wird kompiliert)
      I:\TrinityCore\_integ-12_1_all\src\server\game\Server\Packet.h(35,36):
      Siehe Deklaration von "WorldPackets::Packet::Write"
  
I:\TrinityCore\_integ-12_1_all\src\server\game\Server\Packets\QueryPackets.h(466,79): error C2665: "WorldPackets::ClientPacket::ClientPacket": Keine überladene Funktion konnte alle Argumenttypen konvertieren [I:\TrinityCore\_integ-12_1_all\build\src\server\game\game.vcxproj]
  (Quelldatei „../../../../src/server/game/Handlers/MiscHandler.cpp“ wird kompiliert)
      I:\TrinityCore\_integ-12_1_all\src\server\game\Server\Packet.h(64,9):
      kann "WorldPackets::ClientPacket::ClientPacket(OpcodeClient,WorldPacket &&)" sein
          I:\TrinityCore\_integ-12_1_all\src\server\game\Server\Packets\QueryPackets.h(466,79):
          "WorldPackets::ClientPacket::ClientPacket(OpcodeClient,WorldPacket &&)" : Konvertierung von Argument 2 von "WorldPackets::WorldPacket" in "WorldPacket &&" nicht möglich
              I:\TrinityCore\_integ-12_1_all\src\server\game\Server\Packets\QueryPackets.h(466,119):
              Ursache: Konvertierung von "WorldPackets::WorldPacket" in "WorldPacket" nicht möglich
              I:\TrinityCore\_integ-12_1_all\src\server\game\Server\Packets\QueryPackets.h(466,119):
              Kein benutzerdefinierter Konvertierungsoperator verfügbar, der diese Konvertierung durchführen kann, oder der Operator kann nicht aufgerufen werden
      I:\TrinityCore\_integ-12_1_all\src\server\game\Server\Packets\QueryPackets.h(466,79):
      bei Anpassung der Argumentliste "(OpcodeClient, WorldPackets::WorldPacket)"
  
I:\TrinityCore\_integ-12_1_all\src\server\game\Server\Packets\QueryPackets.h(479,32): error C2555: "WorldPackets::WorldPackets::Query::CorpseTransportQuery::Write": Der überschreibende virtuelle Funktionsrückgabetyp unterscheidet sich und ist keine "covariant" von "WorldPackets::Packet::Write" [I:\TrinityCore\_integ-12_1_all\build\src\server\game\game.vcxproj]
  (Quelldatei „../../../../src/server/game/Handlers/MiscHandler.cpp“ wird kompiliert)
      I:\TrinityCore\_integ-12_1_all\src\server\game\Server\Packet.h(35,36):
      Siehe Deklaration von "WorldPackets::Packet::Write"
  
I:\TrinityCore\_integ-12_1_all\src\server\game\Server\Packets\QueryPackets.h(489,68): error C2665: "WorldPackets::ClientPacket::ClientPacket": Keine überladene Funktion konnte alle Argumenttypen konvertieren [I:\TrinityCore\_integ-12_1_all\build\src\server\game\game.vcxproj]
  (Quelldatei „../../../../src/server/game/Handlers/MiscHandler.cpp“ wird kompiliert)
      I:\TrinityCore\_integ-12_1_all\src\server\game\Server\Packet.h(64,9):
      kann "WorldPackets::ClientPacket::ClientPacket(OpcodeClient,WorldPacket &&)" sein
          I:\TrinityCore\_integ-12_1_all\src\server\game\Server\Packets\QueryPackets.h(489,68):
          "WorldPackets::ClientPacket::ClientPacket(OpcodeClient,WorldPacket &&)" : Konvertierung von Argument 2 von "WorldPackets::WorldPacket" in "WorldPacket &&" nicht möglich
              I:\TrinityCore\_integ-12_1_all\src\server\game\Server\Packets\QueryPackets.h(489,95):
              Ursache: Konvertierung von "WorldPackets::WorldPacket" in "WorldPacket" nicht möglich
              I:\TrinityCore\_integ-12_1_all\src\server\game\Server\Packets\QueryPackets.h(489,95):
              Kein benutzerdefinierter Konvertierungsoperator verfügbar, der diese Konvertierung durchführen kann, oder der Operator kann nicht aufgerufen werden
      I:\TrinityCore\_integ-12_1_all\src\server\game\Server\Packets\QueryPackets.h(489,68):
      bei Anpassung der Argumentliste "(OpcodeClient, WorldPackets::WorldPacket)"
  
I:\TrinityCore\_integ-12_1_all\src\server\game\Server\Packets\QueryPackets.h(499,32): error C2555: "WorldPackets::WorldPackets::Query::QueryTimeResponse::Write": Der überschreibende virtuelle Funktionsrückgabetyp unterscheidet sich und ist keine "covariant" von "WorldPackets::Packet::Write" [I:\TrinityCore\_integ-12_1_all\build\src\server\game\game.vcxproj]
  (Quelldatei „../../../../src/server/game/Handlers/MiscHandler.cpp“ wird kompiliert)
      I:\TrinityCore\_integ-12_1_all\src\server\game\Server\Packet.h(35,36):
      Siehe Deklaration von "WorldPackets::Packet::Write"
  
I:\TrinityCore\_integ-12_1_all\src\server\game\Server\Packets\QueryPackets.h(507,72): error C2665: "WorldPackets::ClientPacket::ClientPacket": Keine überladene Funktion konnte alle Argumenttypen konvertieren [I:\TrinityCore\_integ-12_1_all\build\src\server\game\game.vcxproj]
  (Quelldatei „../../../../src/server/game/Handlers/MiscHandler.cpp“ wird kompiliert)
      I:\TrinityCore\_integ-12_1_all\src\server\game\Server\Packet.h(64,9):
      kann "WorldPackets::ClientPacket::ClientPacket(OpcodeClient,WorldPacket &&)" sein
          I:\TrinityCore\_integ-12_1_all\src\server\game\Server\Packets\QueryPackets.h(507,72):
          "WorldPackets::ClientPacket::ClientPacket(OpcodeClient,WorldPacket &&)" : Konvertierung von Argument 2 von "WorldPackets::WorldPacket" in "WorldPacket &&" nicht möglich
              I:\TrinityCore\_integ-12_1_all\src\server\game\Server\Packets\QueryPackets.h(507,104):
              Ursache: Konvertierung von "WorldPackets::WorldPacket" in "WorldPacket" nicht möglich
              I:\TrinityCore\_integ-12_1_all\src\server\game\Server\Packets\QueryPackets.h(507,104):
              Kein benutzerdefinierter Konvertierungsoperator verfügbar, der diese Konvertierung durchführen kann, oder der Operator kann nicht aufgerufen werden
      I:\TrinityCore\_integ-12_1_all\src\server\game\Server\Packets\QueryPackets.h(507,72):
      bei Anpassung der Argumentliste "(OpcodeClient, WorldPackets::WorldPacket)"
  
I:\TrinityCore\_integ-12_1_all\src\server\game\Server\Packets\QueryPackets.h(520,32): error C2555: "WorldPackets::WorldPackets::Query::QuestPOIQueryResponse::Write": Der überschreibende virtuelle Funktionsrückgabetyp unterscheidet sich und ist keine "covariant" von "WorldPackets::Packet::Write" [I:\TrinityCore\_integ-12_1_all\build\src\server\game\game.vcxproj]
  (Quelldatei „../../../../src/server/game/Handlers/MiscHandler.cpp“ wird kompiliert)
      I:\TrinityCore\_integ-12_1_all\src\server\game\Server\Packet.h(35,36):
      Siehe Deklaration von "WorldPackets::Packet::Write"
  
I:\TrinityCore\_integ-12_1_all\src\server\game\Server\Packets\QueryPackets.h(528,83): error C2665: "WorldPackets::ClientPacket::ClientPacket": Keine überladene Funktion konnte alle Argumenttypen konvertieren [I:\TrinityCore\_integ-12_1_all\build\src\server\game\game.vcxproj]
  (Quelldatei „../../../../src/server/game/Handlers/MiscHandler.cpp“ wird kompiliert)
      I:\TrinityCore\_integ-12_1_all\src\server\game\Server\Packet.h(64,9):
      kann "WorldPackets::ClientPacket::ClientPacket(OpcodeClient,WorldPacket &&)" sein
          I:\TrinityCore\_integ-12_1_all\src\server\game\Server\Packets\QueryPackets.h(528,83):
          "WorldPackets::ClientPacket::ClientPacket(OpcodeClient,WorldPacket &&)" : Konvertierung von Argument 2 von "WorldPackets::WorldPacket" in "WorldPacket &&" nicht möglich
              I:\TrinityCore\_integ-12_1_all\src\server\game\Server\Packets\QueryPackets.h(528,127):
              Ursache: Konvertierung von "WorldPackets::WorldPacket" in "WorldPacket" nicht möglich
              I:\TrinityCore\_integ-12_1_all\src\server\game\Server\Packets\QueryPackets.h(528,127):
              Kein benutzerdefinierter Konvertierungsoperator verfügbar, der diese Konvertierung durchführen kann, oder der Operator kann nicht aufgerufen werden
      I:\TrinityCore\_integ-12_1_all\src\server\game\Server\Packets\QueryPackets.h(528,83):
      bei Anpassung der Argumentliste "(OpcodeClient, WorldPackets::WorldPacket)"
  
I:\TrinityCore\_integ-12_1_all\src\server\game\Server\Packets\QueryPackets.h(546,32): error C2555: "WorldPackets::WorldPackets::Query::QuestCompletionNPCResponse::Write": Der überschreibende virtuelle Funktionsrückgabetyp unterscheidet sich und ist keine "covariant" von "WorldPackets::Packet::Write" [I:\TrinityCore\_integ-12_1_all\build\src\server\game\game.vcxproj]
  (Quelldatei „../../../../src/server/game/Handlers/MiscHandler.cpp“ wird kompiliert)
      I:\TrinityCore\_integ-12_1_all\src\server\game\Server\Packet.h(35,36):
      Siehe Deklaration von "WorldPackets::Packet::Write"
  
I:\TrinityCore\_integ-12_1_all\src\server\game\Server\Packets\QueryPackets.h(554,71): error C2665: "WorldPackets::ClientPacket::ClientPacket": Keine überladene Funktion konnte alle Argumenttypen konvertieren [I:\TrinityCore\_integ-12_1_all\build\src\server\game\game.vcxproj]
  (Quelldatei „../../../../src/server/game/Handlers/MiscHandler.cpp“ wird kompiliert)
      I:\TrinityCore\_integ-12_1_all\src\server\game\Server\Packet.h(64,9):
      kann "WorldPackets::ClientPacket::ClientPacket(OpcodeClient,WorldPacket &&)" sein
          I:\TrinityCore\_integ-12_1_all\src\server\game\Server\Packets\QueryPackets.h(554,71):
          "WorldPackets::ClientPacket::ClientPacket(OpcodeClient,WorldPacket &&)" : Konvertierung von Argument 2 von "WorldPackets::WorldPacket" in "WorldPacket &&" nicht möglich
              I:\TrinityCore\_integ-12_1_all\src\server\game\Server\Packets\QueryPackets.h(554,102):
              Ursache: Konvertierung von "WorldPackets::WorldPacket" in "WorldPacket" nicht möglich
              I:\TrinityCore\_integ-12_1_all\src\server\game\Server\Packets\QueryPackets.h(554,102):
              Kein benutzerdefinierter Konvertierungsoperator verfügbar, der diese Konvertierung durchführen kann, oder der Operator kann nicht aufgerufen werden
      I:\TrinityCore\_integ-12_1_all\src\server\game\Server\Packets\QueryPackets.h(554,71):
      bei Anpassung der Argumentliste "(OpcodeClient, WorldPackets::WorldPacket)"
  
I:\TrinityCore\_integ-12_1_all\src\server\game\Server\Packets\QueryPackets.h(573,27): error C2039: "Timestamp" ist kein Member von "WorldPackets::WorldPackets". [I:\TrinityCore\_integ-12_1_all\build\src\server\game\game.vcxproj]
  (Quelldatei „../../../../src/server/game/Handlers/MiscHandler.cpp“ wird kompiliert)
      I:\TrinityCore\_integ-12_1_all\src\server\game\Server\Packets\QueryPackets.h(37,11):
      Siehe Deklaration von "WorldPackets::WorldPackets"
  
I:\TrinityCore\_integ-12_1_all\src\server\game\Server\Packets\QueryPackets.h(573,36): error C2059: Syntaxfehler: "<" [I:\TrinityCore\_integ-12_1_all\build\src\server\game\game.vcxproj]
  (Quelldatei „../../../../src/server/game/Handlers/MiscHandler.cpp“ wird kompiliert)
  
I:\TrinityCore\_integ-12_1_all\src\server\game\Server\Packets\QueryPackets.h(573,48): error C2238: Unerwartete(s) Token vor ";" [I:\TrinityCore\_integ-12_1_all\build\src\server\game\game.vcxproj]
  (Quelldatei „../../../../src/server/game/Handlers/MiscHandler.cpp“ wird kompiliert)
  
I:\TrinityCore\_integ-12_1_all\src\server\game\Server\Packets\QueryPackets.h(566,32): error C2555: "WorldPackets::WorldPackets::Query::QueryPetNameResponse::Write": Der überschreibende virtuelle Funktionsrückgabetyp unterscheidet sich und ist keine "covariant" von "WorldPackets::Packet::Write" [I:\TrinityCore\_integ-12_1_all\build\src\server\game\game.vcxproj]
  (Quelldatei „../../../../src/server/game/Handlers/MiscHandler.cpp“ wird kompiliert)
      I:\TrinityCore\_integ-12_1_all\src\server\game\Server\Packet.h(35,36):
      Siehe Deklaration von "WorldPackets::Packet::Write"
  
I:\TrinityCore\_integ-12_1_all\src\server\game\Server\Packets\QueryPackets.h(580,72): error C2665: "WorldPackets::ClientPacket::ClientPacket": Keine überladene Funktion konnte alle Argumenttypen konvertieren [I:\TrinityCore\_integ-12_1_all\build\src\server\game\game.vcxproj]
  (Quelldatei „../../../../src/server/game/Handlers/MiscHandler.cpp“ wird kompiliert)
      I:\TrinityCore\_integ-12_1_all\src\server\game\Server\Packet.h(64,9):
      kann "WorldPackets::ClientPacket::ClientPacket(OpcodeClient,WorldPacket &&)" sein
          I:\TrinityCore\_integ-12_1_all\src\server\game\Server\Packets\QueryPackets.h(580,72):
          "WorldPackets::ClientPacket::ClientPacket(OpcodeClient,WorldPacket &&)" : Konvertierung von Argument 2 von "WorldPackets::WorldPacket" in "WorldPacket &&" nicht möglich
              I:\TrinityCore\_integ-12_1_all\src\server\game\Server\Packets\QueryPackets.h(580,104):
              Ursache: Konvertierung von "WorldPackets::WorldPacket" in "WorldPacket" nicht möglich
              I:\TrinityCore\_integ-12_1_all\src\server\game\Server\Packets\QueryPackets.h(580,104):
              Kein benutzerdefinierter Konvertierungsoperator verfügbar, der diese Konvertierung durchführen kann, oder der Operator kann nicht aufgerufen werden
      I:\TrinityCore\_integ-12_1_all\src\server\game\Server\Packets\QueryPackets.h(580,72):
      bei Anpassung der Argumentliste "(OpcodeClient, WorldPackets::WorldPacket)"
  
  spell_torghast.cpp
  NeighborhoodCharter.cpp
I:\TrinityCore\_integ-12_1_all\src\server\game\Server\Packets\QueryPackets.h(597,32): error C2555: "WorldPackets::WorldPackets::Query::QueryItemTextResponse::Write": Der überschreibende virtuelle Funktionsrückgabetyp unterscheidet sich und ist keine "covariant" von "WorldPackets::Packet::Write" [I:\TrinityCore\_integ-12_1_all\build\src\server\game\game.vcxproj]
  (Quelldatei „../../../../src/server/game/Handlers/MiscHandler.cpp“ wird kompiliert)
      I:\TrinityCore\_integ-12_1_all\src\server\game\Server\Packet.h(35,36):
      Siehe Deklaration von "WorldPackets::Packet::Write"
  
  NeighborhoodMgr.cpp
  playerchoice_covenant.cpp
  shadowlands_script_loader.cpp
I:\TrinityCore\_integ-12_1_all\src\server\game\Server\Packets\QueryPackets.h(607,73): error C2665: "WorldPackets::ClientPacket::ClientPacket": Keine überladene Funktion konnte alle Argumenttypen konvertieren [I:\TrinityCore\_integ-12_1_all\build\src\server\game\game.vcxproj]
  (Quelldatei „../../../../src/server/game/Handlers/MiscHandler.cpp“ wird kompiliert)
      I:\TrinityCore\_integ-12_1_all\src\server\game\Server\Packet.h(64,9):
      kann "WorldPackets::ClientPacket::ClientPacket(OpcodeClient,WorldPacket &&)" sein
          I:\TrinityCore\_integ-12_1_all\src\server\game\Server\Packets\QueryPackets.h(607,73):
          "WorldPackets::ClientPacket::ClientPacket(OpcodeClient,WorldPacket &&)" : Konvertierung von Argument 2 von "WorldPackets::WorldPacket" in "WorldPacket &&" nicht möglich
              I:\TrinityCore\_integ-12_1_all\src\server\game\Server\Packets\QueryPackets.h(607,106):
              Ursache: Konvertierung von "WorldPackets::WorldPacket" in "WorldPacket" nicht möglich
              I:\TrinityCore\_integ-12_1_all\src\server\game\Server\Packets\QueryPackets.h(607,106):
              Kein benutzerdefinierter Konvertierungsoperator verfügbar, der diese Konvertierung durchführen kann, oder der Operator kann nicht aufgerufen werden
      I:\TrinityCore\_integ-12_1_all\src\server\game\Server\Packets\QueryPackets.h(607,73):
      bei Anpassung der Argumentliste "(OpcodeClient, WorldPackets::WorldPacket)"
  
I:\TrinityCore\_integ-12_1_all\src\server\game\Server\Packets\QueryPackets.h(623,27): error C3083: "Auth": Das Symbol links neben "::" muss ein Typ sein. [I:\TrinityCore\_integ-12_1_all\build\src\server\game\game.vcxproj]
  (Quelldatei „../../../../src/server/game/Handlers/MiscHandler.cpp“ wird kompiliert)
  
  InstanceEncounterTimeline.cpp
I:\TrinityCore\_integ-12_1_all\src\server\game\Server\Packets\QueryPackets.h(623,33): error C2039: "VirtualRealmNameInfo" ist kein Member von "WorldPackets::WorldPackets". [I:\TrinityCore\_integ-12_1_all\build\src\server\game\game.vcxproj]
  (Quelldatei „../../../../src/server/game/Handlers/MiscHandler.cpp“ wird kompiliert)
      I:\TrinityCore\_integ-12_1_all\src\server\game\Server\Packets\QueryPackets.h(37,11):
      Siehe Deklaration von "WorldPackets::WorldPackets"
  
I:\TrinityCore\_integ-12_1_all\src\server\game\Server\Packets\QueryPackets.h(623,54): error C3646: "NameInfo": Unbekannter Überschreibungsspezifizierer [I:\TrinityCore\_integ-12_1_all\build\src\server\game\game.vcxproj]
  (Quelldatei „../../../../src/server/game/Handlers/MiscHandler.cpp“ wird kompiliert)
  
I:\TrinityCore\_integ-12_1_all\src\server\game\Server\Packets\QueryPackets.h(623,33): error C4430: Fehlender Typspezifizierer - int wird angenommen. Hinweis: "default-int" wird von C++ nicht unterstützt. [I:\TrinityCore\_integ-12_1_all\build\src\server\game\game.vcxproj]
  (Quelldatei „../../../../src/server/game/Handlers/MiscHandler.cpp“ wird kompiliert)
  
I:\TrinityCore\_integ-12_1_all\src\server\game\Server\Packets\QueryPackets.h(619,32): error C2555: "WorldPackets::WorldPackets::Query::RealmQueryResponse::Write": Der überschreibende virtuelle Funktionsrückgabetyp unterscheidet sich und ist keine "covariant" von "WorldPackets::Packet::Write" [I:\TrinityCore\_integ-12_1_all\build\src\server\game\game.vcxproj]
  (Quelldatei „../../../../src/server/game/Handlers/MiscHandler.cpp“ wird kompiliert)
      I:\TrinityCore\_integ-12_1_all\src\server\game\Server\Packet.h(35,36):
      Siehe Deklaration von "WorldPackets::Packet::Write"
  
  spell_covenant.cpp
  zone_oribos.cpp
  spell_archaeology.cpp
I:\TrinityCore\_integ-12_1_all\src\server\game\Server\Packets\QueryPackets.h(629,78): error C2665: "WorldPackets::ClientPacket::ClientPacket": Keine überladene Funktion konnte alle Argumenttypen konvertieren [I:\TrinityCore\_integ-12_1_all\build\src\server\game\game.vcxproj]
  (Quelldatei „../../../../src/server/game/Handlers/MiscHandler.cpp“ wird kompiliert)
      I:\TrinityCore\_integ-12_1_all\src\server\game\Server\Packet.h(64,9):
      kann "WorldPackets::ClientPacket::ClientPacket(OpcodeClient,WorldPacket &&)" sein
          I:\TrinityCore\_integ-12_1_all\src\server\game\Server\Packets\QueryPackets.h(629,78):
          "WorldPackets::ClientPacket::ClientPacket(OpcodeClient,WorldPacket &&)" : Konvertierung von Argument 2 von "WorldPackets::WorldPacket" in "WorldPacket &&" nicht möglich
              I:\TrinityCore\_integ-12_1_all\src\server\game\Server\Packets\QueryPackets.h(629,116):
              Ursache: Konvertierung von "WorldPackets::WorldPacket" in "WorldPacket" nicht möglich
              I:\TrinityCore\_integ-12_1_all\src\server\game\Server\Packets\QueryPackets.h(629,116):
              Kein benutzerdefinierter Konvertierungsoperator verfügbar, der diese Konvertierung durchführen kann, oder der Operator kann nicht aufgerufen werden
      I:\TrinityCore\_integ-12_1_all\src\server\game\Server\Packets\QueryPackets.h(629,78):
      bei Anpassung der Argumentliste "(OpcodeClient, WorldPackets::WorldPacket)"
  
  spell_azerite.cpp
I:\TrinityCore\_integ-12_1_all\src\server\game\Server\Packets\QueryPackets.h(680,32): error C2555: "WorldPackets::WorldPackets::Query::TreasurePickerResponse::Write": Der überschreibende virtuelle Funktionsrückgabetyp unterscheidet sich und ist keine "covariant" von "WorldPackets::Packet::Write" [I:\TrinityCore\_integ-12_1_all\build\src\server\game\game.vcxproj]
  (Quelldatei „../../../../src/server/game/Handlers/MiscHandler.cpp“ wird kompiliert)
      I:\TrinityCore\_integ-12_1_all\src\server\game\Server\Packet.h(35,36):
      Siehe Deklaration von "WorldPackets::Packet::Write"
  
I:\TrinityCore\_integ-12_1_all\src\server\game\Server\Packets\WhoPackets.h(33,71): error C2665: "WorldPackets::ClientPacket::ClientPacket": Keine überladene Funktion konnte alle Argumenttypen konvertieren [I:\TrinityCore\_integ-12_1_all\build\src\server\game\game.vcxproj]
  (Quelldatei „../../../../src/server/game/Handlers/MiscHandler.cpp“ wird kompiliert)
      I:\TrinityCore\_integ-12_1_all\src\server\game\Server\Packet.h(64,9):
      kann "WorldPackets::ClientPacket::ClientPacket(OpcodeClient,WorldPacket &&)" sein
          I:\TrinityCore\_integ-12_1_all\src\server\game\Server\Packets\WhoPackets.h(33,71):
          "WorldPackets::ClientPacket::ClientPacket(OpcodeClient,WorldPacket &&)" : Konvertierung von Argument 2 von "WorldPackets::WorldPacket" in "WorldPacket &&" nicht möglich
              I:\TrinityCore\_integ-12_1_all\src\server\game\Server\Packets\WhoPackets.h(33,94):
              Ursache: Konvertierung von "WorldPackets::WorldPacket" in "WorldPacket" nicht möglich
              I:\TrinityCore\_integ-12_1_all\src\server\game\Server\Packets\WhoPackets.h(33,94):
              Kein benutzerdefinierter Konvertierungsoperator verfügbar, der diese Konvertierung durchführen kann, oder der Operator kann nicht aufgerufen werden
      I:\TrinityCore\_integ-12_1_all\src\server\game\Server\Packets\WhoPackets.h(33,71):
      bei Anpassung der Argumentliste "(OpcodeClient, WorldPackets::WorldPacket)"
  
I:\TrinityCore\_integ-12_1_all\src\server\game\Server\Packets\WhoPackets.h(45,32): error C2555: "WorldPackets::WorldPackets::Who::WhoIsResponse::Write": Der überschreibende virtuelle Funktionsrückgabetyp unterscheidet sich und ist keine "covariant" von "WorldPackets::Packet::Write" [I:\TrinityCore\_integ-12_1_all\build\src\server\game\game.vcxproj]
  (Quelldatei „../../../../src/server/game/Handlers/MiscHandler.cpp“ wird kompiliert)
      I:\TrinityCore\_integ-12_1_all\src\server\game\Server\Packet.h(35,36):
      Siehe Deklaration von "WorldPackets::Packet::Write"
  
  InstanceLockMgr.cpp
  InstanceScript.cpp
  spell_dh.cpp
  spell_dh_devourer.cpp
  spell_dk.cpp
I:\TrinityCore\_integ-12_1_all\src\server\game\Server\Packets\WhoPackets.h(82,72): error C2665: "WorldPackets::ClientPacket::ClientPacket": Keine überladene Funktion konnte alle Argumenttypen konvertieren [I:\TrinityCore\_integ-12_1_all\build\src\server\game\game.vcxproj]
  (Quelldatei „../../../../src/server/game/Handlers/MiscHandler.cpp“ wird kompiliert)
      I:\TrinityCore\_integ-12_1_all\src\server\game\Server\Packet.h(64,9):
      kann "WorldPackets::ClientPacket::ClientPacket(OpcodeClient,WorldPacket &&)" sein
          I:\TrinityCore\_integ-12_1_all\src\server\game\Server\Packets\WhoPackets.h(82,72):
          "WorldPackets::ClientPacket::ClientPacket(OpcodeClient,WorldPacket &&)" : Konvertierung von Argument 2 von "WorldPackets::WorldPacket" in "WorldPacket &&" nicht möglich
              I:\TrinityCore\_integ-12_1_all\src\server\game\Server\Packets\WhoPackets.h(82,92):
              Ursache: Konvertierung von "WorldPackets::WorldPacket" in "WorldPacket" nicht möglich
              I:\TrinityCore\_integ-12_1_all\src\server\game\Server\Packets\WhoPackets.h(82,92):
              Kein benutzerdefinierter Konvertierungsoperator verfügbar, der diese Konvertierung durchführen kann, oder der Operator kann nicht aufgerufen werden
      I:\TrinityCore\_integ-12_1_all\src\server\game\Server\Packets\WhoPackets.h(82,72):
      bei Anpassung der Argumentliste "(OpcodeClient, WorldPackets::WorldPacket)"
  
I:\TrinityCore\_integ-12_1_all\src\server\game\Server\Packets\WhoPackets.h(113,32): error C2555: "WorldPackets::WorldPackets::Who::WhoResponsePkt::Write": Der überschreibende virtuelle Funktionsrückgabetyp unterscheidet sich und ist keine "covariant" von "WorldPackets::Packet::Write" [I:\TrinityCore\_integ-12_1_all\build\src\server\game\game.vcxproj]
  (Quelldatei „../../../../src/server/game/Handlers/MiscHandler.cpp“ wird kompiliert)
      I:\TrinityCore\_integ-12_1_all\src\server\game\Server\Packet.h(35,36):
      Siehe Deklaration von "WorldPackets::Packet::Write"
  
  spell_dragonriding.cpp
  spell_druid.cpp
  spell_evoker.cpp
  spell_generic.cpp
  spell_housing.cpp
  spell_hunter.cpp
  spell_item.cpp
  spell_mage.cpp
I:\TrinityCore\_integ-12_1_all\src\server\game\Handlers\MiscHandler.cpp(67,20): error C2027: Verwendung des undefinierten Typs "WorldPackets::WorldSession" [I:\TrinityCore\_integ-12_1_all\build\src\server\game\game.vcxproj]
  (Quelldatei „../../../../src/server/game/Handlers/MiscHandler.cpp“ wird kompiliert)
      I:\TrinityCore\_integ-12_1_all\src\server\game\Entities\Creature\GossipDef.h(31,7):
      Siehe Deklaration von "WorldPackets::WorldSession"
  
I:\TrinityCore\_integ-12_1_all\src\server\game\Handlers\MiscHandler.cpp(67,53): error C3083: "Misc": Das Symbol links neben "::" muss ein Typ sein. [I:\TrinityCore\_integ-12_1_all\build\src\server\game\game.vcxproj]
  (Quelldatei „../../../../src/server/game/Handlers/MiscHandler.cpp“ wird kompiliert)
  
I:\TrinityCore\_integ-12_1_all\src\server\game\Handlers\MiscHandler.cpp(67,59): error C2039: "RepopRequest" ist kein Member von "WorldPackets::WorldPackets". [I:\TrinityCore\_integ-12_1_all\build\src\server\game\game.vcxproj]
  (Quelldatei „../../../../src/server/game/Handlers/MiscHandler.cpp“ wird kompiliert)
      I:\TrinityCore\_integ-12_1_all\src\server\game\Server\Packets\WhoPackets.h(26,11):
      Siehe Deklaration von "WorldPackets::WorldPackets"
  
I:\TrinityCore\_integ-12_1_all\src\server\game\Handlers\MiscHandler.cpp(67,20): error C2182: "HandleRepopRequest": Diese Verwendung von "void" ist ungültig [I:\TrinityCore\_integ-12_1_all\build\src\server\game\game.vcxproj]
  (Quelldatei „../../../../src/server/game/Handlers/MiscHandler.cpp“ wird kompiliert)
  
I:\TrinityCore\_integ-12_1_all\src\server\game\Handlers\MiscHandler.cpp(67,59): error C2065: "RepopRequest": nichtdeklarierter Bezeichner [I:\TrinityCore\_integ-12_1_all\build\src\server\game\game.vcxproj]
  (Quelldatei „../../../../src/server/game/Handlers/MiscHandler.cpp“ wird kompiliert)
  
I:\TrinityCore\_integ-12_1_all\src\server\game\Handlers\MiscHandler.cpp(67,83): error C2059: Syntaxfehler: ")" [I:\TrinityCore\_integ-12_1_all\build\src\server\game\game.vcxproj]
  (Quelldatei „../../../../src/server/game/Handlers/MiscHandler.cpp“ wird kompiliert)
  
I:\TrinityCore\_integ-12_1_all\src\server\game\Handlers\MiscHandler.cpp(68,1): error C2143: Syntaxfehler: Es fehlt ";" vor "{" [I:\TrinityCore\_integ-12_1_all\build\src\server\game\game.vcxproj]
  (Quelldatei „../../../../src/server/game/Handlers/MiscHandler.cpp“ wird kompiliert)
  
I:\TrinityCore\_integ-12_1_all\src\server\game\Handlers\MiscHandler.cpp(68,1): error C2447: "{": Funktionsheader fehlt - Parameterliste im alten Stil? [I:\TrinityCore\_integ-12_1_all\build\src\server\game\game.vcxproj]
  (Quelldatei „../../../../src/server/game/Handlers/MiscHandler.cpp“ wird kompiliert)
  
I:\TrinityCore\_integ-12_1_all\src\server\game\Handlers\MiscHandler.cpp(93,20): error C2027: Verwendung des undefinierten Typs "WorldPackets::WorldSession" [I:\TrinityCore\_integ-12_1_all\build\src\server\game\game.vcxproj]
  (Quelldatei „../../../../src/server/game/Handlers/MiscHandler.cpp“ wird kompiliert)
      I:\TrinityCore\_integ-12_1_all\src\server\game\Entities\Creature\GossipDef.h(31,7):
      Siehe Deklaration von "WorldPackets::WorldSession"
  
I:\TrinityCore\_integ-12_1_all\src\server\game\Handlers\MiscHandler.cpp(93,61): error C3083: "Misc": Das Symbol links neben "::" muss ein Typ sein. [I:\TrinityCore\_integ-12_1_all\build\src\server\game\game.vcxproj]
  (Quelldatei „../../../../src/server/game/Handlers/MiscHandler.cpp“ wird kompiliert)
  
I:\TrinityCore\_integ-12_1_all\src\server\game\Handlers\MiscHandler.cpp(93,67): error C2039: "SetPreferredCemetery" ist kein Member von "WorldPackets::WorldPackets". [I:\TrinityCore\_integ-12_1_all\build\src\server\game\game.vcxproj]
  (Quelldatei „../../../../src/server/game/Handlers/MiscHandler.cpp“ wird kompiliert)
      I:\TrinityCore\_integ-12_1_all\src\server\game\Server\Packets\WhoPackets.h(26,11):
      Siehe Deklaration von "WorldPackets::WorldPackets"
  
  spell_monk.cpp
I:\TrinityCore\_integ-12_1_all\src\server\game\Handlers\MiscHandler.cpp(93,20): error C2182: "HandleSetPreferredCemetery": Diese Verwendung von "void" ist ungültig [I:\TrinityCore\_integ-12_1_all\build\src\server\game\game.vcxproj]
  (Quelldatei „../../../../src/server/game/Handlers/MiscHandler.cpp“ wird kompiliert)
  
I:\TrinityCore\_integ-12_1_all\src\server\game\Handlers\MiscHandler.cpp(93,67): error C2065: "SetPreferredCemetery": nichtdeklarierter Bezeichner [I:\TrinityCore\_integ-12_1_all\build\src\server\game\game.vcxproj]
  (Quelldatei „../../../../src/server/game/Handlers/MiscHandler.cpp“ wird kompiliert)
  
I:\TrinityCore\_integ-12_1_all\src\server\game\Handlers\MiscHandler.cpp(93,89): error C2065: "packet": nichtdeklarierter Bezeichner [I:\TrinityCore\_integ-12_1_all\build\src\server\game\game.vcxproj]
  (Quelldatei „../../../../src/server/game/Handlers/MiscHandler.cpp“ wird kompiliert)
  
I:\TrinityCore\_integ-12_1_all\src\server\game\Handlers\MiscHandler.cpp(94,1): error C2143: Syntaxfehler: Es fehlt ";" vor "{" [I:\TrinityCore\_integ-12_1_all\build\src\server\game\game.vcxproj]
  (Quelldatei „../../../../src/server/game/Handlers/MiscHandler.cpp“ wird kompiliert)
  
I:\TrinityCore\_integ-12_1_all\src\server\game\Handlers\MiscHandler.cpp(94,1): error C2447: "{": Funktionsheader fehlt - Parameterliste im alten Stil? [I:\TrinityCore\_integ-12_1_all\build\src\server\game\game.vcxproj]
  (Quelldatei „../../../../src/server/game/Handlers/MiscHandler.cpp“ wird kompiliert)
  
I:\TrinityCore\_integ-12_1_all\src\server\game\Handlers\MiscHandler.cpp(99,20): error C2027: Verwendung des undefinierten Typs "WorldPackets::WorldSession" [I:\TrinityCore\_integ-12_1_all\build\src\server\game\game.vcxproj]
  (Quelldatei „../../../../src/server/game/Handlers/MiscHandler.cpp“ wird kompiliert)
      I:\TrinityCore\_integ-12_1_all\src\server\game\Entities\Creature\GossipDef.h(31,7):
      Siehe Deklaration von "WorldPackets::WorldSession"
  
I:\TrinityCore\_integ-12_1_all\src\server\game\Handlers\MiscHandler.cpp(99,60): error C3083: "Misc": Das Symbol links neben "::" muss ein Typ sein. [I:\TrinityCore\_integ-12_1_all\build\src\server\game\game.vcxproj]
  (Quelldatei „../../../../src/server/game/Handlers/MiscHandler.cpp“ wird kompiliert)
  
I:\TrinityCore\_integ-12_1_all\src\server\game\Handlers\MiscHandler.cpp(99,66): error C2039: "ReportStuckInCombat" ist kein Member von "WorldPackets::WorldPackets". [I:\TrinityCore\_integ-12_1_all\build\src\server\game\game.vcxproj]
  (Quelldatei „../../../../src/server/game/Handlers/MiscHandler.cpp“ wird kompiliert)
      I:\TrinityCore\_integ-12_1_all\src\server\game\Server\Packets\WhoPackets.h(26,11):
      Siehe Deklaration von "WorldPackets::WorldPackets"
  
I:\TrinityCore\_integ-12_1_all\src\server\game\Handlers\MiscHandler.cpp(99,20): error C2182: "HandleReportStuckInCombat": Diese Verwendung von "void" ist ungültig [I:\TrinityCore\_integ-12_1_all\build\src\server\game\game.vcxproj]
  (Quelldatei „../../../../src/server/game/Handlers/MiscHandler.cpp“ wird kompiliert)
  
I:\TrinityCore\_integ-12_1_all\src\server\game\Handlers\MiscHandler.cpp(99,66): error C2065: "ReportStuckInCombat": nichtdeklarierter Bezeichner [I:\TrinityCore\_integ-12_1_all\build\src\server\game\game.vcxproj]
  (Quelldatei „../../../../src/server/game/Handlers/MiscHandler.cpp“ wird kompiliert)
  
I:\TrinityCore\_integ-12_1_all\src\server\game\Handlers\MiscHandler.cpp(99,97): error C2059: Syntaxfehler: ")" [I:\TrinityCore\_integ-12_1_all\build\src\server\game\game.vcxproj]
  (Quelldatei „../../../../src/server/game/Handlers/MiscHandler.cpp“ wird kompiliert)
  
I:\TrinityCore\_integ-12_1_all\src\server\game\Handlers\MiscHandler.cpp(100,1): error C2143: Syntaxfehler: Es fehlt ";" vor "{" [I:\TrinityCore\_integ-12_1_all\build\src\server\game\game.vcxproj]
  (Quelldatei „../../../../src/server/game/Handlers/MiscHandler.cpp“ wird kompiliert)
  
I:\TrinityCore\_integ-12_1_all\src\server\game\Handlers\MiscHandler.cpp(100,1): error C2447: "{": Funktionsheader fehlt - Parameterliste im alten Stil? [I:\TrinityCore\_integ-12_1_all\build\src\server\game\game.vcxproj]
  (Quelldatei „../../../../src/server/game/Handlers/MiscHandler.cpp“ wird kompiliert)
  
  spell_paladin.cpp
I:\TrinityCore\_integ-12_1_all\src\server\game\Handlers\MiscHandler.cpp(110,20): error C2027: Verwendung des undefinierten Typs "WorldPackets::WorldSession" [I:\TrinityCore\_integ-12_1_all\build\src\server\game\game.vcxproj]
  (Quelldatei „../../../../src/server/game/Handlers/MiscHandler.cpp“ wird kompiliert)
      I:\TrinityCore\_integ-12_1_all\src\server\game\Entities\Creature\GossipDef.h(31,7):
      Siehe Deklaration von "WorldPackets::WorldSession"
  
  spell_pet.cpp
I:\TrinityCore\_integ-12_1_all\src\server\game\Handlers\MiscHandler.cpp(162,19): error C2065: "_player": nichtdeklarierter Bezeichner [I:\TrinityCore\_integ-12_1_all\build\src\server\game\game.vcxproj]
  (Quelldatei „../../../../src/server/game/Handlers/MiscHandler.cpp“ wird kompiliert)
  
I:\TrinityCore\_integ-12_1_all\src\server\game\Handlers\MiscHandler.cpp(173,42): error C3861: "HasPermission": Bezeichner wurde nicht gefunden. [I:\TrinityCore\_integ-12_1_all\build\src\server\game\game.vcxproj]
  (Quelldatei „../../../../src/server/game/Handlers/MiscHandler.cpp“ wird kompiliert)
  
I:\TrinityCore\_integ-12_1_all\src\server\game\Handlers\MiscHandler.cpp(177,71): error C3861: "HasPermission": Bezeichner wurde nicht gefunden. [I:\TrinityCore\_integ-12_1_all\build\src\server\game\game.vcxproj]
  (Quelldatei „../../../../src/server/game/Handlers/MiscHandler.cpp“ wird kompiliert)
  
  spell_priest.cpp
I:\TrinityCore\_integ-12_1_all\src\server\game\Handlers\MiscHandler.cpp(181,13): error C2065: "_player": nichtdeklarierter Bezeichner [I:\TrinityCore\_integ-12_1_all\build\src\server\game\game.vcxproj]
  (Quelldatei „../../../../src/server/game/Handlers/MiscHandler.cpp“ wird kompiliert)
  
I:\TrinityCore\_integ-12_1_all\src\server\game\Handlers\MiscHandler.cpp(182,45): error C2065: "_player": nichtdeklarierter Bezeichner [I:\TrinityCore\_integ-12_1_all\build\src\server\game\game.vcxproj]
  (Quelldatei „../../../../src/server/game/Handlers/MiscHandler.cpp“ wird kompiliert)
  
I:\TrinityCore\_integ-12_1_all\src\server\game\Handlers\MiscHandler.cpp(182,109): error C2065: "_player": nichtdeklarierter Bezeichner [I:\TrinityCore\_integ-12_1_all\build\src\server\game\game.vcxproj]
  (Quelldatei „../../../../src/server/game/Handlers/MiscHandler.cpp“ wird kompiliert)
  
I:\TrinityCore\_integ-12_1_all\src\server\game\Handlers\MiscHandler.cpp(217,45): error C3861: "GetSessionDbcLocale": Bezeichner wurde nicht gefunden. [I:\TrinityCore\_integ-12_1_all\build\src\server\game\game.vcxproj]
  (Quelldatei „../../../../src/server/game/Handlers/MiscHandler.cpp“ wird kompiliert)
  
I:\TrinityCore\_integ-12_1_all\src\server\game\Handlers\MiscHandler.cpp(260,5): error C3861: "SendPacket": Bezeichner wurde nicht gefunden. [I:\TrinityCore\_integ-12_1_all\build\src\server\game\game.vcxproj]
  (Quelldatei „../../../../src/server/game/Handlers/MiscHandler.cpp“ wird kompiliert)
  
I:\TrinityCore\_integ-12_1_all\src\server\game\Handlers\MiscHandler.cpp(263,20): error C2027: Verwendung des undefinierten Typs "WorldPackets::WorldSession" [I:\TrinityCore\_integ-12_1_all\build\src\server\game\game.vcxproj]
  (Quelldatei „../../../../src/server/game/Handlers/MiscHandler.cpp“ wird kompiliert)
      I:\TrinityCore\_integ-12_1_all\src\server\game\Entities\Creature\GossipDef.h(31,7):
      Siehe Deklaration von "WorldPackets::WorldSession"
  
I:\TrinityCore\_integ-12_1_all\src\server\game\Handlers\MiscHandler.cpp(263,60): error C3083: "Character": Das Symbol links neben "::" muss ein Typ sein. [I:\TrinityCore\_integ-12_1_all\build\src\server\game\game.vcxproj]
  (Quelldatei „../../../../src/server/game/Handlers/MiscHandler.cpp“ wird kompiliert)
  
I:\TrinityCore\_integ-12_1_all\src\server\game\Handlers\MiscHandler.cpp(263,71): error C2039: "LogoutRequest" ist kein Member von "WorldPackets::WorldPackets". [I:\TrinityCore\_integ-12_1_all\build\src\server\game\game.vcxproj]
  (Quelldatei „../../../../src/server/game/Handlers/MiscHandler.cpp“ wird kompiliert)
      I:\TrinityCore\_integ-12_1_all\src\server\game\Server\Packets\WhoPackets.h(26,11):
      Siehe Deklaration von "WorldPackets::WorldPackets"
  
I:\TrinityCore\_integ-12_1_all\src\server\game\Handlers\MiscHandler.cpp(263,20): error C2182: "HandleLogoutRequestOpcode": Diese Verwendung von "void" ist ungültig [I:\TrinityCore\_integ-12_1_all\build\src\server\game\game.vcxproj]
  (Quelldatei „../../../../src/server/game/Handlers/MiscHandler.cpp“ wird kompiliert)
  
I:\TrinityCore\_integ-12_1_all\src\server\game\Handlers\MiscHandler.cpp(263,71): error C2065: "LogoutRequest": nichtdeklarierter Bezeichner [I:\TrinityCore\_integ-12_1_all\build\src\server\game\game.vcxproj]
  (Quelldatei „../../../../src/server/game/Handlers/MiscHandler.cpp“ wird kompiliert)
  
I:\TrinityCore\_integ-12_1_all\src\server\game\Handlers\MiscHandler.cpp(263,86): error C2065: "logoutRequest": nichtdeklarierter Bezeichner [I:\TrinityCore\_integ-12_1_all\build\src\server\game\game.vcxproj]
  (Quelldatei „../../../../src/server/game/Handlers/MiscHandler.cpp“ wird kompiliert)
  
I:\TrinityCore\_integ-12_1_all\src\server\game\Handlers\MiscHandler.cpp(264,1): error C2143: Syntaxfehler: Es fehlt ";" vor "{" [I:\TrinityCore\_integ-12_1_all\build\src\server\game\game.vcxproj]
  (Quelldatei „../../../../src/server/game/Handlers/MiscHandler.cpp“ wird kompiliert)
  
I:\TrinityCore\_integ-12_1_all\src\server\game\Handlers\MiscHandler.cpp(264,1): error C2447: "{": Funktionsheader fehlt - Parameterliste im alten Stil? [I:\TrinityCore\_integ-12_1_all\build\src\server\game\game.vcxproj]
  (Quelldatei „../../../../src/server/game/Handlers/MiscHandler.cpp“ wird kompiliert)
  
I:\TrinityCore\_integ-12_1_all\src\server\game\Handlers\MiscHandler.cpp(314,20): error C2027: Verwendung des undefinierten Typs "WorldPackets::WorldSession" [I:\TrinityCore\_integ-12_1_all\build\src\server\game\game.vcxproj]
  (Quelldatei „../../../../src/server/game/Handlers/MiscHandler.cpp“ wird kompiliert)
      I:\TrinityCore\_integ-12_1_all\src\server\game\Entities\Creature\GossipDef.h(31,7):
      Siehe Deklaration von "WorldPackets::WorldSession"
  
I:\TrinityCore\_integ-12_1_all\src\server\game\Handlers\MiscHandler.cpp(314,20): error C1003: Mehr als 100 Fehler gefunden; Kompilierung wird abgebrochen. [I:\TrinityCore\_integ-12_1_all\build\src\server\game\game.vcxproj]
  (Quelldatei „../../../../src/server/game/Handlers/MiscHandler.cpp“ wird kompiliert)
  
  spell_quest.cpp
  spell_rogue.cpp
  InstanceScriptData.cpp
  enuminfo_InstanceScript.cpp
  LFGListMgr.cpp
  spell_script_loader.cpp
  spell_shaman.cpp
  spell_warlock.cpp
  spell_warrior.cpp
  instance_warfront_arathi.cpp
  instance_warfront_darkshore.cpp
  npc_ralston_karn.cpp
  LoaBlessingMgr.cpp
  Loot.cpp
  warfront_bosses.cpp
  LootItemStorage.cpp
  LootMgr.cpp
  warfronts_script_loader.cpp
  achievement_scripts.cpp
  action_ip_logger.cpp
  areatrigger_scripts.cpp
  Mail.cpp
  at_housing_plot.cpp
  boosted_xp.cpp
  boss_emerald_dragons.cpp
  chat_log.cpp
  conversation_scripts.cpp
  duel_reset.cpp
  MajorFactionMgr.cpp
  AreaBoundary.cpp
  go_housing_door.cpp
  go_scripts.cpp
  item_scripts.cpp
  DynamicMMapTileBuilder.cpp
  npc_going_postal.cpp
  npc_guard.cpp
  npc_housing_steward.cpp
  GridMap.cpp
  npc_mythic_keystone.cpp
  Map.cpp
I:\TrinityCore\_integ-12_1_all\src\server\game\Housing\HouseInteriorMap.cpp(730,69): warning C4100: „newRoomGuid“: nicht referenzierter Parameter [I:\TrinityCore\_integ-12_1_all\build\src\server\game\game.vcxproj]
  (Quelldatei „../../../../src/server/game/Housing/HouseInteriorMap.cpp“ wird kompiliert)
  
I:\TrinityCore\_integ-12_1_all\src\server\game\Housing\HouseInteriorMap.cpp(828,94): warning C4100: „room“: nicht referenzierter Parameter [I:\TrinityCore\_integ-12_1_all\build\src\server\game\game.vcxproj]
  (Quelldatei „../../../../src/server/game/Housing/HouseInteriorMap.cpp“ wird kompiliert)
  
  MapManager.cpp
  npc_professions.cpp
  npcs_special.cpp
  scene_scripts.cpp
  MapReference.cpp
  world_script_loader.cpp
  MapScripts.cpp
  boss_priestess_alun_za.cpp
  boss_rezan.cpp
  boss_volkaal.cpp
  instance_atal_dazar.cpp
  boss_golden_serpent.cpp
  instance_kings_rest.cpp
  kings_rest.cpp
  boss_cragmaw_the_infested.cpp
  MapUpdater.cpp
  boss_elder_leaxa.cpp
  boss_sporecaller_zancha.cpp
  TerrainMgr.cpp
  instance_underrot.cpp
  zandalar_script_loader.cpp
  TransportMgr.cpp
I:\TrinityCore\_integ-12_1_all\src\server\game\Server\Packets\CharacterPackets.h(1011,1): error C2059: Syntaxfehler: "}" [I:\TrinityCore\_integ-12_1_all\build\src\server\game\game.vcxproj]
  (Quelldatei „../../../../src/server/game/Maps/Map.cpp“ wird kompiliert)
  
I:\TrinityCore\_integ-12_1_all\src\server\game\Server\Packets\CharacterPackets.h(1011,1): error C2143: Syntaxfehler: Es fehlt ";" vor "}" [I:\TrinityCore\_integ-12_1_all\build\src\server\game\game.vcxproj]
  (Quelldatei „../../../../src/server/game/Maps/Map.cpp“ wird kompiliert)
  
  ZoneScript.cpp
I:\TrinityCore\_integ-12_1_all\src\server\game\Entities\Housing\HousingDecorEntity.h(32,53): error C2504: "WorldPackets::WorldObject": Basisklasse undefiniert [I:\TrinityCore\_integ-12_1_all\build\src\server\game\game.vcxproj]
  (Quelldatei „../../../../src/server/game/Maps/Map.cpp“ wird kompiliert)
  
I:\TrinityCore\_integ-12_1_all\src\server\game\Entities\Housing\HousingDecorEntity.h(37,10): error C3668: "WorldPackets::HousingDecorEntity::AddToWorld": Die Methode mit dem Überschreibungsspezifizierer "override" hat keine Basisklassenmethoden überschrieben. [I:\TrinityCore\_integ-12_1_all\build\src\server\game\game.vcxproj]
  (Quelldatei „../../../../src/server/game/Maps/Map.cpp“ wird kompiliert)
  
I:\TrinityCore\_integ-12_1_all\src\server\game\Entities\Housing\HousingDecorEntity.h(38,10): error C3668: "WorldPackets::HousingDecorEntity::RemoveFromWorld": Die Methode mit dem Überschreibungsspezifizierer "override" hat keine Basisklassenmethoden überschrieben. [I:\TrinityCore\_integ-12_1_all\build\src\server\game\game.vcxproj]
  (Quelldatei „../../../../src/server/game/Maps/Map.cpp“ wird kompiliert)
  
I:\TrinityCore\_integ-12_1_all\src\server\game\Entities\Housing\HousingDecorEntity.h(43,16): error C3668: "WorldPackets::HousingDecorEntity::GetCreatorGUID": Die Methode mit dem Überschreibungsspezifizierer "override" hat keine Basisklassenmethoden überschrieben. [I:\TrinityCore\_integ-12_1_all\build\src\server\game\game.vcxproj]
  (Quelldatei „../../../../src/server/game/Maps/Map.cpp“ wird kompiliert)
  
I:\TrinityCore\_integ-12_1_all\src\server\game\Entities\Housing\HousingDecorEntity.h(44,16): error C3668: "WorldPackets::HousingDecorEntity::GetOwnerGUID": Die Methode mit dem Überschreibungsspezifizierer "override" hat keine Basisklassenmethoden überschrieben. [I:\TrinityCore\_integ-12_1_all\build\src\server\game\game.vcxproj]
  (Quelldatei „../../../../src/server/game/Maps/Map.cpp“ wird kompiliert)
  
I:\TrinityCore\_integ-12_1_all\src\server\game\Entities\Housing\HousingDecorEntity.h(45,12): error C3668: "WorldPackets::HousingDecorEntity::GetFaction": Die Methode mit dem Überschreibungsspezifizierer "override" hat keine Basisklassenmethoden überschrieben. [I:\TrinityCore\_integ-12_1_all\build\src\server\game\game.vcxproj]
  (Quelldatei „../../../../src/server/game/Maps/Map.cpp“ wird kompiliert)
  
I:\TrinityCore\_integ-12_1_all\src\server\game\Entities\Housing\HousingDecorEntity.h(47,10): error C3668: "WorldPackets::HousingDecorEntity::BuildCreateUpdateBlockForPlayer": Die Methode mit dem Überschreibungsspezifizierer "override" hat keine Basisklassenmethoden überschrieben. [I:\TrinityCore\_integ-12_1_all\build\src\server\game\game.vcxproj]
  (Quelldatei „../../../../src/server/game/Maps/Map.cpp“ wird kompiliert)
  
I:\TrinityCore\_integ-12_1_all\src\server\game\Entities\Housing\HousingDecorEntity.h(48,10): error C3668: "WorldPackets::HousingDecorEntity::BuildValuesCreate": Die Methode mit dem Überschreibungsspezifizierer "override" hat keine Basisklassenmethoden überschrieben. [I:\TrinityCore\_integ-12_1_all\build\src\server\game\game.vcxproj]
  (Quelldatei „../../../../src/server/game/Maps/Map.cpp“ wird kompiliert)
  
I:\TrinityCore\_integ-12_1_all\src\server\game\Housing\Housing.cpp(2508,16): warning C4189: "previousLevel": Lokale Variable ist initialisiert aber nicht referenziert [I:\TrinityCore\_integ-12_1_all\build\src\server\game\game.vcxproj]
  (Quelldatei „../../../../src/server/game/Housing/Housing.cpp“ wird kompiliert)
  
I:\TrinityCore\_integ-12_1_all\src\server\game\Entities\Housing\HousingDecorEntity.h(49,10): error C3668: "WorldPackets::HousingDecorEntity::BuildValuesUpdate": Die Methode mit dem Überschreibungsspezifizierer "override" hat keine Basisklassenmethoden überschrieben. [I:\TrinityCore\_integ-12_1_all\build\src\server\game\game.vcxproj]
  (Quelldatei „../../../../src/server/game/Maps/Map.cpp“ wird kompiliert)
  
I:\TrinityCore\_integ-12_1_all\src\server\game\Entities\Housing\HousingDecorEntity.h(50,17): error C3668: "WorldPackets::HousingDecorEntity::GetNameForLocaleIdx": Die Methode mit dem Überschreibungsspezifizierer "override" hat keine Basisklassenmethoden überschrieben. [I:\TrinityCore\_integ-12_1_all\build\src\server\game\game.vcxproj]
  (Quelldatei „../../../../src/server/game/Maps/Map.cpp“ wird kompiliert)
  
I:\TrinityCore\_integ-12_1_all\src\server\game\Entities\Housing\HousingDecorEntity.h(51,17): error C3668: "WorldPackets::HousingDecorEntity::GetDebugInfo": Die Methode mit dem Überschreibungsspezifizierer "override" hat keine Basisklassenmethoden überschrieben. [I:\TrinityCore\_integ-12_1_all\build\src\server\game\game.vcxproj]
  (Quelldatei „../../../../src/server/game/Maps/Map.cpp“ wird kompiliert)
  
I:\TrinityCore\_integ-12_1_all\src\server\game\Entities\Housing\HousingDecorEntity.h(70,25): error C3668: "WorldPackets::HousingDecorEntity::GetUpdateFieldFlagsFor": Die Methode mit dem Überschreibungsspezifizierer "override" hat keine Basisklassenmethoden überschrieben. [I:\TrinityCore\_integ-12_1_all\build\src\server\game\game.vcxproj]
  (Quelldatei „../../../../src/server/game/Maps/Map.cpp“ wird kompiliert)
  
I:\TrinityCore\_integ-12_1_all\src\server\game\Entities\Housing\HousingDecorEntity.h(71,10): error C3668: "WorldPackets::HousingDecorEntity::ClearValuesChangesMask": Die Methode mit dem Überschreibungsspezifizierer "override" hat keine Basisklassenmethoden überschrieben. [I:\TrinityCore\_integ-12_1_all\build\src\server\game\game.vcxproj]
  (Quelldatei „../../../../src/server/game/Maps/Map.cpp“ wird kompiliert)
  
I:\TrinityCore\_integ-12_1_all\src\server\game\Entities\Housing\HousingDecorEntity.h(72,10): error C3668: "WorldPackets::HousingDecorEntity::AddToObjectUpdate": Die Methode mit dem Überschreibungsspezifizierer "override" hat keine Basisklassenmethoden überschrieben. [I:\TrinityCore\_integ-12_1_all\build\src\server\game\game.vcxproj]
  (Quelldatei „../../../../src/server/game/Maps/Map.cpp“ wird kompiliert)
  
I:\TrinityCore\_integ-12_1_all\src\server\game\Entities\Housing\HousingDecorEntity.h(73,10): error C3668: "WorldPackets::HousingDecorEntity::RemoveFromObjectUpdate": Die Methode mit dem Überschreibungsspezifizierer "override" hat keine Basisklassenmethoden überschrieben. [I:\TrinityCore\_integ-12_1_all\build\src\server\game\game.vcxproj]
  (Quelldatei „../../../../src/server/game/Maps/Map.cpp“ wird kompiliert)
  
  enuminfo_SpawnData.cpp
  CommonHelpers.cpp
  CommonPredicates.cpp
  ElapsedTimerMgr.cpp
  PerksProgramActivityMgr.cpp
I:\TrinityCore\_integ-12_1_all\dep\g3dlite\include\G3D\AABox.h(40,13): error C3646: "lo": Unbekannter Überschreibungsspezifizierer [I:\TrinityCore\_integ-12_1_all\build\src\server\game\game.vcxproj]
  (Quelldatei „../../../../src/server/game/Maps/Map.cpp“ wird kompiliert)
  
I:\TrinityCore\_integ-12_1_all\dep\g3dlite\include\G3D\AABox.h(40,5): error C4430: Fehlender Typspezifizierer - int wird angenommen. Hinweis: "default-int" wird von C++ nicht unterstützt. [I:\TrinityCore\_integ-12_1_all\build\src\server\game\game.vcxproj]
  (Quelldatei „../../../../src/server/game/Maps/Map.cpp“ wird kompiliert)
  
I:\TrinityCore\_integ-12_1_all\dep\g3dlite\include\G3D\AABox.h(43,13): error C3646: "hi": Unbekannter Überschreibungsspezifizierer [I:\TrinityCore\_integ-12_1_all\build\src\server\game\game.vcxproj]
  (Quelldatei „../../../../src/server/game/Maps/Map.cpp“ wird kompiliert)
  
I:\TrinityCore\_integ-12_1_all\dep\g3dlite\include\G3D\AABox.h(43,5): error C4430: Fehlender Typspezifizierer - int wird angenommen. Hinweis: "default-int" wird von C++ nicht unterstützt. [I:\TrinityCore\_integ-12_1_all\build\src\server\game\game.vcxproj]
  (Quelldatei „../../../../src/server/game/Maps/Map.cpp“ wird kompiliert)
  
I:\TrinityCore\_integ-12_1_all\dep\g3dlite\include\G3D\AABox.h(53,20): error C4430: Fehlender Typspezifizierer - int wird angenommen. Hinweis: "default-int" wird von C++ nicht unterstützt. [I:\TrinityCore\_integ-12_1_all\build\src\server\game\game.vcxproj]
  (Quelldatei „../../../../src/server/game/Maps/Map.cpp“ wird kompiliert)
  
I:\TrinityCore\_integ-12_1_all\dep\g3dlite\include\G3D\AABox.h(53,32): error C2143: Syntaxfehler: Es fehlt "," vor "&" [I:\TrinityCore\_integ-12_1_all\build\src\server\game\game.vcxproj]
  (Quelldatei „../../../../src/server/game/Maps/Map.cpp“ wird kompiliert)
  
I:\TrinityCore\_integ-12_1_all\dep\g3dlite\include\G3D\AABox.h(75,11): error C4430: Fehlender Typspezifizierer - int wird angenommen. Hinweis: "default-int" wird von C++ nicht unterstützt. [I:\TrinityCore\_integ-12_1_all\build\src\server\game\game.vcxproj]
  (Quelldatei „../../../../src/server/game/Maps/Map.cpp“ wird kompiliert)
  
I:\TrinityCore\_integ-12_1_all\dep\g3dlite\include\G3D\AABox.h(75,23): error C2143: Syntaxfehler: Es fehlt "," vor "&" [I:\TrinityCore\_integ-12_1_all\build\src\server\game\game.vcxproj]
  (Quelldatei „../../../../src/server/game/Maps/Map.cpp“ wird kompiliert)
  
I:\TrinityCore\_integ-12_1_all\dep\g3dlite\include\G3D\AABox.h(75,5): error C2535: "WorldPackets::G3D::AABox::AABox(const int)": Memberfunktion bereits definiert oder deklariert [I:\TrinityCore\_integ-12_1_all\build\src\server\game\game.vcxproj]
  (Quelldatei „../../../../src/server/game/Maps/Map.cpp“ wird kompiliert)
      I:\TrinityCore\_integ-12_1_all\dep\g3dlite\include\G3D\AABox.h(53,5):
      Siehe Deklaration von "WorldPackets::G3D::AABox::AABox"
  
I:\TrinityCore\_integ-12_1_all\dep\g3dlite\include\G3D\AABox.h(93,21): error C4430: Fehlender Typspezifizierer - int wird angenommen. Hinweis: "default-int" wird von C++ nicht unterstützt. [I:\TrinityCore\_integ-12_1_all\build\src\server\game\game.vcxproj]
  (Quelldatei „../../../../src/server/game/Maps/Map.cpp“ wird kompiliert)
  
I:\TrinityCore\_integ-12_1_all\dep\g3dlite\include\G3D\AABox.h(93,33): error C2143: Syntaxfehler: Es fehlt "," vor "&" [I:\TrinityCore\_integ-12_1_all\build\src\server\game\game.vcxproj]
  (Quelldatei „../../../../src/server/game/Maps/Map.cpp“ wird kompiliert)
  
I:\TrinityCore\_integ-12_1_all\dep\g3dlite\include\G3D\AABox.h(116,23): error C4430: Fehlender Typspezifizierer - int wird angenommen. Hinweis: "default-int" wird von C++ nicht unterstützt. [I:\TrinityCore\_integ-12_1_all\build\src\server\game\game.vcxproj]
  (Quelldatei „../../../../src/server/game/Maps/Map.cpp“ wird kompiliert)
  
I:\TrinityCore\_integ-12_1_all\dep\g3dlite\include\G3D\AABox.h(116,35): error C2143: Syntaxfehler: Es fehlt "," vor "&" [I:\TrinityCore\_integ-12_1_all\build\src\server\game\game.vcxproj]
  (Quelldatei „../../../../src/server/game/Maps/Map.cpp“ wird kompiliert)
  
I:\TrinityCore\_integ-12_1_all\dep\g3dlite\include\G3D\AABox.h(136,5): error C4430: Fehlender Typspezifizierer - int wird angenommen. Hinweis: "default-int" wird von C++ nicht unterstützt. [I:\TrinityCore\_integ-12_1_all\build\src\server\game\game.vcxproj]
  (Quelldatei „../../../../src/server/game/Maps/Map.cpp“ wird kompiliert)
  
I:\TrinityCore\_integ-12_1_all\dep\g3dlite\include\G3D\AABox.h(136,24): error C2143: Syntaxfehler: Es fehlt ";" vor "&" [I:\TrinityCore\_integ-12_1_all\build\src\server\game\game.vcxproj]
  (Quelldatei „../../../../src/server/game/Maps/Map.cpp“ wird kompiliert)
  
  PerksProgramMgr.cpp
  enuminfo_RaceMask.cpp
I:\TrinityCore\_integ-12_1_all\dep\g3dlite\include\G3D\AABox.h(136,18): error C7524: Der Bezeichner "inline" kann nicht in einer Blockbereichsdeklaration oder einem nicht statischen Datenelement angezeigt werden. [I:\TrinityCore\_integ-12_1_all\build\src\server\game\game.vcxproj]
  (Quelldatei „../../../../src/server/game/Maps/Map.cpp“ wird kompiliert)
  
I:\TrinityCore\_integ-12_1_all\dep\g3dlite\include\G3D\AABox.h(136,38): error C2334: Unerwartete(s) Token vor "{"; sichtbarer Funktionstext wird übersprungen [I:\TrinityCore\_integ-12_1_all\build\src\server\game\game.vcxproj]
  (Quelldatei „../../../../src/server/game/Maps/Map.cpp“ wird kompiliert)
  
I:\TrinityCore\_integ-12_1_all\dep\g3dlite\include\G3D\AABox.h(141,18): error C2327: "WorldPackets::G3D::AABox::Point3": Ist kein Typname, nicht statisch und kein Enumerator [I:\TrinityCore\_integ-12_1_all\build\src\server\game\game.vcxproj]
  (Quelldatei „../../../../src/server/game/Maps/Map.cpp“ wird kompiliert)
      I:\TrinityCore\_integ-12_1_all\dep\g3dlite\include\G3D\AABox.h(141,18):
      Siehe Deklaration von "WorldPackets::G3D::AABox::Point3"
  
I:\TrinityCore\_integ-12_1_all\dep\g3dlite\include\G3D\AABox.h(141,5): error C4430: Fehlender Typspezifizierer - int wird angenommen. Hinweis: "default-int" wird von C++ nicht unterstützt. [I:\TrinityCore\_integ-12_1_all\build\src\server\game\game.vcxproj]
  (Quelldatei „../../../../src/server/game/Maps/Map.cpp“ wird kompiliert)
  
I:\TrinityCore\_integ-12_1_all\dep\g3dlite\include\G3D\AABox.h(141,24): error C2143: Syntaxfehler: Es fehlt ";" vor "&" [I:\TrinityCore\_integ-12_1_all\build\src\server\game\game.vcxproj]
  (Quelldatei „../../../../src/server/game/Maps/Map.cpp“ wird kompiliert)
  
I:\TrinityCore\_integ-12_1_all\dep\g3dlite\include\G3D\AABox.h(141,18): error C7524: Der Bezeichner "inline" kann nicht in einer Blockbereichsdeklaration oder einem nicht statischen Datenelement angezeigt werden. [I:\TrinityCore\_integ-12_1_all\build\src\server\game\game.vcxproj]
  (Quelldatei „../../../../src/server/game/Maps/Map.cpp“ wird kompiliert)
  
I:\TrinityCore\_integ-12_1_all\dep\g3dlite\include\G3D\AABox.h(141,18): error C2086: "const int WorldPackets::G3D::AABox::Point3": Neudefinition [I:\TrinityCore\_integ-12_1_all\build\src\server\game\game.vcxproj]
  (Quelldatei „../../../../src/server/game/Maps/Map.cpp“ wird kompiliert)
  
I:\TrinityCore\_integ-12_1_all\dep\g3dlite\include\G3D\AABox.h(141,39): error C2334: Unerwartete(s) Token vor "{"; sichtbarer Funktionstext wird übersprungen [I:\TrinityCore\_integ-12_1_all\build\src\server\game\game.vcxproj]
  (Quelldatei „../../../../src/server/game/Maps/Map.cpp“ wird kompiliert)
  
I:\TrinityCore\_integ-12_1_all\dep\g3dlite\include\G3D\AABox.h(163,12): error C2327: "WorldPackets::G3D::AABox::Point3": Ist kein Typname, nicht statisch und kein Enumerator [I:\TrinityCore\_integ-12_1_all\build\src\server\game\game.vcxproj]
  (Quelldatei „../../../../src/server/game/Maps/Map.cpp“ wird kompiliert)
      I:\TrinityCore\_integ-12_1_all\dep\g3dlite\include\G3D\AABox.h(163,12):
      Siehe Deklaration von "WorldPackets::G3D::AABox::Point3"
  
I:\TrinityCore\_integ-12_1_all\dep\g3dlite\include\G3D\AABox.h(163,19): error C3646: "center": Unbekannter Überschreibungsspezifizierer [I:\TrinityCore\_integ-12_1_all\build\src\server\game\game.vcxproj]
  (Quelldatei „../../../../src/server/game/Maps/Map.cpp“ wird kompiliert)
  
I:\TrinityCore\_integ-12_1_all\dep\g3dlite\include\G3D\AABox.h(163,26): error C2059: Syntaxfehler: ")" [I:\TrinityCore\_integ-12_1_all\build\src\server\game\game.vcxproj]
  (Quelldatei „../../../../src/server/game/Maps/Map.cpp“ wird kompiliert)
  
I:\TrinityCore\_integ-12_1_all\dep\g3dlite\include\G3D\AABox.h(163,34): error C2334: Unerwartete(s) Token vor "{"; sichtbarer Funktionstext wird übersprungen [I:\TrinityCore\_integ-12_1_all\build\src\server\game\game.vcxproj]
  (Quelldatei „../../../../src/server/game/Maps/Map.cpp“ wird kompiliert)
  
I:\TrinityCore\_integ-12_1_all\dep\g3dlite\include\G3D\AABox.h(167,5): error C2327: "WorldPackets::G3D::AABox::Point3": Ist kein Typname, nicht statisch und kein Enumerator [I:\TrinityCore\_integ-12_1_all\build\src\server\game\game.vcxproj]
  (Quelldatei „../../../../src/server/game/Maps/Map.cpp“ wird kompiliert)
      I:\TrinityCore\_integ-12_1_all\dep\g3dlite\include\G3D\AABox.h(167,5):
      Siehe Deklaration von "WorldPackets::G3D::AABox::Point3"
  
I:\TrinityCore\_integ-12_1_all\dep\g3dlite\include\G3D\AABox.h(167,12): error C3646: "corner": Unbekannter Überschreibungsspezifizierer [I:\TrinityCore\_integ-12_1_all\build\src\server\game\game.vcxproj]
  (Quelldatei „../../../../src/server/game/Maps/Map.cpp“ wird kompiliert)
  
I:\TrinityCore\_integ-12_1_all\dep\g3dlite\include\G3D\AABox.h(167,18): error C2059: Syntaxfehler: "(" [I:\TrinityCore\_integ-12_1_all\build\src\server\game\game.vcxproj]
  (Quelldatei „../../../../src/server/game/Maps/Map.cpp“ wird kompiliert)
  
I:\TrinityCore\_integ-12_1_all\dep\g3dlite\include\G3D\AABox.h(167,35): error C2238: Unerwartete(s) Token vor ";" [I:\TrinityCore\_integ-12_1_all\build\src\server\game\game.vcxproj]
  (Quelldatei „../../../../src/server/game/Maps/Map.cpp“ wird kompiliert)
  
I:\TrinityCore\_integ-12_1_all\dep\g3dlite\include\G3D\AABox.h(181,20): error C3646: "extent": Unbekannter Überschreibungsspezifizierer [I:\TrinityCore\_integ-12_1_all\build\src\server\game\game.vcxproj]
  (Quelldatei „../../../../src/server/game/Maps/Map.cpp“ wird kompiliert)
  
I:\TrinityCore\_integ-12_1_all\dep\g3dlite\include\G3D\AABox.h(181,27): error C2059: Syntaxfehler: ")" [I:\TrinityCore\_integ-12_1_all\build\src\server\game\game.vcxproj]
  (Quelldatei „../../../../src/server/game/Maps/Map.cpp“ wird kompiliert)
  
I:\TrinityCore\_integ-12_1_all\dep\g3dlite\include\G3D\AABox.h(181,35): error C2334: Unerwartete(s) Token vor "{"; sichtbarer Funktionstext wird übersprungen [I:\TrinityCore\_integ-12_1_all\build\src\server\game\game.vcxproj]
  (Quelldatei „../../../../src/server/game/Maps/Map.cpp“ wird kompiliert)
  
I:\TrinityCore\_integ-12_1_all\dep\g3dlite\include\G3D\AABox.h(194,22): error C2653: "Vector3": Keine Klasse oder Namespace [I:\TrinityCore\_integ-12_1_all\build\src\server\game\game.vcxproj]
  (Quelldatei „../../../../src/server/game/Maps/Map.cpp“ wird kompiliert)
  
I:\TrinityCore\_integ-12_1_all\dep\g3dlite\include\G3D\AABox.h(194,16): error C4430: Fehlender Typspezifizierer - int wird angenommen. Hinweis: "default-int" wird von C++ nicht unterstützt. [I:\TrinityCore\_integ-12_1_all\build\src\server\game\game.vcxproj]
  (Quelldatei „../../../../src/server/game/Maps/Map.cpp“ wird kompiliert)
  
I:\TrinityCore\_integ-12_1_all\dep\g3dlite\include\G3D\AABox.h(194,35): error C2143: Syntaxfehler: Es fehlt "," vor "&" [I:\TrinityCore\_integ-12_1_all\build\src\server\game\game.vcxproj]
  (Quelldatei „../../../../src/server/game/Maps/Map.cpp“ wird kompiliert)
  
I:\TrinityCore\_integ-12_1_all\dep\g3dlite\include\G3D\AABox.h(248,32): error C2327: "WorldPackets::G3D::AABox::Point3": Ist kein Typname, nicht statisch und kein Enumerator [I:\TrinityCore\_integ-12_1_all\build\src\server\game\game.vcxproj]
  (Quelldatei „../../../../src/server/game/Maps/Map.cpp“ wird kompiliert)
      I:\TrinityCore\_integ-12_1_all\dep\g3dlite\include\G3D\AABox.h(248,32):
      Siehe Deklaration von "WorldPackets::G3D::AABox::Point3"
  
I:\TrinityCore\_integ-12_1_all\dep\g3dlite\include\G3D\AABox.h(248,26): error C4430: Fehlender Typspezifizierer - int wird angenommen. Hinweis: "default-int" wird von C++ nicht unterstützt. [I:\TrinityCore\_integ-12_1_all\build\src\server\game\game.vcxproj]
  (Quelldatei „../../../../src/server/game/Maps/Map.cpp“ wird kompiliert)
  
I:\TrinityCore\_integ-12_1_all\dep\g3dlite\include\G3D\AABox.h(248,38): error C2143: Syntaxfehler: Es fehlt "," vor "&" [I:\TrinityCore\_integ-12_1_all\build\src\server\game\game.vcxproj]
  (Quelldatei „../../../../src/server/game/Maps/Map.cpp“ wird kompiliert)
  
I:\TrinityCore\_integ-12_1_all\dep\g3dlite\include\G3D\AABox.h(270,5): error C2327: "WorldPackets::G3D::AABox::Point3": Ist kein Typname, nicht statisch und kein Enumerator [I:\TrinityCore\_integ-12_1_all\build\src\server\game\game.vcxproj]
  (Quelldatei „../../../../src/server/game/Maps/Map.cpp“ wird kompiliert)
      I:\TrinityCore\_integ-12_1_all\dep\g3dlite\include\G3D\AABox.h(270,5):
      Siehe Deklaration von "WorldPackets::G3D::AABox::Point3"
  
I:\TrinityCore\_integ-12_1_all\dep\g3dlite\include\G3D\AABox.h(270,12): error C3646: "randomInteriorPoint": Unbekannter Überschreibungsspezifizierer [I:\TrinityCore\_integ-12_1_all\build\src\server\game\game.vcxproj]
  (Quelldatei „../../../../src/server/game/Maps/Map.cpp“ wird kompiliert)
  
I:\TrinityCore\_integ-12_1_all\dep\g3dlite\include\G3D\AABox.h(270,31): error C2059: Syntaxfehler: "(" [I:\TrinityCore\_integ-12_1_all\build\src\server\game\game.vcxproj]
  (Quelldatei „../../../../src/server/game/Maps/Map.cpp“ wird kompiliert)
  
I:\TrinityCore\_integ-12_1_all\dep\g3dlite\include\G3D\AABox.h(270,39): error C2238: Unerwartete(s) Token vor ";" [I:\TrinityCore\_integ-12_1_all\build\src\server\game\game.vcxproj]
  (Quelldatei „../../../../src/server/game/Maps/Map.cpp“ wird kompiliert)
  
I:\TrinityCore\_integ-12_1_all\dep\g3dlite\include\G3D\AABox.h(272,5): error C2327: "WorldPackets::G3D::AABox::Point3": Ist kein Typname, nicht statisch und kein Enumerator [I:\TrinityCore\_integ-12_1_all\build\src\server\game\game.vcxproj]
  (Quelldatei „../../../../src/server/game/Maps/Map.cpp“ wird kompiliert)
      I:\TrinityCore\_integ-12_1_all\dep\g3dlite\include\G3D\AABox.h(272,5):
      Siehe Deklaration von "WorldPackets::G3D::AABox::Point3"
  
I:\TrinityCore\_integ-12_1_all\dep\g3dlite\include\G3D\AABox.h(272,12): error C3646: "randomSurfacePoint": Unbekannter Überschreibungsspezifizierer [I:\TrinityCore\_integ-12_1_all\build\src\server\game\game.vcxproj]
  (Quelldatei „../../../../src/server/game/Maps/Map.cpp“ wird kompiliert)
  
I:\TrinityCore\_integ-12_1_all\dep\g3dlite\include\G3D\AABox.h(272,30): error C2059: Syntaxfehler: "(" [I:\TrinityCore\_integ-12_1_all\build\src\server\game\game.vcxproj]
  (Quelldatei „../../../../src/server/game/Maps/Map.cpp“ wird kompiliert)
  
I:\TrinityCore\_integ-12_1_all\dep\g3dlite\include\G3D\AABox.h(272,38): error C2238: Unerwartete(s) Token vor ";" [I:\TrinityCore\_integ-12_1_all\build\src\server\game\game.vcxproj]
  (Quelldatei „../../../../src/server/game/Maps/Map.cpp“ wird kompiliert)
  
I:\TrinityCore\_integ-12_1_all\dep\g3dlite\include\G3D\AABox.h(317,28): error C4430: Fehlender Typspezifizierer - int wird angenommen. Hinweis: "default-int" wird von C++ nicht unterstützt. [I:\TrinityCore\_integ-12_1_all\build\src\server\game\game.vcxproj]
  (Quelldatei „../../../../src/server/game/Maps/Map.cpp“ wird kompiliert)
  
I:\TrinityCore\_integ-12_1_all\dep\g3dlite\include\G3D\AABox.h(317,41): error C2143: Syntaxfehler: Es fehlt "," vor "&" [I:\TrinityCore\_integ-12_1_all\build\src\server\game\game.vcxproj]
  (Quelldatei „../../../../src/server/game/Maps/Map.cpp“ wird kompiliert)
  
I:\TrinityCore\_integ-12_1_all\dep\g3dlite\include\G3D\AABox.h(324,28): error C4430: Fehlender Typspezifizierer - int wird angenommen. Hinweis: "default-int" wird von C++ nicht unterstützt. [I:\TrinityCore\_integ-12_1_all\build\src\server\game\game.vcxproj]
  (Quelldatei „../../../../src/server/game/Maps/Map.cpp“ wird kompiliert)
  
I:\TrinityCore\_integ-12_1_all\dep\g3dlite\include\G3D\AABox.h(324,41): error C2143: Syntaxfehler: Es fehlt "," vor "&" [I:\TrinityCore\_integ-12_1_all\build\src\server\game\game.vcxproj]
  (Quelldatei „../../../../src/server/game/Maps/Map.cpp“ wird kompiliert)
  
I:\TrinityCore\_integ-12_1_all\dep\g3dlite\include\G3D\AABox.h(48,18): error C3861: "fnan": Bezeichner wurde nicht gefunden. [I:\TrinityCore\_integ-12_1_all\build\src\server\game\game.vcxproj]
  (Quelldatei „../../../../src/server/game/Maps/Map.cpp“ wird kompiliert)
  
I:\TrinityCore\_integ-12_1_all\dep\g3dlite\include\G3D\AABox.h(48,26): error C3861: "fnan": Bezeichner wurde nicht gefunden. [I:\TrinityCore\_integ-12_1_all\build\src\server\game\game.vcxproj]
  (Quelldatei „../../../../src/server/game/Maps/Map.cpp“ wird kompiliert)
  
I:\TrinityCore\_integ-12_1_all\dep\g3dlite\include\G3D\AABox.h(48,34): error C3861: "fnan": Bezeichner wurde nicht gefunden. [I:\TrinityCore\_integ-12_1_all\build\src\server\game\game.vcxproj]
  (Quelldatei „../../../../src/server/game/Maps/Map.cpp“ wird kompiliert)
  
I:\TrinityCore\_integ-12_1_all\dep\g3dlite\include\G3D\AABox.h(48,46): error C3861: "fnan": Bezeichner wurde nicht gefunden. [I:\TrinityCore\_integ-12_1_all\build\src\server\game\game.vcxproj]
  (Quelldatei „../../../../src/server/game/Maps/Map.cpp“ wird kompiliert)
  
I:\TrinityCore\_integ-12_1_all\dep\g3dlite\include\G3D\AABox.h(48,54): error C3861: "fnan": Bezeichner wurde nicht gefunden. [I:\TrinityCore\_integ-12_1_all\build\src\server\game\game.vcxproj]
  (Quelldatei „../../../../src/server/game/Maps/Map.cpp“ wird kompiliert)
  
I:\TrinityCore\_integ-12_1_all\dep\g3dlite\include\G3D\AABox.h(48,62): error C3861: "fnan": Bezeichner wurde nicht gefunden. [I:\TrinityCore\_integ-12_1_all\build\src\server\game\game.vcxproj]
  (Quelldatei „../../../../src/server/game/Maps/Map.cpp“ wird kompiliert)
  
I:\TrinityCore\_integ-12_1_all\dep\g3dlite\include\G3D\AABox.h(48,70): error C2789: WorldPackets::G3D::AABox::Point3: Ein Objekt eines durch eine Konstante qualifizierten Typs muss initialisiert werden. [I:\TrinityCore\_integ-12_1_all\build\src\server\game\game.vcxproj]
  (Quelldatei „../../../../src/server/game/Maps/Map.cpp“ wird kompiliert)
      I:\TrinityCore\_integ-12_1_all\dep\g3dlite\include\G3D\AABox.h(136,18):
      Siehe Deklaration von "WorldPackets::G3D::AABox::Point3"
  
  enuminfo_SharedDefines.cpp
I:\TrinityCore\_integ-12_1_all\dep\g3dlite\include\G3D\AABox.h(48,15): error C2614: "WorldPackets::G3D::AABox": Unzulässige Elementinitialisierung: "lo" ist weder Basis noch Element [I:\TrinityCore\_integ-12_1_all\build\src\server\game\game.vcxproj]
  (Quelldatei „../../../../src/server/game/Maps/Map.cpp“ wird kompiliert)
  
I:\TrinityCore\_integ-12_1_all\dep\g3dlite\include\G3D\AABox.h(48,43): error C2614: "WorldPackets::G3D::AABox": Unzulässige Elementinitialisierung: "hi" ist weder Basis noch Element [I:\TrinityCore\_integ-12_1_all\build\src\server\game\game.vcxproj]
  (Quelldatei „../../../../src/server/game/Maps/Map.cpp“ wird kompiliert)
  
I:\TrinityCore\_integ-12_1_all\dep\g3dlite\include\G3D\AABox.h(53,37): error C2789: WorldPackets::G3D::AABox::Point3: Ein Objekt eines durch eine Konstante qualifizierten Typs muss initialisiert werden. [I:\TrinityCore\_integ-12_1_all\build\src\server\game\game.vcxproj]
  (Quelldatei „../../../../src/server/game/Maps/Map.cpp“ wird kompiliert)
      I:\TrinityCore\_integ-12_1_all\dep\g3dlite\include\G3D\AABox.h(136,18):
      Siehe Deklaration von "WorldPackets::G3D::AABox::Point3"
  
I:\TrinityCore\_integ-12_1_all\dep\g3dlite\include\G3D\AABox.h(54,9): error C2065: "lo": nichtdeklarierter Bezeichner [I:\TrinityCore\_integ-12_1_all\build\src\server\game\game.vcxproj]
  (Quelldatei „../../../../src/server/game/Maps/Map.cpp“ wird kompiliert)
  
I:\TrinityCore\_integ-12_1_all\dep\g3dlite\include\G3D\AABox.h(54,14): error C2065: "hi": nichtdeklarierter Bezeichner [I:\TrinityCore\_integ-12_1_all\build\src\server\game\game.vcxproj]
  (Quelldatei „../../../../src/server/game/Maps/Map.cpp“ wird kompiliert)
  
I:\TrinityCore\_integ-12_1_all\dep\g3dlite\include\G3D\AABox.h(54,19): error C2065: "v": nichtdeklarierter Bezeichner [I:\TrinityCore\_integ-12_1_all\build\src\server\game\game.vcxproj]
  (Quelldatei „../../../../src/server/game/Maps/Map.cpp“ wird kompiliert)
  
I:\TrinityCore\_integ-12_1_all\dep\g3dlite\include\G3D\AABox.h(68,16): error C2065: "lo": nichtdeklarierter Bezeichner [I:\TrinityCore\_integ-12_1_all\build\src\server\game\game.vcxproj]
  (Quelldatei „../../../../src/server/game/Maps/Map.cpp“ wird kompiliert)
  
I:\TrinityCore\_integ-12_1_all\dep\g3dlite\include\G3D\AABox.h(75,50): error C2789: WorldPackets::G3D::AABox::Point3: Ein Objekt eines durch eine Konstante qualifizierten Typs muss initialisiert werden. [I:\TrinityCore\_integ-12_1_all\build\src\server\game\game.vcxproj]
  (Quelldatei „../../../../src/server/game/Maps/Map.cpp“ wird kompiliert)
      I:\TrinityCore\_integ-12_1_all\dep\g3dlite\include\G3D\AABox.h(136,18):
      Siehe Deklaration von "WorldPackets::G3D::AABox::Point3"
  
I:\TrinityCore\_integ-12_1_all\dep\g3dlite\include\G3D\AABox.h(76,13): error C2065: "low": nichtdeklarierter Bezeichner [I:\TrinityCore\_integ-12_1_all\build\src\server\game\game.vcxproj]
  (Quelldatei „../../../../src/server/game/Maps/Map.cpp“ wird kompiliert)
  
I:\TrinityCore\_integ-12_1_all\dep\g3dlite\include\G3D\AABox.h(76,18): error C2065: "high": nichtdeklarierter Bezeichner [I:\TrinityCore\_integ-12_1_all\build\src\server\game\game.vcxproj]
  (Quelldatei „../../../../src/server/game/Maps/Map.cpp“ wird kompiliert)
  
I:\TrinityCore\_integ-12_1_all\dep\g3dlite\include\G3D\AABox.h(81,26): error C2065: "hi": nichtdeklarierter Bezeichner [I:\TrinityCore\_integ-12_1_all\build\src\server\game\game.vcxproj]
  (Quelldatei „../../../../src/server/game/Maps/Map.cpp“ wird kompiliert)
  
I:\TrinityCore\_integ-12_1_all\dep\g3dlite\include\G3D\AABox.h(81,34): error C2065: "lo": nichtdeklarierter Bezeichner [I:\TrinityCore\_integ-12_1_all\build\src\server\game\game.vcxproj]
  (Quelldatei „../../../../src/server/game/Maps/Map.cpp“ wird kompiliert)
  
I:\TrinityCore\_integ-12_1_all\dep\g3dlite\include\G3D\AABox.h(83,26): error C2065: "lo": nichtdeklarierter Bezeichner [I:\TrinityCore\_integ-12_1_all\build\src\server\game\game.vcxproj]
  (Quelldatei „../../../../src/server/game/Maps/Map.cpp“ wird kompiliert)
  
I:\TrinityCore\_integ-12_1_all\dep\g3dlite\include\G3D\AABox.h(83,34): error C2065: "hi": nichtdeklarierter Bezeichner [I:\TrinityCore\_integ-12_1_all\build\src\server\game\game.vcxproj]
  (Quelldatei „../../../../src/server/game/Maps/Map.cpp“ wird kompiliert)
  
I:\TrinityCore\_integ-12_1_all\dep\g3dlite\include\G3D\AABox.h(99,9): error C2065: "lo": nichtdeklarierter Bezeichner [I:\TrinityCore\_integ-12_1_all\build\src\server\game\game.vcxproj]
  (Quelldatei „../../../../src/server/game/Maps/Map.cpp“ wird kompiliert)
  
I:\TrinityCore\_integ-12_1_all\dep\g3dlite\include\G3D\AABox.h(99,14): error C2065: "low": nichtdeklarierter Bezeichner [I:\TrinityCore\_integ-12_1_all\build\src\server\game\game.vcxproj]
  (Quelldatei „../../../../src/server/game/Maps/Map.cpp“ wird kompiliert)
  
I:\TrinityCore\_integ-12_1_all\dep\g3dlite\include\G3D\AABox.h(100,9): error C2065: "hi": nichtdeklarierter Bezeichner [I:\TrinityCore\_integ-12_1_all\build\src\server\game\game.vcxproj]
  (Quelldatei „../../../../src/server/game/Maps/Map.cpp“ wird kompiliert)
  
I:\TrinityCore\_integ-12_1_all\dep\g3dlite\include\G3D\AABox.h(100,14): error C2065: "high": nichtdeklarierter Bezeichner [I:\TrinityCore\_integ-12_1_all\build\src\server\game\game.vcxproj]
  (Quelldatei „../../../../src/server/game/Maps/Map.cpp“ wird kompiliert)
  
I:\TrinityCore\_integ-12_1_all\dep\g3dlite\include\G3D\AABox.h(108,13): error C2065: "lo": nichtdeklarierter Bezeichner [I:\TrinityCore\_integ-12_1_all\build\src\server\game\game.vcxproj]
  (Quelldatei „../../../../src/server/game/Maps/Map.cpp“ wird kompiliert)
  
I:\TrinityCore\_integ-12_1_all\dep\g3dlite\include\G3D\AABox.h(108,20): error C2039: "lo" ist kein Member von "WorldPackets::G3D::AABox". [I:\TrinityCore\_integ-12_1_all\build\src\server\game\game.vcxproj]
  (Quelldatei „../../../../src/server/game/Maps/Map.cpp“ wird kompiliert)
      I:\TrinityCore\_integ-12_1_all\dep\g3dlite\include\G3D\AABox.h(32,7):
      Siehe Deklaration von "WorldPackets::G3D::AABox"
  
I:\TrinityCore\_integ-12_1_all\dep\g3dlite\include\G3D\AABox.h(109,13): error C2065: "hi": nichtdeklarierter Bezeichner [I:\TrinityCore\_integ-12_1_all\build\src\server\game\game.vcxproj]
  (Quelldatei „../../../../src/server/game/Maps/Map.cpp“ wird kompiliert)
  
I:\TrinityCore\_integ-12_1_all\dep\g3dlite\include\G3D\AABox.h(109,20): error C2039: "hi" ist kein Member von "WorldPackets::G3D::AABox". [I:\TrinityCore\_integ-12_1_all\build\src\server\game\game.vcxproj]
  (Quelldatei „../../../../src/server/game/Maps/Map.cpp“ wird kompiliert)
      I:\TrinityCore\_integ-12_1_all\dep\g3dlite\include\G3D\AABox.h(32,7):
      Siehe Deklaration von "WorldPackets::G3D::AABox"
  
I:\TrinityCore\_integ-12_1_all\dep\g3dlite\include\G3D\AABox.h(111,13): error C2065: "lo": nichtdeklarierter Bezeichner [I:\TrinityCore\_integ-12_1_all\build\src\server\game\game.vcxproj]
  (Quelldatei „../../../../src/server/game/Maps/Map.cpp“ wird kompiliert)
  
I:\TrinityCore\_integ-12_1_all\dep\g3dlite\include\G3D\AABox.h(111,18): error C2065: "lo": nichtdeklarierter Bezeichner [I:\TrinityCore\_integ-12_1_all\build\src\server\game\game.vcxproj]
  (Quelldatei „../../../../src/server/game/Maps/Map.cpp“ wird kompiliert)
  
I:\TrinityCore\_integ-12_1_all\dep\g3dlite\include\G3D\AABox.h(111,27): error C2039: "lo" ist kein Member von "WorldPackets::G3D::AABox". [I:\TrinityCore\_integ-12_1_all\build\src\server\game\game.vcxproj]
  (Quelldatei „../../../../src/server/game/Maps/Map.cpp“ wird kompiliert)
      I:\TrinityCore\_integ-12_1_all\dep\g3dlite\include\G3D\AABox.h(32,7):
      Siehe Deklaration von "WorldPackets::G3D::AABox"
  
I:\TrinityCore\_integ-12_1_all\dep\g3dlite\include\G3D\AABox.h(112,13): error C2065: "hi": nichtdeklarierter Bezeichner [I:\TrinityCore\_integ-12_1_all\build\src\server\game\game.vcxproj]
  (Quelldatei „../../../../src/server/game/Maps/Map.cpp“ wird kompiliert)
  
I:\TrinityCore\_integ-12_1_all\dep\g3dlite\include\G3D\AABox.h(112,18): error C2065: "hi": nichtdeklarierter Bezeichner [I:\TrinityCore\_integ-12_1_all\build\src\server\game\game.vcxproj]
  (Quelldatei „../../../../src/server/game/Maps/Map.cpp“ wird kompiliert)
  
I:\TrinityCore\_integ-12_1_all\dep\g3dlite\include\G3D\AABox.h(112,27): error C2039: "hi" ist kein Member von "WorldPackets::G3D::AABox". [I:\TrinityCore\_integ-12_1_all\build\src\server\game\game.vcxproj]
  (Quelldatei „../../../../src/server/game/Maps/Map.cpp“ wird kompiliert)
      I:\TrinityCore\_integ-12_1_all\dep\g3dlite\include\G3D\AABox.h(32,7):
      Siehe Deklaration von "WorldPackets::G3D::AABox"
  
I:\TrinityCore\_integ-12_1_all\dep\g3dlite\include\G3D\AABox.h(118,13): error C2065: "lo": nichtdeklarierter Bezeichner [I:\TrinityCore\_integ-12_1_all\build\src\server\game\game.vcxproj]
  (Quelldatei „../../../../src/server/game/Maps/Map.cpp“ wird kompiliert)
  
I:\TrinityCore\_integ-12_1_all\dep\g3dlite\include\G3D\AABox.h(118,18): error C2065: "hi": nichtdeklarierter Bezeichner [I:\TrinityCore\_integ-12_1_all\build\src\server\game\game.vcxproj]
  (Quelldatei „../../../../src/server/game/Maps/Map.cpp“ wird kompiliert)
  
I:\TrinityCore\_integ-12_1_all\dep\g3dlite\include\G3D\AABox.h(118,23): error C2065: "a": nichtdeklarierter Bezeichner [I:\TrinityCore\_integ-12_1_all\build\src\server\game\game.vcxproj]
  (Quelldatei „../../../../src/server/game/Maps/Map.cpp“ wird kompiliert)
  
I:\TrinityCore\_integ-12_1_all\dep\g3dlite\include\G3D\AABox.h(120,13): error C2065: "lo": nichtdeklarierter Bezeichner [I:\TrinityCore\_integ-12_1_all\build\src\server\game\game.vcxproj]
  (Quelldatei „../../../../src/server/game/Maps/Map.cpp“ wird kompiliert)
  
I:\TrinityCore\_integ-12_1_all\dep\g3dlite\include\G3D\AABox.h(120,18): error C2065: "lo": nichtdeklarierter Bezeichner [I:\TrinityCore\_integ-12_1_all\build\src\server\game\game.vcxproj]
  (Quelldatei „../../../../src/server/game/Maps/Map.cpp“ wird kompiliert)
  
I:\TrinityCore\_integ-12_1_all\dep\g3dlite\include\G3D\AABox.h(120,25): error C2065: "a": nichtdeklarierter Bezeichner [I:\TrinityCore\_integ-12_1_all\build\src\server\game\game.vcxproj]
  (Quelldatei „../../../../src/server/game/Maps/Map.cpp“ wird kompiliert)
  
I:\TrinityCore\_integ-12_1_all\dep\g3dlite\include\G3D\AABox.h(121,13): error C2065: "hi": nichtdeklarierter Bezeichner [I:\TrinityCore\_integ-12_1_all\build\src\server\game\game.vcxproj]
  (Quelldatei „../../../../src/server/game/Maps/Map.cpp“ wird kompiliert)
  
I:\TrinityCore\_integ-12_1_all\dep\g3dlite\include\G3D\AABox.h(121,18): error C2065: "hi": nichtdeklarierter Bezeichner [I:\TrinityCore\_integ-12_1_all\build\src\server\game\game.vcxproj]
  (Quelldatei „../../../../src/server/game/Maps/Map.cpp“ wird kompiliert)
  
I:\TrinityCore\_integ-12_1_all\dep\g3dlite\include\G3D\AABox.h(121,18): error C1003: Mehr als 100 Fehler gefunden; Kompilierung wird abgebrochen. [I:\TrinityCore\_integ-12_1_all\build\src\server\game\game.vcxproj]
  (Quelldatei „../../../../src/server/game/Maps/Map.cpp“ wird kompiliert)
  
  AbstractFollower.cpp
  MotionMaster.cpp
  MovementDefines.cpp
  MovementGenerator.cpp
  PathGenerator.cpp
  enuminfo_MovementDefines.cpp
  ChaseMovementGenerator.cpp
  ConfusedMovementGenerator.cpp
  FleeingMovementGenerator.cpp
  FlightPathMovementGenerator.cpp
  FollowMovementGenerator.cpp
  FormationMovementGenerator.cpp
  GenericMovementGenerator.cpp
  HomeMovementGenerator.cpp
  IdleMovementGenerator.cpp
  PointMovementGenerator.cpp
  RandomMovementGenerator.cpp
  SplineChainMovementGenerator.cpp
  WaypointMovementGenerator.cpp
  MoveSpline.cpp
  MoveSplineInit.cpp
  MovementUtil.cpp
  Spline.cpp
  enuminfo_MoveSplineFlag.cpp
  WaypointManager.cpp
  OmniumFolioMgr.cpp
  OutdoorPvP.cpp
  OutdoorPvPMgr.cpp
  PetitionMgr.cpp
  PersonalPhaseTracker.cpp
  PhaseShift.cpp
  PhasingHandler.cpp
  PoolMgr.cpp
  QuestPools.cpp
  PreyMgr.cpp
  AreaPoiMgr.cpp
  QuestDef.cpp
  QuestMgr.cpp
  QuestObjectiveCriteriaMgr.cpp
  WorldQuestMgr.cpp
  enuminfo_QuestDef.cpp
  ReputationMgr.cpp
  InstanceScenario.cpp
  Scenario.cpp
  ScenarioMgr.cpp
  ScriptMgr.cpp
  ScriptReloadMgr.cpp
  ScriptSystem.cpp
  ScriptActions.cpp
  RaidSeasonS1Mgr.cpp
  Packet.cpp
  WorldSession.cpp
I:\TrinityCore\_integ-12_1_all\src\server\game\Server\Packets\CharacterPackets.h(1011,1): error C2059: Syntaxfehler: "}" [I:\TrinityCore\_integ-12_1_all\build\src\server\game\game.vcxproj]
  (Quelldatei „../../../../src/server/game/Reputation/ReputationMgr.cpp“ wird kompiliert)
  
I:\TrinityCore\_integ-12_1_all\src\server\game\Server\Packets\CharacterPackets.h(1011,1): error C2143: Syntaxfehler: Es fehlt ";" vor "}" [I:\TrinityCore\_integ-12_1_all\build\src\server\game\game.vcxproj]
  (Quelldatei „../../../../src/server/game/Reputation/ReputationMgr.cpp“ wird kompiliert)
  
  WorldSocket.cpp
I:\TrinityCore\_integ-12_1_all\src\server\game\Reputation\ReputationMgr.cpp(38,38): error C2888: "const std::set<int32,std::less<int>,std::allocator<int>> ReputationMgr::ReputationRankThresholds": Symbol kann nicht im Namespace "WorldPackets" definiert werden [I:\TrinityCore\_integ-12_1_all\build\src\server\game\game.vcxproj]
  (Quelldatei „../../../../src/server/game/Reputation/ReputationMgr.cpp“ wird kompiliert)
  
I:\TrinityCore\_integ-12_1_all\src\server\game\Reputation\ReputationMgr.cpp(58,28): error C2888: "const int32 ReputationMgr::Reputation_Cap": Symbol kann nicht im Namespace "WorldPackets" definiert werden [I:\TrinityCore\_integ-12_1_all\build\src\server\game\game.vcxproj]
  (Quelldatei „../../../../src/server/game/Reputation/ReputationMgr.cpp“ wird kompiliert)
  
I:\TrinityCore\_integ-12_1_all\src\server\game\Reputation\ReputationMgr.cpp(59,28): error C2888: "const int32 ReputationMgr::Reputation_Bottom": Symbol kann nicht im Namespace "WorldPackets" definiert werden [I:\TrinityCore\_integ-12_1_all\build\src\server\game\game.vcxproj]
  (Quelldatei „../../../../src/server/game/Reputation/ReputationMgr.cpp“ wird kompiliert)
  
I:\TrinityCore\_integ-12_1_all\src\server\game\Reputation\ReputationMgr.cpp(76,31): error C2888: "ReputationRank ReputationMgr::ReputationToRank(const FactionEntry *,int32)": Symbol kann nicht im Namespace "WorldPackets" definiert werden [I:\TrinityCore\_integ-12_1_all\build\src\server\game\game.vcxproj]
  (Quelldatei „../../../../src/server/game/Reputation/ReputationMgr.cpp“ wird kompiliert)
  
I:\TrinityCore\_integ-12_1_all\src\server\game\Reputation\ReputationMgr.cpp(80,146): error C2888: "ReputationMgr::ReputationToRank::<lambda_1>": Symbol kann nicht im Namespace "WorldPackets" definiert werden [I:\TrinityCore\_integ-12_1_all\build\src\server\game\game.vcxproj]
  (Quelldatei „../../../../src/server/game/Reputation/ReputationMgr.cpp“ wird kompiliert)
  
I:\TrinityCore\_integ-12_1_all\src\server\game\Reputation\ReputationMgr.cpp(80,16): error C2672: "ReputationToRankHelper": keine übereinstimmende überladene Funktion gefunden [I:\TrinityCore\_integ-12_1_all\build\src\server\game\game.vcxproj]
  (Quelldatei „../../../../src/server/game/Reputation/ReputationMgr.cpp“ wird kompiliert)
      I:\TrinityCore\_integ-12_1_all\src\server\game\Reputation\ReputationMgr.cpp(62,14):
      kann "int32 WorldPackets::ReputationToRankHelper(const std::set<T,Rest...> &,int32,F)" sein
          I:\TrinityCore\_integ-12_1_all\src\server\game\Reputation\ReputationMgr.cpp(80,16):
          Fehler beim Spezialisieren der Funktionsvorlage „int32 WorldPackets::ReputationToRankHelper(const std::set<T,Rest...> &,int32,F)“
              I:\TrinityCore\_integ-12_1_all\src\server\game\Reputation\ReputationMgr.cpp(80,16):
              Mit den folgenden Vorlagenargumenten:
                  I:\TrinityCore\_integ-12_1_all\src\server\game\Reputation\ReputationMgr.cpp(80,16):
                  "T=const FriendshipRepReactionEntry *"
                  I:\TrinityCore\_integ-12_1_all\src\server\game\Reputation\ReputationMgr.cpp(80,16):
                  "F=ReputationMgr::ReputationToRank::<lambda_1>"
                  I:\TrinityCore\_integ-12_1_all\src\server\game\Reputation\ReputationMgr.cpp(80,16):
                  "Rest={DB2Manager::FriendshipRepReactionEntryComparator, std::allocator<const FriendshipRepReactionEntry *>}"
  
I:\TrinityCore\_integ-12_1_all\src\server\game\Reputation\ReputationMgr.cpp(82,115): error C2888: "ReputationMgr::ReputationToRank::<lambda_2>": Symbol kann nicht im Namespace "WorldPackets" definiert werden [I:\TrinityCore\_integ-12_1_all\build\src\server\game\game.vcxproj]
  (Quelldatei „../../../../src/server/game/Reputation/ReputationMgr.cpp“ wird kompiliert)
  
I:\TrinityCore\_integ-12_1_all\src\server\game\Reputation\ReputationMgr.cpp(82,16): error C2672: "ReputationToRankHelper": keine übereinstimmende überladene Funktion gefunden [I:\TrinityCore\_integ-12_1_all\build\src\server\game\game.vcxproj]
  (Quelldatei „../../../../src/server/game/Reputation/ReputationMgr.cpp“ wird kompiliert)
      I:\TrinityCore\_integ-12_1_all\src\server\game\Reputation\ReputationMgr.cpp(62,14):
      kann "int32 WorldPackets::ReputationToRankHelper(const std::set<T,Rest...> &,int32,F)" sein
          I:\TrinityCore\_integ-12_1_all\src\server\game\Reputation\ReputationMgr.cpp(82,16):
          Fehler beim Spezialisieren der Funktionsvorlage „int32 WorldPackets::ReputationToRankHelper(const std::set<T,Rest...> &,int32,F)“
              I:\TrinityCore\_integ-12_1_all\src\server\game\Reputation\ReputationMgr.cpp(82,16):
              Mit den folgenden Vorlagenargumenten:
                  I:\TrinityCore\_integ-12_1_all\src\server\game\Reputation\ReputationMgr.cpp(82,16):
                  "T=int32"
                  I:\TrinityCore\_integ-12_1_all\src\server\game\Reputation\ReputationMgr.cpp(82,16):
                  "F=ReputationMgr::ReputationToRank::<lambda_2>"
                  I:\TrinityCore\_integ-12_1_all\src\server\game\Reputation\ReputationMgr.cpp(82,16):
                  "Rest={std::less<int>, std::allocator<int>}"
  
I:\TrinityCore\_integ-12_1_all\src\server\game\Reputation\ReputationMgr.cpp(87,36): error C2888: "const FactionState *ReputationMgr::GetState(const FactionEntry *) const": Symbol kann nicht im Namespace "WorldPackets" definiert werden [I:\TrinityCore\_integ-12_1_all\build\src\server\game\game.vcxproj]
  (Quelldatei „../../../../src/server/game/Reputation/ReputationMgr.cpp“ wird kompiliert)
  
I:\TrinityCore\_integ-12_1_all\src\server\game\Reputation\ReputationMgr.cpp(92,21): error C2888: "bool ReputationMgr::IsAtWar(uint32) const": Symbol kann nicht im Namespace "WorldPackets" definiert werden [I:\TrinityCore\_integ-12_1_all\build\src\server\game\game.vcxproj]
  (Quelldatei „../../../../src/server/game/Reputation/ReputationMgr.cpp“ wird kompiliert)
  
I:\TrinityCore\_integ-12_1_all\src\server\game\Reputation\ReputationMgr.cpp(105,22): error C2888: "int32 ReputationMgr::GetReputation(uint32) const": Symbol kann nicht im Namespace "WorldPackets" definiert werden [I:\TrinityCore\_integ-12_1_all\build\src\server\game\game.vcxproj]
  (Quelldatei „../../../../src/server/game/Reputation/ReputationMgr.cpp“ wird kompiliert)
  
  WorldSocketMgr.cpp
  AccountStorePackets.cpp
I:\TrinityCore\_integ-12_1_all\src\server\game\Reputation\ReputationMgr.cpp(118,22): error C2888: "int32 ReputationMgr::GetBaseReputation(const FactionEntry *) const": Symbol kann nicht im Namespace "WorldPackets" definiert werden [I:\TrinityCore\_integ-12_1_all\build\src\server\game\game.vcxproj]
  (Quelldatei „../../../../src/server/game/Reputation/ReputationMgr.cpp“ wird kompiliert)
  
I:\TrinityCore\_integ-12_1_all\src\server\game\Reputation\ReputationMgr.cpp(123,22): error C2888: "int32 ReputationMgr::GetBaseReputation(const FactionEntry *,uint8,uint8)": Symbol kann nicht im Namespace "WorldPackets" definiert werden [I:\TrinityCore\_integ-12_1_all\build\src\server\game\game.vcxproj]
  (Quelldatei „../../../../src/server/game/Reputation/ReputationMgr.cpp“ wird kompiliert)
  
I:\TrinityCore\_integ-12_1_all\src\server\game\Reputation\ReputationMgr.cpp(126,5): warning C4390: ";": Leere kontrollierte Anweisung aufgetreten; ist dies beabsichtigt? [I:\TrinityCore\_integ-12_1_all\build\src\server\game\game.vcxproj]
  (Quelldatei „../../../../src/server/game/Reputation/ReputationMgr.cpp“ wird kompiliert)
  
I:\TrinityCore\_integ-12_1_all\src\server\game\Reputation\ReputationMgr.cpp(132,22): error C2888: "int32 ReputationMgr::GetMinReputation(const FactionEntry *) const": Symbol kann nicht im Namespace "WorldPackets" definiert werden [I:\TrinityCore\_integ-12_1_all\build\src\server\game\game.vcxproj]
  (Quelldatei „../../../../src/server/game/Reputation/ReputationMgr.cpp“ wird kompiliert)
  
I:\TrinityCore\_integ-12_1_all\src\server\game\Reputation\ReputationMgr.cpp(134,5): warning C4390: ";": Leere kontrollierte Anweisung aufgetreten; ist dies beabsichtigt? [I:\TrinityCore\_integ-12_1_all\build\src\server\game\game.vcxproj]
  (Quelldatei „../../../../src/server/game/Reputation/ReputationMgr.cpp“ wird kompiliert)
  
I:\TrinityCore\_integ-12_1_all\src\server\game\Reputation\ReputationMgr.cpp(140,22): error C2888: "int32 ReputationMgr::GetMaxReputation(const FactionEntry *) const": Symbol kann nicht im Namespace "WorldPackets" definiert werden [I:\TrinityCore\_integ-12_1_all\build\src\server\game\game.vcxproj]
  (Quelldatei „../../../../src/server/game/Reputation/ReputationMgr.cpp“ wird kompiliert)
  
  AchievementPackets.cpp
  AddonPackets.cpp
  AdventureJournalPackets.cpp
I:\TrinityCore\_integ-12_1_all\src\server\game\Reputation\ReputationMgr.cpp(169,5): warning C4390: ";": Leere kontrollierte Anweisung aufgetreten; ist dies beabsichtigt? [I:\TrinityCore\_integ-12_1_all\build\src\server\game\game.vcxproj]
  (Quelldatei „../../../../src/server/game/Reputation/ReputationMgr.cpp“ wird kompiliert)
  
I:\TrinityCore\_integ-12_1_all\src\server\game\Reputation\ReputationMgr.cpp(172,5): warning C4390: ";": Leere kontrollierte Anweisung aufgetreten; ist dies beabsichtigt? [I:\TrinityCore\_integ-12_1_all\build\src\server\game\game.vcxproj]
  (Quelldatei „../../../../src/server/game/Reputation/ReputationMgr.cpp“ wird kompiliert)
  
I:\TrinityCore\_integ-12_1_all\src\server\game\Reputation\ReputationMgr.cpp(178,31): error C2888: "ReputationRank ReputationMgr::GetRank(const FactionEntry *) const": Symbol kann nicht im Namespace "WorldPackets" definiert werden [I:\TrinityCore\_integ-12_1_all\build\src\server\game\game.vcxproj]
  (Quelldatei „../../../../src/server/game/Reputation/ReputationMgr.cpp“ wird kompiliert)
  
I:\TrinityCore\_integ-12_1_all\src\server\game\Reputation\ReputationMgr.cpp(184,31): error C2888: "ReputationRank ReputationMgr::GetBaseRank(const FactionEntry *) const": Symbol kann nicht im Namespace "WorldPackets" definiert werden [I:\TrinityCore\_integ-12_1_all\build\src\server\game\game.vcxproj]
  (Quelldatei „../../../../src/server/game/Reputation/ReputationMgr.cpp“ wird kompiliert)
  
I:\TrinityCore\_integ-12_1_all\src\server\game\Reputation\ReputationMgr.cpp(186,24): error C2264: "ReputationMgr::GetBaseReputation": Fehler in der Funktionsdefinition oder Funktionsdeklaration, Funktion nicht aufgerufen [I:\TrinityCore\_integ-12_1_all\build\src\server\game\game.vcxproj]
  (Quelldatei „../../../../src/server/game/Reputation/ReputationMgr.cpp“ wird kompiliert)
  
I:\TrinityCore\_integ-12_1_all\src\server\game\Reputation\ReputationMgr.cpp(190,28): error C2888: "std::string ReputationMgr::GetReputationRankName(const FactionEntry *) const": Symbol kann nicht im Namespace "WorldPackets" definiert werden [I:\TrinityCore\_integ-12_1_all\build\src\server\game\game.vcxproj]
  (Quelldatei „../../../../src/server/game/Reputation/ReputationMgr.cpp“ wird kompiliert)
  
  AdventureMapPackets.cpp
I:\TrinityCore\_integ-12_1_all\src\server\game\Reputation\ReputationMgr.cpp(192,25): error C2440: "Initialisierung": "ReputationRank (__cdecl ReputationMgr::* )(const FactionEntry *) const" kann nicht in "ReputationRank" konvertiert werden [I:\TrinityCore\_integ-12_1_all\build\src\server\game\game.vcxproj]
  (Quelldatei „../../../../src/server/game/Reputation/ReputationMgr.cpp“ wird kompiliert)
      I:\TrinityCore\_integ-12_1_all\src\server\game\Reputation\ReputationMgr.cpp(192,25):
      Der Kontext ermöglicht keine Eindeutigkeit für überladene Funktionen
  
I:\TrinityCore\_integ-12_1_all\src\server\game\Reputation\ReputationMgr.cpp(193,5): warning C4390: ";": Leere kontrollierte Anweisung aufgetreten; ist dies beabsichtigt? [I:\TrinityCore\_integ-12_1_all\build\src\server\game\game.vcxproj]
  (Quelldatei „../../../../src/server/game/Reputation/ReputationMgr.cpp“ wird kompiliert)
  
I:\TrinityCore\_integ-12_1_all\src\server\game\Reputation\ReputationMgr.cpp(206,38): error C2888: "const ReputationRank *ReputationMgr::GetForcedRankIfAny(const FactionTemplateEntry *) const": Symbol kann nicht im Namespace "WorldPackets" definiert werden [I:\TrinityCore\_integ-12_1_all\build\src\server\game\game.vcxproj]
  (Quelldatei „../../../../src/server/game/Reputation/ReputationMgr.cpp“ wird kompiliert)
  
I:\TrinityCore\_integ-12_1_all\src\server\game\Reputation\ReputationMgr.cpp(211,21): error C2888: "bool ReputationMgr::IsParagonReputation(const FactionEntry *) const": Symbol kann nicht im Namespace "WorldPackets" definiert werden [I:\TrinityCore\_integ-12_1_all\build\src\server\game\game.vcxproj]
  (Quelldatei „../../../../src/server/game/Reputation/ReputationMgr.cpp“ wird kompiliert)
  
I:\TrinityCore\_integ-12_1_all\src\server\game\Reputation\ReputationMgr.cpp(213,5): warning C4390: ";": Leere kontrollierte Anweisung aufgetreten; ist dies beabsichtigt? [I:\TrinityCore\_integ-12_1_all\build\src\server\game\game.vcxproj]
  (Quelldatei „../../../../src/server/game/Reputation/ReputationMgr.cpp“ wird kompiliert)
  
I:\TrinityCore\_integ-12_1_all\src\server\game\Reputation\ReputationMgr.cpp(219,22): error C2888: "int32 ReputationMgr::GetParagonLevel(const FactionEntry *) const": Symbol kann nicht im Namespace "WorldPackets" definiert werden [I:\TrinityCore\_integ-12_1_all\build\src\server\game\game.vcxproj]
  (Quelldatei „../../../../src/server/game/Reputation/ReputationMgr.cpp“ wird kompiliert)
  
I:\TrinityCore\_integ-12_1_all\src\server\game\Reputation\ReputationMgr.cpp(221,5): warning C4390: ";": Leere kontrollierte Anweisung aufgetreten; ist dies beabsichtigt? [I:\TrinityCore\_integ-12_1_all\build\src\server\game\game.vcxproj]
  (Quelldatei „../../../../src/server/game/Reputation/ReputationMgr.cpp“ wird kompiliert)
  
I:\TrinityCore\_integ-12_1_all\src\server\game\Reputation\ReputationMgr.cpp(224,5): warning C4390: ";": Leere kontrollierte Anweisung aufgetreten; ist dies beabsichtigt? [I:\TrinityCore\_integ-12_1_all\build\src\server\game\game.vcxproj]
  (Quelldatei „../../../../src/server/game/Reputation/ReputationMgr.cpp“ wird kompiliert)
  
I:\TrinityCore\_integ-12_1_all\src\server\game\Reputation\ReputationMgr.cpp(230,21): error C2888: "bool ReputationMgr::HasMaximumRenownReputation(const FactionEntry *) const": Symbol kann nicht im Namespace "WorldPackets" definiert werden [I:\TrinityCore\_integ-12_1_all\build\src\server\game\game.vcxproj]
  (Quelldatei „../../../../src/server/game/Reputation/ReputationMgr.cpp“ wird kompiliert)
  
I:\TrinityCore\_integ-12_1_all\src\server\game\Reputation\ReputationMgr.cpp(232,5): warning C4390: ";": Leere kontrollierte Anweisung aufgetreten; ist dies beabsichtigt? [I:\TrinityCore\_integ-12_1_all\build\src\server\game\game.vcxproj]
  (Quelldatei „../../../../src/server/game/Reputation/ReputationMgr.cpp“ wird kompiliert)
  
I:\TrinityCore\_integ-12_1_all\src\server\game\Reputation\ReputationMgr.cpp(238,21): error C2888: "bool ReputationMgr::IsRenownReputation(const FactionEntry *) const": Symbol kann nicht im Namespace "WorldPackets" definiert werden [I:\TrinityCore\_integ-12_1_all\build\src\server\game\game.vcxproj]
  (Quelldatei „../../../../src/server/game/Reputation/ReputationMgr.cpp“ wird kompiliert)
  
I:\TrinityCore\_integ-12_1_all\src\server\game\Reputation\ReputationMgr.cpp(243,22): error C2888: "int32 ReputationMgr::GetRenownLevel(const FactionEntry *) const": Symbol kann nicht im Namespace "WorldPackets" definiert werden [I:\TrinityCore\_integ-12_1_all\build\src\server\game\game.vcxproj]
  (Quelldatei „../../../../src/server/game/Reputation/ReputationMgr.cpp“ wird kompiliert)
  
I:\TrinityCore\_integ-12_1_all\src\server\game\Reputation\ReputationMgr.cpp(245,5): warning C4390: ";": Leere kontrollierte Anweisung aufgetreten; ist dies beabsichtigt? [I:\TrinityCore\_integ-12_1_all\build\src\server\game\game.vcxproj]
  (Quelldatei „../../../../src/server/game/Reputation/ReputationMgr.cpp“ wird kompiliert)
  
I:\TrinityCore\_integ-12_1_all\src\server\game\Reputation\ReputationMgr.cpp(248,5): warning C4390: ";": Leere kontrollierte Anweisung aufgetreten; ist dies beabsichtigt? [I:\TrinityCore\_integ-12_1_all\build\src\server\game\game.vcxproj]
  (Quelldatei „../../../../src/server/game/Reputation/ReputationMgr.cpp“ wird kompiliert)
  
I:\TrinityCore\_integ-12_1_all\src\server\game\Reputation\ReputationMgr.cpp(254,22): error C2888: "int32 ReputationMgr::GetRenownLevelThreshold(const FactionEntry *) const": Symbol kann nicht im Namespace "WorldPackets" definiert werden [I:\TrinityCore\_integ-12_1_all\build\src\server\game\game.vcxproj]
  (Quelldatei „../../../../src/server/game/Reputation/ReputationMgr.cpp“ wird kompiliert)
  
I:\TrinityCore\_integ-12_1_all\src\server\game\Reputation\ReputationMgr.cpp(256,32): error C2171: Der Operator "!" kann nicht auf einen Operanden vom Typ "bool (const FactionEntry *) const" angewendet werden. [I:\TrinityCore\_integ-12_1_all\build\src\server\game\game.vcxproj]
  (Quelldatei „../../../../src/server/game/Reputation/ReputationMgr.cpp“ wird kompiliert)
  
I:\TrinityCore\_integ-12_1_all\src\server\game\Reputation\ReputationMgr.cpp(259,5): warning C4390: ";": Leere kontrollierte Anweisung aufgetreten; ist dies beabsichtigt? [I:\TrinityCore\_integ-12_1_all\build\src\server\game\game.vcxproj]
  (Quelldatei „../../../../src/server/game/Reputation/ReputationMgr.cpp“ wird kompiliert)
  
I:\TrinityCore\_integ-12_1_all\src\server\game\Reputation\ReputationMgr.cpp(265,22): error C2888: "int32 ReputationMgr::GetRenownMaxLevel(const FactionEntry *) const": Symbol kann nicht im Namespace "WorldPackets" definiert werden [I:\TrinityCore\_integ-12_1_all\build\src\server\game\game.vcxproj]
  (Quelldatei „../../../../src/server/game/Reputation/ReputationMgr.cpp“ wird kompiliert)
  
I:\TrinityCore\_integ-12_1_all\src\server\game\Reputation\ReputationMgr.cpp(267,5): warning C4390: ";": Leere kontrollierte Anweisung aufgetreten; ist dies beabsichtigt? [I:\TrinityCore\_integ-12_1_all\build\src\server\game\game.vcxproj]
  (Quelldatei „../../../../src/server/game/Reputation/ReputationMgr.cpp“ wird kompiliert)
  
I:\TrinityCore\_integ-12_1_all\src\server\game\Reputation\ReputationMgr.cpp(270,5): warning C4390: ";": Leere kontrollierte Anweisung aufgetreten; ist dies beabsichtigt? [I:\TrinityCore\_integ-12_1_all\build\src\server\game\game.vcxproj]
  (Quelldatei „../../../../src/server/game/Reputation/ReputationMgr.cpp“ wird kompiliert)
  
I:\TrinityCore\_integ-12_1_all\src\server\game\Reputation\ReputationMgr.cpp(276,21): error C2888: "void ReputationMgr::ApplyForceReaction(uint32,ReputationRank,bool)": Symbol kann nicht im Namespace "WorldPackets" definiert werden [I:\TrinityCore\_integ-12_1_all\build\src\server\game\game.vcxproj]
  ArchaeologyPackets.cpp
  (Quelldatei „../../../../src/server/game/Reputation/ReputationMgr.cpp“ wird kompiliert)
  
I:\TrinityCore\_integ-12_1_all\src\server\game\Reputation\ReputationMgr.cpp(290,32): error C2888: "ReputationFlags ReputationMgr::GetDefaultStateFlags(const FactionEntry *) const": Symbol kann nicht im Namespace "WorldPackets" definiert werden [I:\TrinityCore\_integ-12_1_all\build\src\server\game\game.vcxproj]
  (Quelldatei „../../../../src/server/game/Reputation/ReputationMgr.cpp“ wird kompiliert)
  
I:\TrinityCore\_integ-12_1_all\src\server\game\Reputation\ReputationMgr.cpp(303,21): error C2888: "void ReputationMgr::SendState(const FactionState *)": Symbol kann nicht im Namespace "WorldPackets" definiert werden [I:\TrinityCore\_integ-12_1_all\build\src\server\game\game.vcxproj]
  (Quelldatei „../../../../src/server/game/Reputation/ReputationMgr.cpp“ wird kompiliert)
  
I:\TrinityCore\_integ-12_1_all\src\server\game\Reputation\ReputationMgr.cpp(311,5): error C2888: "ReputationMgr::SendState::<lambda_1>": Symbol kann nicht im Namespace "WorldPackets" definiert werden [I:\TrinityCore\_integ-12_1_all\build\src\server\game\game.vcxproj]
  (Quelldatei „../../../../src/server/game/Reputation/ReputationMgr.cpp“ wird kompiliert)
  
  AreaTriggerPackets.cpp
I:\TrinityCore\_integ-12_1_all\src\server\game\Server\Packets\CharacterPackets.h(1011,1): error C2059: Syntaxfehler: "}" [I:\TrinityCore\_integ-12_1_all\build\src\server\game\game.vcxproj]
  (Quelldatei „../../../../src/server/game/Server/WorldSession.cpp“ wird kompiliert)
  
I:\TrinityCore\_integ-12_1_all\src\server\game\Server\Packets\CharacterPackets.h(1011,1): error C2143: Syntaxfehler: Es fehlt ";" vor "}" [I:\TrinityCore\_integ-12_1_all\build\src\server\game\game.vcxproj]
  (Quelldatei „../../../../src/server/game/Server/WorldSession.cpp“ wird kompiliert)
  
I:\TrinityCore\_integ-12_1_all\src\server\game\Reputation\ReputationMgr.cpp(332,21): error C2888: "void ReputationMgr::SendInitialReputations(void)": Symbol kann nicht im Namespace "WorldPackets" definiert werden [I:\TrinityCore\_integ-12_1_all\build\src\server\game\game.vcxproj]
  (Quelldatei „../../../../src/server/game/Reputation/ReputationMgr.cpp“ wird kompiliert)
  
I:\TrinityCore\_integ-12_1_all\src\server\game\Reputation\ReputationMgr.cpp(358,21): error C2888: "void ReputationMgr::SendVisible(const FactionState *,bool) const": Symbol kann nicht im Namespace "WorldPackets" definiert werden [I:\TrinityCore\_integ-12_1_all\build\src\server\game\game.vcxproj]
  (Quelldatei „../../../../src/server/game/Reputation/ReputationMgr.cpp“ wird kompiliert)
  
I:\TrinityCore\_integ-12_1_all\src\server\game\Reputation\ReputationMgr.cpp(364,19): error C3083: "Character": Das Symbol links neben "::" muss ein Typ sein. [I:\TrinityCore\_integ-12_1_all\build\src\server\game\game.vcxproj]
  (Quelldatei „../../../../src/server/game/Reputation/ReputationMgr.cpp“ wird kompiliert)
  
I:\TrinityCore\_integ-12_1_all\src\server\game\Reputation\ReputationMgr.cpp(364,30): error C2039: "SetFactionVisible" ist kein Member von "WorldPackets::WorldPackets". [I:\TrinityCore\_integ-12_1_all\build\src\server\game\game.vcxproj]
  (Quelldatei „../../../../src/server/game/Reputation/ReputationMgr.cpp“ wird kompiliert)
      I:\TrinityCore\_integ-12_1_all\src\server\game\Server\Packets\ReputationPackets.h(23,11):
      Siehe Deklaration von "WorldPackets::WorldPackets"
  
I:\TrinityCore\_integ-12_1_all\src\server\game\Reputation\ReputationMgr.cpp(364,30): error C2065: "SetFactionVisible": nichtdeklarierter Bezeichner [I:\TrinityCore\_integ-12_1_all\build\src\server\game\game.vcxproj]
  (Quelldatei „../../../../src/server/game/Reputation/ReputationMgr.cpp“ wird kompiliert)
  
I:\TrinityCore\_integ-12_1_all\src\server\game\Reputation\ReputationMgr.cpp(364,48): error C2146: Syntaxfehler: Fehlendes ";" vor Bezeichner "packet" [I:\TrinityCore\_integ-12_1_all\build\src\server\game\game.vcxproj]
  (Quelldatei „../../../../src/server/game/Reputation/ReputationMgr.cpp“ wird kompiliert)
  
I:\TrinityCore\_integ-12_1_all\src\server\game\Reputation\ReputationMgr.cpp(364,48): error C3861: "packet": Bezeichner wurde nicht gefunden. [I:\TrinityCore\_integ-12_1_all\build\src\server\game\game.vcxproj]
  (Quelldatei „../../../../src/server/game/Reputation/ReputationMgr.cpp“ wird kompiliert)
  
I:\TrinityCore\_integ-12_1_all\src\server\game\Reputation\ReputationMgr.cpp(365,5): error C2065: "packet": nichtdeklarierter Bezeichner [I:\TrinityCore\_integ-12_1_all\build\src\server\game\game.vcxproj]
  (Quelldatei „../../../../src/server/game/Reputation/ReputationMgr.cpp“ wird kompiliert)
  
I:\TrinityCore\_integ-12_1_all\src\server\game\Reputation\ReputationMgr.cpp(366,32): error C2065: "packet": nichtdeklarierter Bezeichner [I:\TrinityCore\_integ-12_1_all\build\src\server\game\game.vcxproj]
  (Quelldatei „../../../../src/server/game/Reputation/ReputationMgr.cpp“ wird kompiliert)
  
I:\TrinityCore\_integ-12_1_all\src\server\game\Reputation\ReputationMgr.cpp(360,5): warning C4390: ";": Leere kontrollierte Anweisung aufgetreten; ist dies beabsichtigt? [I:\TrinityCore\_integ-12_1_all\build\src\server\game\game.vcxproj]
  (Quelldatei „../../../../src/server/game/Reputation/ReputationMgr.cpp“ wird kompiliert)
  
I:\TrinityCore\_integ-12_1_all\src\server\game\Reputation\ReputationMgr.cpp(369,21): error C2888: "void ReputationMgr::Initialize(void)": Symbol kann nicht im Namespace "WorldPackets" definiert werden [I:\TrinityCore\_integ-12_1_all\build\src\server\game\game.vcxproj]
  (Quelldatei „../../../../src/server/game/Reputation/ReputationMgr.cpp“ wird kompiliert)
  
I:\TrinityCore\_integ-12_1_all\src\server\game\Reputation\ReputationMgr.cpp(402,21): error C2888: "bool ReputationMgr::SetReputation(const FactionEntry *,int32,bool,bool,bool)": Symbol kann nicht im Namespace "WorldPackets" definiert werden [I:\TrinityCore\_integ-12_1_all\build\src\server\game\game.vcxproj]
  (Quelldatei „../../../../src/server/game/Reputation/ReputationMgr.cpp“ wird kompiliert)
  
I:\TrinityCore\_integ-12_1_all\src\server\game\Reputation\ReputationMgr.cpp(454,72): error C3867: "ReputationMgr::GetRank": Keine Standardsyntax; "&" zum Erstellen eines Verweises auf das Member verwenden [I:\TrinityCore\_integ-12_1_all\build\src\server\game\game.vcxproj]
  (Quelldatei „../../../../src/server/game/Reputation/ReputationMgr.cpp“ wird kompiliert)
  
I:\TrinityCore\_integ-12_1_all\src\server\game\Reputation\ReputationMgr.cpp(454,91): error C2446: ">": Keine Konvertierung von "int" in "ReputationRank (__cdecl ReputationMgr::* )(const FactionEntry *) const" [I:\TrinityCore\_integ-12_1_all\build\src\server\game\game.vcxproj]
  (Quelldatei „../../../../src/server/game/Reputation/ReputationMgr.cpp“ wird kompiliert)
      I:\TrinityCore\_integ-12_1_all\src\server\game\Reputation\ReputationMgr.cpp(454,107):
      Es gibt keine Konvertierungen von integralen Werten in Pointer-to-Member-Werte.
  
I:\TrinityCore\_integ-12_1_all\src\server\game\Reputation\ReputationMgr.cpp(489,21): error C2888: "bool ReputationMgr::SetOneFactionReputation(const FactionEntry *,int32,bool)": Symbol kann nicht im Namespace "WorldPackets" definiert werden [I:\TrinityCore\_integ-12_1_all\build\src\server\game\game.vcxproj]
  (Quelldatei „../../../../src/server/game/Reputation/ReputationMgr.cpp“ wird kompiliert)
  
I:\TrinityCore\_integ-12_1_all\src\server\game\Reputation\ReputationMgr.cpp(495,39): warning C4551: Dem Funktionsaufruf fehlt die Argumentliste [I:\TrinityCore\_integ-12_1_all\build\src\server\game\game.vcxproj]
  (Quelldatei „../../../../src/server/game/Reputation/ReputationMgr.cpp“ wird kompiliert)
  
I:\TrinityCore\_integ-12_1_all\src\server\game\Reputation\ReputationMgr.cpp(495,39): error C3867: "ReputationMgr::HasMaximumRenownReputation": Keine Standardsyntax; "&" zum Erstellen eines Verweises auf das Member verwenden [I:\TrinityCore\_integ-12_1_all\build\src\server\game\game.vcxproj]
  (Quelldatei „../../../../src/server/game/Reputation/ReputationMgr.cpp“ wird kompiliert)
  
  ArtifactPackets.cpp
  AuctionHousePackets.cpp
I:\TrinityCore\_integ-12_1_all\src\server\game\Reputation\ReputationMgr.cpp(502,25): error C2264: "ReputationMgr::GetBaseReputation": Fehler in der Funktionsdefinition oder Funktionsdeklaration, Funktion nicht aufgerufen [I:\TrinityCore\_integ-12_1_all\build\src\server\game\game.vcxproj]
  (Quelldatei „../../../../src/server/game/Reputation/ReputationMgr.cpp“ wird kompiliert)
  
I:\TrinityCore\_integ-12_1_all\src\server\game\Reputation\ReputationMgr.cpp(505,46): warning C4551: Dem Funktionsaufruf fehlt die Argumentliste [I:\TrinityCore\_integ-12_1_all\build\src\server\game\game.vcxproj]
  (Quelldatei „../../../../src/server/game/Reputation/ReputationMgr.cpp“ wird kompiliert)
  
I:\TrinityCore\_integ-12_1_all\src\server\game\Reputation\ReputationMgr.cpp(505,46): error C3867: "ReputationMgr::IsRenownReputation": Keine Standardsyntax; "&" zum Erstellen eines Verweises auf das Member verwenden [I:\TrinityCore\_integ-12_1_all\build\src\server\game\game.vcxproj]
  (Quelldatei „../../../../src/server/game/Reputation/ReputationMgr.cpp“ wird kompiliert)
  
I:\TrinityCore\_integ-12_1_all\src\server\game\Reputation\ReputationMgr.cpp(512,40): error C3867: "ReputationMgr::GetMaxReputation": Keine Standardsyntax; "&" zum Erstellen eines Verweises auf das Member verwenden [I:\TrinityCore\_integ-12_1_all\build\src\server\game\game.vcxproj]
  (Quelldatei „../../../../src/server/game/Reputation/ReputationMgr.cpp“ wird kompiliert)
  
I:\TrinityCore\_integ-12_1_all\src\server\game\Reputation\ReputationMgr.cpp(512,22): error C2446: ">": Keine Konvertierung von "int32 (__cdecl ReputationMgr::* )(const FactionEntry *) const" in "int32" [I:\TrinityCore\_integ-12_1_all\build\src\server\game\game.vcxproj]
  (Quelldatei „../../../../src/server/game/Reputation/ReputationMgr.cpp“ wird kompiliert)
      I:\TrinityCore\_integ-12_1_all\src\server\game\Reputation\ReputationMgr.cpp(512,40):
      Es gibt keinen Kontext, in dem diese Konvertierung möglich ist
  
I:\TrinityCore\_integ-12_1_all\src\server\game\Reputation\ReputationMgr.cpp(513,40): error C3867: "ReputationMgr::GetMaxReputation": Keine Standardsyntax; "&" zum Erstellen eines Verweises auf das Member verwenden [I:\TrinityCore\_integ-12_1_all\build\src\server\game\game.vcxproj]
  (Quelldatei „../../../../src/server/game/Reputation/ReputationMgr.cpp“ wird kompiliert)
  
I:\TrinityCore\_integ-12_1_all\src\server\game\Reputation\ReputationMgr.cpp(513,40): error C2440: "=": "int32 (__cdecl ReputationMgr::* )(const FactionEntry *) const" kann nicht in "int32" konvertiert werden [I:\TrinityCore\_integ-12_1_all\build\src\server\game\game.vcxproj]
  (Quelldatei „../../../../src/server/game/Reputation/ReputationMgr.cpp“ wird kompiliert)
      I:\TrinityCore\_integ-12_1_all\src\server\game\Reputation\ReputationMgr.cpp(513,40):
      Es gibt keinen Kontext, in dem diese Konvertierung möglich ist
  
I:\TrinityCore\_integ-12_1_all\src\server\game\Reputation\ReputationMgr.cpp(514,45): error C3867: "ReputationMgr::GetMinReputation": Keine Standardsyntax; "&" zum Erstellen eines Verweises auf das Member verwenden [I:\TrinityCore\_integ-12_1_all\build\src\server\game\game.vcxproj]
  (Quelldatei „../../../../src/server/game/Reputation/ReputationMgr.cpp“ wird kompiliert)
  
I:\TrinityCore\_integ-12_1_all\src\server\game\Reputation\ReputationMgr.cpp(514,27): error C2446: "<": Keine Konvertierung von "int32 (__cdecl ReputationMgr::* )(const FactionEntry *) const" in "int32" [I:\TrinityCore\_integ-12_1_all\build\src\server\game\game.vcxproj]
  (Quelldatei „../../../../src/server/game/Reputation/ReputationMgr.cpp“ wird kompiliert)
      I:\TrinityCore\_integ-12_1_all\src\server\game\Reputation\ReputationMgr.cpp(514,45):
      Es gibt keinen Kontext, in dem diese Konvertierung möglich ist
  
I:\TrinityCore\_integ-12_1_all\src\server\game\Reputation\ReputationMgr.cpp(515,40): error C3867: "ReputationMgr::GetMinReputation": Keine Standardsyntax; "&" zum Erstellen eines Verweises auf das Member verwenden [I:\TrinityCore\_integ-12_1_all\build\src\server\game\game.vcxproj]
  (Quelldatei „../../../../src/server/game/Reputation/ReputationMgr.cpp“ wird kompiliert)
  
I:\TrinityCore\_integ-12_1_all\src\server\game\Reputation\ReputationMgr.cpp(515,40): error C2440: "=": "int32 (__cdecl ReputationMgr::* )(const FactionEntry *) const" kann nicht in "int32" konvertiert werden [I:\TrinityCore\_integ-12_1_all\build\src\server\game\game.vcxproj]
  (Quelldatei „../../../../src/server/game/Reputation/ReputationMgr.cpp“ wird kompiliert)
      I:\TrinityCore\_integ-12_1_all\src\server\game\Reputation\ReputationMgr.cpp(515,40):
      Es gibt keinen Kontext, in dem diese Konvertierung möglich ist
  
I:\TrinityCore\_integ-12_1_all\src\server\game\Reputation\ReputationMgr.cpp(518,13): error C2171: Der Operator "!" kann nicht auf einen Operanden vom Typ "bool (const FactionEntry *) const" angewendet werden. [I:\TrinityCore\_integ-12_1_all\build\src\server\game\game.vcxproj]
  (Quelldatei „../../../../src/server/game/Reputation/ReputationMgr.cpp“ wird kompiliert)
  
I:\TrinityCore\_integ-12_1_all\src\server\game\Reputation\ReputationMgr.cpp(518,51): error C2171: Der Operator "!" kann nicht auf einen Operanden vom Typ "bool (const FactionEntry *) const" angewendet werden. [I:\TrinityCore\_integ-12_1_all\build\src\server\game\game.vcxproj]
  (Quelldatei „../../../../src/server/game/Reputation/ReputationMgr.cpp“ wird kompiliert)
  
I:\TrinityCore\_integ-12_1_all\src\server\game\Reputation\ReputationMgr.cpp(520,36): error C2440: "Initialisierung": "ReputationRank (__cdecl *)(const FactionEntry *,int32)" kann nicht in "ReputationRank" konvertiert werden [I:\TrinityCore\_integ-12_1_all\build\src\server\game\game.vcxproj]
  (Quelldatei „../../../../src/server/game/Reputation/ReputationMgr.cpp“ wird kompiliert)
      I:\TrinityCore\_integ-12_1_all\src\server\game\Reputation\ReputationMgr.cpp(520,36):
      Der Kontext ermöglicht keine Eindeutigkeit für überladene Funktionen
  
I:\TrinityCore\_integ-12_1_all\src\server\game\Reputation\ReputationMgr.cpp(521,36): error C2440: "Initialisierung": "ReputationRank (__cdecl *)(const FactionEntry *,int32)" kann nicht in "ReputationRank" konvertiert werden [I:\TrinityCore\_integ-12_1_all\build\src\server\game\game.vcxproj]
  (Quelldatei „../../../../src/server/game/Reputation/ReputationMgr.cpp“ wird kompiliert)
      I:\TrinityCore\_integ-12_1_all\src\server\game\Reputation\ReputationMgr.cpp(521,36):
      Der Kontext ermöglicht keine Eindeutigkeit für überladene Funktionen
  
I:\TrinityCore\_integ-12_1_all\src\server\game\Reputation\ReputationMgr.cpp(541,13): error C2171: Der Operator "!" kann nicht auf einen Operanden vom Typ "bool (const FactionEntry *) const" angewendet werden. [I:\TrinityCore\_integ-12_1_all\build\src\server\game\game.vcxproj]
  (Quelldatei „../../../../src/server/game/Reputation/ReputationMgr.cpp“ wird kompiliert)
  
I:\TrinityCore\_integ-12_1_all\src\server\game\Reputation\ReputationMgr.cpp(547,44): error C2440: "Initialisierung": "int32 (__cdecl ReputationMgr::* )(const FactionEntry *) const" kann nicht in "int32" konvertiert werden [I:\TrinityCore\_integ-12_1_all\build\src\server\game\game.vcxproj]
  (Quelldatei „../../../../src/server/game/Reputation/ReputationMgr.cpp“ wird kompiliert)
      I:\TrinityCore\_integ-12_1_all\src\server\game\Reputation\ReputationMgr.cpp(547,44):
      Es gibt keinen Kontext, in dem diese Konvertierung möglich ist
  
I:\TrinityCore\_integ-12_1_all\src\server\game\Reputation\ReputationMgr.cpp(548,38): error C2440: "Initialisierung": "int32 (__cdecl ReputationMgr::* )(const FactionEntry *) const" kann nicht in "int32" konvertiert werden [I:\TrinityCore\_integ-12_1_all\build\src\server\game\game.vcxproj]
  (Quelldatei „../../../../src/server/game/Reputation/ReputationMgr.cpp“ wird kompiliert)
      I:\TrinityCore\_integ-12_1_all\src\server\game\Reputation\ReputationMgr.cpp(548,38):
      Es gibt keinen Kontext, in dem diese Konvertierung möglich ist
  
I:\TrinityCore\_integ-12_1_all\src\server\game\Reputation\ReputationMgr.cpp(554,56): error C3867: "ReputationMgr::GetRenownMaxLevel": Keine Standardsyntax; "&" zum Erstellen eines Verweises auf das Member verwenden [I:\TrinityCore\_integ-12_1_all\build\src\server\game\game.vcxproj]
  (Quelldatei „../../../../src/server/game/Reputation/ReputationMgr.cpp“ wird kompiliert)
  
I:\TrinityCore\_integ-12_1_all\src\server\game\Reputation\ReputationMgr.cpp(554,36): error C2446: ">=": Keine Konvertierung von "int32 (__cdecl ReputationMgr::* )(const FactionEntry *) const" in "int32" [I:\TrinityCore\_integ-12_1_all\build\src\server\game\game.vcxproj]
  (Quelldatei „../../../../src/server/game/Reputation/ReputationMgr.cpp“ wird kompiliert)
      I:\TrinityCore\_integ-12_1_all\src\server\game\Reputation\ReputationMgr.cpp(554,56):
      Es gibt keinen Kontext, in dem diese Konvertierung möglich ist
  
I:\TrinityCore\_integ-12_1_all\src\server\game\Reputation\ReputationMgr.cpp(557,59): error C3867: "ReputationMgr::GetRenownMaxLevel": Keine Standardsyntax; "&" zum Erstellen eines Verweises auf das Member verwenden [I:\TrinityCore\_integ-12_1_all\build\src\server\game\game.vcxproj]
  (Quelldatei „../../../../src/server/game/Reputation/ReputationMgr.cpp“ wird kompiliert)
  
I:\TrinityCore\_integ-12_1_all\src\server\game\Reputation\ReputationMgr.cpp(557,74): error C2296: "*": Ungültig, weil der linke Operand den Typ "int32 (__cdecl ReputationMgr::* )(const FactionEntry *) const" aufweist. [I:\TrinityCore\_integ-12_1_all\build\src\server\game\game.vcxproj]
  (Quelldatei „../../../../src/server/game/Reputation/ReputationMgr.cpp“ wird kompiliert)
  
I:\TrinityCore\_integ-12_1_all\src\server\game\Reputation\ReputationMgr.cpp(582,21): error C2882: "Quest": Unzulässige Verwendung eines Namespace-Bezeichners in einem Ausdruck [I:\TrinityCore\_integ-12_1_all\build\src\server\game\game.vcxproj]
  (Quelldatei „../../../../src/server/game/Reputation/ReputationMgr.cpp“ wird kompiliert)
  
I:\TrinityCore\_integ-12_1_all\src\server\game\Reputation\ReputationMgr.cpp(582,27): error C2143: Syntaxfehler: Es fehlt ")" vor "const" [I:\TrinityCore\_integ-12_1_all\build\src\server\game\game.vcxproj]
  (Quelldatei „../../../../src/server/game/Reputation/ReputationMgr.cpp“ wird kompiliert)
  
I:\TrinityCore\_integ-12_1_all\src\server\game\Reputation\ReputationMgr.cpp(582,27): error C4430: Fehlender Typspezifizierer - int wird angenommen. Hinweis: "default-int" wird von C++ nicht unterstützt. [I:\TrinityCore\_integ-12_1_all\build\src\server\game\game.vcxproj]
  (Quelldatei „../../../../src/server/game/Reputation/ReputationMgr.cpp“ wird kompiliert)
  
I:\TrinityCore\_integ-12_1_all\src\server\game\Reputation\ReputationMgr.cpp(582,111): error C2059: Syntaxfehler: ")" [I:\TrinityCore\_integ-12_1_all\build\src\server\game\game.vcxproj]
  (Quelldatei „../../../../src/server/game/Reputation/ReputationMgr.cpp“ wird kompiliert)
  
I:\TrinityCore\_integ-12_1_all\src\server\game\Reputation\ReputationMgr.cpp(582,53): error C2440: "Initialisierung": "const Quest *" kann nicht in "const int *" konvertiert werden [I:\TrinityCore\_integ-12_1_all\build\src\server\game\game.vcxproj]
  (Quelldatei „../../../../src/server/game/Reputation/ReputationMgr.cpp“ wird kompiliert)
      I:\TrinityCore\_integ-12_1_all\src\server\game\Reputation\ReputationMgr.cpp(582,53):
      Die Typen, auf die verwiesen wird, sind unabhängig; die Konvertierung erfordert eine reinterpret_cast-Umwandlung, eine C-Stil-Umwandlung oder eine in Klammern gesetzte Umwandlung im Funktionsstil.
  
I:\TrinityCore\_integ-12_1_all\src\server\game\Reputation\ReputationMgr.cpp(583,21): error C2146: Syntaxfehler: Fehlendes ";" vor Bezeichner "_player" [I:\TrinityCore\_integ-12_1_all\build\src\server\game\game.vcxproj]
  (Quelldatei „../../../../src/server/game/Reputation/ReputationMgr.cpp“ wird kompiliert)
  
I:\TrinityCore\_integ-12_1_all\src\server\game\Reputation\ReputationMgr.cpp(583,57): error C2065: "paragonRewardQuest": nichtdeklarierter Bezeichner [I:\TrinityCore\_integ-12_1_all\build\src\server\game\game.vcxproj]
  (Quelldatei „../../../../src/server/game/Reputation/ReputationMgr.cpp“ wird kompiliert)
  
I:\TrinityCore\_integ-12_1_all\src\server\game\Reputation\ReputationMgr.cpp(597,21): error C2888: "void ReputationMgr::SetVisible(FactionState *)": Symbol kann nicht im Namespace "WorldPackets" definiert werden [I:\TrinityCore\_integ-12_1_all\build\src\server\game\game.vcxproj]
  (Quelldatei „../../../../src/server/game/Reputation/ReputationMgr.cpp“ wird kompiliert)
  
I:\TrinityCore\_integ-12_1_all\src\server\game\Reputation\ReputationMgr.cpp(600,5): warning C4390: ";": Leere kontrollierte Anweisung aufgetreten; ist dies beabsichtigt? [I:\TrinityCore\_integ-12_1_all\build\src\server\game\game.vcxproj]
  (Quelldatei „../../../../src/server/game/Reputation/ReputationMgr.cpp“ wird kompiliert)
  
I:\TrinityCore\_integ-12_1_all\src\server\game\Reputation\ReputationMgr.cpp(603,5): warning C4390: ";": Leere kontrollierte Anweisung aufgetreten; ist dies beabsichtigt? [I:\TrinityCore\_integ-12_1_all\build\src\server\game\game.vcxproj]
  (Quelldatei „../../../../src/server/game/Reputation/ReputationMgr.cpp“ wird kompiliert)
  
I:\TrinityCore\_integ-12_1_all\src\server\game\Reputation\ReputationMgr.cpp(606,5): warning C4390: ";": Leere kontrollierte Anweisung aufgetreten; ist dies beabsichtigt? [I:\TrinityCore\_integ-12_1_all\build\src\server\game\game.vcxproj]
  (Quelldatei „../../../../src/server/game/Reputation/ReputationMgr.cpp“ wird kompiliert)
  
I:\TrinityCore\_integ-12_1_all\src\server\game\Reputation\ReputationMgr.cpp(610,5): warning C4390: ";": Leere kontrollierte Anweisung aufgetreten; ist dies beabsichtigt? [I:\TrinityCore\_integ-12_1_all\build\src\server\game\game.vcxproj]
  (Quelldatei „../../../../src/server/game/Reputation/ReputationMgr.cpp“ wird kompiliert)
  
I:\TrinityCore\_integ-12_1_all\src\server\game\Reputation\ReputationMgr.cpp(622,21): error C2888: "void ReputationMgr::SetAtWar(FactionState *,bool) const": Symbol kann nicht im Namespace "WorldPackets" definiert werden [I:\TrinityCore\_integ-12_1_all\build\src\server\game\game.vcxproj]
  (Quelldatei „../../../../src/server/game/Reputation/ReputationMgr.cpp“ wird kompiliert)
  
I:\TrinityCore\_integ-12_1_all\src\server\game\Reputation\ReputationMgr.cpp(625,78): error C3867: "ReputationMgr::GetRank": Keine Standardsyntax; "&" zum Erstellen eines Verweises auf das Member verwenden [I:\TrinityCore\_integ-12_1_all\build\src\server\game\game.vcxproj]
  (Quelldatei „../../../../src/server/game/Reputation/ReputationMgr.cpp“ wird kompiliert)
  
I:\TrinityCore\_integ-12_1_all\src\server\game\Reputation\ReputationMgr.cpp(625,119): error C2446: ">": Keine Konvertierung von "int" in "ReputationRank (__cdecl ReputationMgr::* )(const FactionEntry *) const" [I:\TrinityCore\_integ-12_1_all\build\src\server\game\game.vcxproj]
  (Quelldatei „../../../../src/server/game/Reputation/ReputationMgr.cpp“ wird kompiliert)
      I:\TrinityCore\_integ-12_1_all\src\server\game\Reputation\ReputationMgr.cpp(625,121):
      Es gibt keine Konvertierungen von integralen Werten in Pointer-to-Member-Werte.
  
I:\TrinityCore\_integ-12_1_all\src\server\game\Reputation\ReputationMgr.cpp(625,5): warning C4390: ";": Leere kontrollierte Anweisung aufgetreten; ist dies beabsichtigt? [I:\TrinityCore\_integ-12_1_all\build\src\server\game\game.vcxproj]
  (Quelldatei „../../../../src/server/game/Reputation/ReputationMgr.cpp“ wird kompiliert)
  
I:\TrinityCore\_integ-12_1_all\src\server\game\Reputation\ReputationMgr.cpp(629,5): warning C4390: ";": Leere kontrollierte Anweisung aufgetreten; ist dies beabsichtigt? [I:\TrinityCore\_integ-12_1_all\build\src\server\game\game.vcxproj]
  (Quelldatei „../../../../src/server/game/Reputation/ReputationMgr.cpp“ wird kompiliert)
  
I:\TrinityCore\_integ-12_1_all\src\server\game\Reputation\ReputationMgr.cpp(641,21): error C2888: "void ReputationMgr::SetInactive(FactionState *,bool) const": Symbol kann nicht im Namespace "WorldPackets" definiert werden [I:\TrinityCore\_integ-12_1_all\build\src\server\game\game.vcxproj]
  (Quelldatei „../../../../src/server/game/Reputation/ReputationMgr.cpp“ wird kompiliert)
  
I:\TrinityCore\_integ-12_1_all\src\server\game\Reputation\ReputationMgr.cpp(644,5): warning C4390: ";": Leere kontrollierte Anweisung aufgetreten; ist dies beabsichtigt? [I:\TrinityCore\_integ-12_1_all\build\src\server\game\game.vcxproj]
  (Quelldatei „../../../../src/server/game/Reputation/ReputationMgr.cpp“ wird kompiliert)
  
I:\TrinityCore\_integ-12_1_all\src\server\game\Reputation\ReputationMgr.cpp(648,5): warning C4390: ";": Leere kontrollierte Anweisung aufgetreten; ist dies beabsichtigt? [I:\TrinityCore\_integ-12_1_all\build\src\server\game\game.vcxproj]
  (Quelldatei „../../../../src/server/game/Reputation/ReputationMgr.cpp“ wird kompiliert)
  
I:\TrinityCore\_integ-12_1_all\src\server\game\Reputation\ReputationMgr.cpp(660,21): error C2888: "void ReputationMgr::LoadFromDB(PreparedQueryResult)": Symbol kann nicht im Namespace "WorldPackets" definiert werden [I:\TrinityCore\_integ-12_1_all\build\src\server\game\game.vcxproj]
  (Quelldatei „../../../../src/server/game/Reputation/ReputationMgr.cpp“ wird kompiliert)
  
I:\TrinityCore\_integ-12_1_all\src\server\game\Reputation\ReputationMgr.cpp(684,37): error C2264: "ReputationMgr::GetBaseReputation": Fehler in der Funktionsdefinition oder Funktionsdeklaration, Funktion nicht aufgerufen [I:\TrinityCore\_integ-12_1_all\build\src\server\game\game.vcxproj]
  (Quelldatei „../../../../src/server/game/Reputation/ReputationMgr.cpp“ wird kompiliert)
  
I:\TrinityCore\_integ-12_1_all\src\server\game\Reputation\ReputationMgr.cpp(685,45): error C2440: "Initialisierung": "ReputationRank (__cdecl *)(const FactionEntry *,int32)" kann nicht in "ReputationRank" konvertiert werden [I:\TrinityCore\_integ-12_1_all\build\src\server\game\game.vcxproj]
  (Quelldatei „../../../../src/server/game/Reputation/ReputationMgr.cpp“ wird kompiliert)
      I:\TrinityCore\_integ-12_1_all\src\server\game\Reputation\ReputationMgr.cpp(685,45):
      Der Kontext ermöglicht keine Eindeutigkeit für überladene Funktionen
  
I:\TrinityCore\_integ-12_1_all\src\server\game\Reputation\ReputationMgr.cpp(686,45): error C2440: "Initialisierung": "ReputationRank (__cdecl *)(const FactionEntry *,int32)" kann nicht in "ReputationRank" konvertiert werden [I:\TrinityCore\_integ-12_1_all\build\src\server\game\game.vcxproj]
  (Quelldatei „../../../../src/server/game/Reputation/ReputationMgr.cpp“ wird kompiliert)
      I:\TrinityCore\_integ-12_1_all\src\server\game\Reputation\ReputationMgr.cpp(686,45):
      Der Kontext ermöglicht keine Eindeutigkeit für überladene Funktionen
  
I:\TrinityCore\_integ-12_1_all\src\server\game\Reputation\ReputationMgr.cpp(693,21): error C2264: "ReputationMgr::SetVisible": Fehler in der Funktionsdefinition oder Funktionsdeklaration, Funktion nicht aufgerufen [I:\TrinityCore\_integ-12_1_all\build\src\server\game\game.vcxproj]
  (Quelldatei „../../../../src/server/game/Reputation/ReputationMgr.cpp“ wird kompiliert)
  
I:\TrinityCore\_integ-12_1_all\src\server\game\Reputation\ReputationMgr.cpp(696,21): error C2264: "ReputationMgr::SetInactive": Fehler in der Funktionsdefinition oder Funktionsdeklaration, Funktion nicht aufgerufen [I:\TrinityCore\_integ-12_1_all\build\src\server\game\game.vcxproj]
  (Quelldatei „../../../../src/server/game/Reputation/ReputationMgr.cpp“ wird kompiliert)
  
I:\TrinityCore\_integ-12_1_all\src\server\game\Reputation\ReputationMgr.cpp(699,21): error C2264: "ReputationMgr::SetAtWar": Fehler in der Funktionsdefinition oder Funktionsdeklaration, Funktion nicht aufgerufen [I:\TrinityCore\_integ-12_1_all\build\src\server\game\game.vcxproj]
  (Quelldatei „../../../../src/server/game/Reputation/ReputationMgr.cpp“ wird kompiliert)
  
I:\TrinityCore\_integ-12_1_all\src\server\game\Reputation\ReputationMgr.cpp(704,25): error C2264: "ReputationMgr::SetAtWar": Fehler in der Funktionsdefinition oder Funktionsdeklaration, Funktion nicht aufgerufen [I:\TrinityCore\_integ-12_1_all\build\src\server\game\game.vcxproj]
  (Quelldatei „../../../../src/server/game/Reputation/ReputationMgr.cpp“ wird kompiliert)
  
I:\TrinityCore\_integ-12_1_all\src\server\game\Reputation\ReputationMgr.cpp(708,28): error C3867: "ReputationMgr::GetRank": Keine Standardsyntax; "&" zum Erstellen eines Verweises auf das Member verwenden [I:\TrinityCore\_integ-12_1_all\build\src\server\game\game.vcxproj]
  (Quelldatei „../../../../src/server/game/Reputation/ReputationMgr.cpp“ wird kompiliert)
  
I:\TrinityCore\_integ-12_1_all\src\server\game\Reputation\ReputationMgr.cpp(708,43): error C2446: "<=": Keine Konvertierung von "int" in "ReputationRank (__cdecl ReputationMgr::* )(const FactionEntry *) const" [I:\TrinityCore\_integ-12_1_all\build\src\server\game\game.vcxproj]
  (Quelldatei „../../../../src/server/game/Reputation/ReputationMgr.cpp“ wird kompiliert)
      I:\TrinityCore\_integ-12_1_all\src\server\game\Reputation\ReputationMgr.cpp(708,46):
      Es gibt keine Konvertierungen von integralen Werten in Pointer-to-Member-Werte.
  
I:\TrinityCore\_integ-12_1_all\src\server\game\Reputation\ReputationMgr.cpp(709,21): error C2264: "ReputationMgr::SetAtWar": Fehler in der Funktionsdefinition oder Funktionsdeklaration, Funktion nicht aufgerufen [I:\TrinityCore\_integ-12_1_all\build\src\server\game\game.vcxproj]
  (Quelldatei „../../../../src/server/game/Reputation/ReputationMgr.cpp“ wird kompiliert)
  
I:\TrinityCore\_integ-12_1_all\src\server\game\Reputation\ReputationMgr.cpp(723,21): error C2888: "void ReputationMgr::LoadAccountWideFromDB(PreparedQueryResult)": Symbol kann nicht im Namespace "WorldPackets" definiert werden [I:\TrinityCore\_integ-12_1_all\build\src\server\game\game.vcxproj]
  (Quelldatei „../../../../src/server/game/Reputation/ReputationMgr.cpp“ wird kompiliert)
  
I:\TrinityCore\_integ-12_1_all\src\server\game\Reputation\ReputationMgr.cpp(749,35): error C2440: "Initialisierung": "int32 (__cdecl ReputationMgr::* )(const FactionEntry *) const" kann nicht in "int32" konvertiert werden [I:\TrinityCore\_integ-12_1_all\build\src\server\game\game.vcxproj]
  (Quelldatei „../../../../src/server/game/Reputation/ReputationMgr.cpp“ wird kompiliert)
      I:\TrinityCore\_integ-12_1_all\src\server\game\Reputation\ReputationMgr.cpp(749,35):
      Es gibt keinen Kontext, in dem diese Konvertierung möglich ist
  
I:\TrinityCore\_integ-12_1_all\src\server\game\Reputation\ReputationMgr.cpp(771,17): error C2264: "ReputationMgr::SetVisible": Fehler in der Funktionsdefinition oder Funktionsdeklaration, Funktion nicht aufgerufen [I:\TrinityCore\_integ-12_1_all\build\src\server\game\game.vcxproj]
  (Quelldatei „../../../../src/server/game/Reputation/ReputationMgr.cpp“ wird kompiliert)
  
I:\TrinityCore\_integ-12_1_all\src\server\game\Reputation\ReputationMgr.cpp(779,33): error C2264: "ReputationMgr::GetBaseReputation": Fehler in der Funktionsdefinition oder Funktionsdeklaration, Funktion nicht aufgerufen [I:\TrinityCore\_integ-12_1_all\build\src\server\game\game.vcxproj]
  (Quelldatei „../../../../src/server/game/Reputation/ReputationMgr.cpp“ wird kompiliert)
  
I:\TrinityCore\_integ-12_1_all\src\server\game\Reputation\ReputationMgr.cpp(780,40): error C2440: "Initialisierung": "ReputationRank (__cdecl *)(const FactionEntry *,int32)" kann nicht in "ReputationRank" konvertiert werden [I:\TrinityCore\_integ-12_1_all\build\src\server\game\game.vcxproj]
  (Quelldatei „../../../../src/server/game/Reputation/ReputationMgr.cpp“ wird kompiliert)
      I:\TrinityCore\_integ-12_1_all\src\server\game\Reputation\ReputationMgr.cpp(780,40):
      Der Kontext ermöglicht keine Eindeutigkeit für überladene Funktionen
  
I:\TrinityCore\_integ-12_1_all\src\server\game\Reputation\ReputationMgr.cpp(781,40): error C2440: "Initialisierung": "ReputationRank (__cdecl *)(const FactionEntry *,int32)" kann nicht in "ReputationRank" konvertiert werden [I:\TrinityCore\_integ-12_1_all\build\src\server\game\game.vcxproj]
  (Quelldatei „../../../../src/server/game/Reputation/ReputationMgr.cpp“ wird kompiliert)
      I:\TrinityCore\_integ-12_1_all\src\server\game\Reputation\ReputationMgr.cpp(781,40):
      Der Kontext ermöglicht keine Eindeutigkeit für überladene Funktionen
  
I:\TrinityCore\_integ-12_1_all\src\server\game\Reputation\ReputationMgr.cpp(790,17): error C2264: "ReputationMgr::SetVisible": Fehler in der Funktionsdefinition oder Funktionsdeklaration, Funktion nicht aufgerufen [I:\TrinityCore\_integ-12_1_all\build\src\server\game\game.vcxproj]
  (Quelldatei „../../../../src/server/game/Reputation/ReputationMgr.cpp“ wird kompiliert)
  
I:\TrinityCore\_integ-12_1_all\src\common\Utilities\Containers.h(91,32): error C2061: Syntaxfehler: Bezeichner "forward_range" [I:\TrinityCore\_integ-12_1_all\build\src\server\game\game.vcxproj]
  (Quelldatei „../../../../src/server/game/Server/WorldSession.cpp“ wird kompiliert)
  
I:\TrinityCore\_integ-12_1_all\src\server\game\Reputation\ReputationMgr.cpp(725,5): warning C4390: ";": Leere kontrollierte Anweisung aufgetreten; ist dies beabsichtigt? [I:\TrinityCore\_integ-12_1_all\build\src\server\game\game.vcxproj]
  (Quelldatei „../../../../src/server/game/Reputation/ReputationMgr.cpp“ wird kompiliert)
  
I:\TrinityCore\_integ-12_1_all\src\common\Utilities\Containers.h(91,111): error C2988: Unerkannte Vorlagendeklaration/-definition [I:\TrinityCore\_integ-12_1_all\build\src\server\game\game.vcxproj]
  (Quelldatei „../../../../src/server/game/Server/WorldSession.cpp“ wird kompiliert)
  
I:\TrinityCore\_integ-12_1_all\src\server\game\Reputation\ReputationMgr.cpp(797,21): error C2888: "void ReputationMgr::SaveAccountWideToDB(CharacterDatabaseTransaction)": Symbol kann nicht im Namespace "WorldPackets" definiert werden [I:\TrinityCore\_integ-12_1_all\build\src\server\game\game.vcxproj]
  (Quelldatei „../../../../src/server/game/Reputation/ReputationMgr.cpp“ wird kompiliert)
  
I:\TrinityCore\_integ-12_1_all\src\common\Utilities\Containers.h(91,111): error C2059: Syntaxfehler: ">" [I:\TrinityCore\_integ-12_1_all\build\src\server\game\game.vcxproj]
  (Quelldatei „../../../../src/server/game/Server/WorldSession.cpp“ wird kompiliert)
  
I:\TrinityCore\_integ-12_1_all\src\server\game\Reputation\ReputationMgr.cpp(797,21): error C1003: Mehr als 100 Fehler gefunden; Kompilierung wird abgebrochen. [I:\TrinityCore\_integ-12_1_all\build\src\server\game\game.vcxproj]
  (Quelldatei „../../../../src/server/game/Reputation/ReputationMgr.cpp“ wird kompiliert)
  
I:\TrinityCore\_integ-12_1_all\src\common\Utilities\Containers.h(93,9): error C2143: Syntaxfehler: Es fehlt ";" vor "{" [I:\TrinityCore\_integ-12_1_all\build\src\server\game\game.vcxproj]
  (Quelldatei „../../../../src/server/game/Server/WorldSession.cpp“ wird kompiliert)
  
I:\TrinityCore\_integ-12_1_all\src\common\Utilities\Containers.h(93,9): error C2447: "{": Funktionsheader fehlt - Parameterliste im alten Stil? [I:\TrinityCore\_integ-12_1_all\build\src\server\game\game.vcxproj]
  (Quelldatei „../../../../src/server/game/Server/WorldSession.cpp“ wird kompiliert)
  
I:\TrinityCore\_integ-12_1_all\src\common\Utilities\Containers.h(142,32): error C2061: Syntaxfehler: Bezeichner "input_range" [I:\TrinityCore\_integ-12_1_all\build\src\server\game\game.vcxproj]
  (Quelldatei „../../../../src/server/game/Server/WorldSession.cpp“ wird kompiliert)
  
I:\TrinityCore\_integ-12_1_all\src\common\Utilities\Containers.h(142,104): error C2988: Unerkannte Vorlagendeklaration/-definition [I:\TrinityCore\_integ-12_1_all\build\src\server\game\game.vcxproj]
  (Quelldatei „../../../../src/server/game/Server/WorldSession.cpp“ wird kompiliert)
  
I:\TrinityCore\_integ-12_1_all\src\common\Utilities\Containers.h(142,104): error C2059: Syntaxfehler: ">" [I:\TrinityCore\_integ-12_1_all\build\src\server\game\game.vcxproj]
  (Quelldatei „../../../../src/server/game/Server/WorldSession.cpp“ wird kompiliert)
  
I:\TrinityCore\_integ-12_1_all\src\common\Utilities\Containers.h(143,129): error C2065: "container": nichtdeklarierter Bezeichner [I:\TrinityCore\_integ-12_1_all\build\src\server\game\game.vcxproj]
  (Quelldatei „../../../../src/server/game/Server/WorldSession.cpp“ wird kompiliert)
  
I:\TrinityCore\_integ-12_1_all\src\common\Utilities\Containers.h(143,101): error C3553: "decltype" erwartet einen Ausdruck und keinen Typ. [I:\TrinityCore\_integ-12_1_all\build\src\server\game\game.vcxproj]
  (Quelldatei „../../../../src/server/game/Server/WorldSession.cpp“ wird kompiliert)
  
I:\TrinityCore\_integ-12_1_all\src\common\Utilities\Containers.h(144,9): error C2143: Syntaxfehler: Es fehlt ";" vor "{" [I:\TrinityCore\_integ-12_1_all\build\src\server\game\game.vcxproj]
  (Quelldatei „../../../../src/server/game/Server/WorldSession.cpp“ wird kompiliert)
  
I:\TrinityCore\_integ-12_1_all\src\common\Utilities\Containers.h(144,9): error C2447: "{": Funktionsheader fehlt - Parameterliste im alten Stil? [I:\TrinityCore\_integ-12_1_all\build\src\server\game\game.vcxproj]
  (Quelldatei „../../../../src/server/game/Server/WorldSession.cpp“ wird kompiliert)
  
I:\TrinityCore\_integ-12_1_all\src\common\Utilities\Containers.h(231,24): error C2061: Syntaxfehler: Bezeichner "input_iterator" [I:\TrinityCore\_integ-12_1_all\build\src\server\game\game.vcxproj]
  (Quelldatei „../../../../src/server/game/Server/WorldSession.cpp“ wird kompiliert)
  
I:\TrinityCore\_integ-12_1_all\src\common\Utilities\Containers.h(231,88): error C2988: Unerkannte Vorlagendeklaration/-definition [I:\TrinityCore\_integ-12_1_all\build\src\server\game\game.vcxproj]
  (Quelldatei „../../../../src/server/game/Server/WorldSession.cpp“ wird kompiliert)
  
I:\TrinityCore\_integ-12_1_all\src\common\Utilities\Containers.h(231,88): error C2059: Syntaxfehler: "," [I:\TrinityCore\_integ-12_1_all\build\src\server\game\game.vcxproj]
  (Quelldatei „../../../../src/server/game/Server/WorldSession.cpp“ wird kompiliert)
  
I:\TrinityCore\_integ-12_1_all\src\common\Utilities\Containers.h(232,68): error C2187: Syntaxfehler: „Iterator2“ wurde hier nicht erwartet. [I:\TrinityCore\_integ-12_1_all\build\src\server\game\game.vcxproj]
  (Quelldatei „../../../../src/server/game/Server/WorldSession.cpp“ wird kompiliert)
  
I:\TrinityCore\_integ-12_1_all\src\common\Utilities\Containers.h(233,59): error C2065: "Iterator1": nichtdeklarierter Bezeichner [I:\TrinityCore\_integ-12_1_all\build\src\server\game\game.vcxproj]
  (Quelldatei „../../../../src/server/game/Server/WorldSession.cpp“ wird kompiliert)
  
I:\TrinityCore\_integ-12_1_all\src\common\Utilities\Containers.h(233,42): error C2923: „std::iter_reference_t“: „Iterator1“ ist kein gültiges Vorlage-Typargument für Parameter „_Ty“. [I:\TrinityCore\_integ-12_1_all\build\src\server\game\game.vcxproj]
  (Quelldatei „../../../../src/server/game/Server/WorldSession.cpp“ wird kompiliert)
      I:\TrinityCore\_integ-12_1_all\src\common\Utilities\Containers.h(233,59):
      Siehe Deklaration von "Iterator1"
  
I:\TrinityCore\_integ-12_1_all\src\common\Utilities\Containers.h(233,93): error C2065: "Iterator2": nichtdeklarierter Bezeichner [I:\TrinityCore\_integ-12_1_all\build\src\server\game\game.vcxproj]
  (Quelldatei „../../../../src/server/game/Server/WorldSession.cpp“ wird kompiliert)
  
I:\TrinityCore\_integ-12_1_all\src\common\Utilities\Containers.h(233,76): error C2923: „std::iter_reference_t“: „Iterator2“ ist kein gültiges Vorlage-Typargument für Parameter „_Ty“. [I:\TrinityCore\_integ-12_1_all\build\src\server\game\game.vcxproj]
  (Quelldatei „../../../../src/server/game/Server/WorldSession.cpp“ wird kompiliert)
      I:\TrinityCore\_integ-12_1_all\src\common\Utilities\Containers.h(233,93):
      Siehe Deklaration von "Iterator2"
  
I:\TrinityCore\_integ-12_1_all\src\common\Utilities\Containers.h(233,19): error C7568: Nach der angenommenen Funktionsvorlage "invocable_r" fehlt die Argumentliste. [I:\TrinityCore\_integ-12_1_all\build\src\server\game\game.vcxproj]
  (Quelldatei „../../../../src/server/game/Server/WorldSession.cpp“ wird kompiliert)
  
I:\TrinityCore\_integ-12_1_all\src\common\Utilities\Containers.h(235,9): error C2143: Syntaxfehler: Es fehlt ";" vor "{" [I:\TrinityCore\_integ-12_1_all\build\src\server\game\game.vcxproj]
  (Quelldatei „../../../../src/server/game/Server/WorldSession.cpp“ wird kompiliert)
  
I:\TrinityCore\_integ-12_1_all\src\common\Utilities\Containers.h(235,9): error C2447: "{": Funktionsheader fehlt - Parameterliste im alten Stil? [I:\TrinityCore\_integ-12_1_all\build\src\server\game\game.vcxproj]
  (Quelldatei „../../../../src/server/game/Server/WorldSession.cpp“ wird kompiliert)
  
I:\TrinityCore\_integ-12_1_all\src\common\Utilities\Containers.h(282,32): error C2061: Syntaxfehler: Bezeichner "forward_range" [I:\TrinityCore\_integ-12_1_all\build\src\server\game\game.vcxproj]
  (Quelldatei „../../../../src/server/game/Server/WorldSession.cpp“ wird kompiliert)
  
I:\TrinityCore\_integ-12_1_all\src\common\Utilities\Containers.h(282,127): error C2988: Unerkannte Vorlagendeklaration/-definition [I:\TrinityCore\_integ-12_1_all\build\src\server\game\game.vcxproj]
  (Quelldatei „../../../../src/server/game/Server/WorldSession.cpp“ wird kompiliert)
  
I:\TrinityCore\_integ-12_1_all\src\common\Utilities\Containers.h(282,127): error C2059: Syntaxfehler: ">" [I:\TrinityCore\_integ-12_1_all\build\src\server\game\game.vcxproj]
  (Quelldatei „../../../../src/server/game/Server/WorldSession.cpp“ wird kompiliert)
  
I:\TrinityCore\_integ-12_1_all\src\common\Utilities\Containers.h(283,84): error C2143: Syntaxfehler: Es fehlt ";" vor "{" [I:\TrinityCore\_integ-12_1_all\build\src\server\game\game.vcxproj]
  (Quelldatei „../../../../src/server/game/Server/WorldSession.cpp“ wird kompiliert)
  
I:\TrinityCore\_integ-12_1_all\src\common\Utilities\Containers.h(283,84): error C2447: "{": Funktionsheader fehlt - Parameterliste im alten Stil? [I:\TrinityCore\_integ-12_1_all\build\src\server\game\game.vcxproj]
  (Quelldatei „../../../../src/server/game/Server/WorldSession.cpp“ wird kompiliert)
  
I:\TrinityCore\_integ-12_1_all\src\common\Utilities\Containers.h(284,9): error C2447: "{": Funktionsheader fehlt - Parameterliste im alten Stil? [I:\TrinityCore\_integ-12_1_all\build\src\server\game\game.vcxproj]
  (Quelldatei „../../../../src/server/game/Server/WorldSession.cpp“ wird kompiliert)
  
I:\TrinityCore\_integ-12_1_all\src\common\Utilities\Containers.h(321,5): error C2059: Syntaxfehler: "}" [I:\TrinityCore\_integ-12_1_all\build\src\server\game\game.vcxproj]
  (Quelldatei „../../../../src/server/game/Server/WorldSession.cpp“ wird kompiliert)
  
I:\TrinityCore\_integ-12_1_all\src\common\Utilities\Containers.h(321,5): error C2143: Syntaxfehler: Es fehlt ";" vor "}" [I:\TrinityCore\_integ-12_1_all\build\src\server\game\game.vcxproj]
  (Quelldatei „../../../../src/server/game/Server/WorldSession.cpp“ wird kompiliert)
  
I:\TrinityCore\_integ-12_1_all\src\common\Utilities\Containers.h(323,1): error C2143: Syntaxfehler: Es fehlt ";" vor "}" [I:\TrinityCore\_integ-12_1_all\build\src\server\game\game.vcxproj]
  (Quelldatei „../../../../src/server/game/Server/WorldSession.cpp“ wird kompiliert)
  
I:\TrinityCore\_integ-12_1_all\src\common\Utilities\Containers.h(323,1): error C2059: Syntaxfehler: "}" [I:\TrinityCore\_integ-12_1_all\build\src\server\game\game.vcxproj]
  (Quelldatei „../../../../src/server/game/Server/WorldSession.cpp“ wird kompiliert)
  
  AuthenticationPackets.cpp
  AzeritePackets.cpp
  BankPackets.cpp
  BattlePayPackets.cpp
  BattlePetPackets.cpp
  BattlegroundPackets.cpp
I:\TrinityCore\_integ-12_1_all\src\server\game\Guilds\GuildMgr.h(37,62): error C2039: "unique_trackable_ptr" ist kein Member von "WorldPackets::Trinity". [I:\TrinityCore\_integ-12_1_all\build\src\server\game\game.vcxproj]
  (Quelldatei „../../../../src/server/game/Server/WorldSession.cpp“ wird kompiliert)
      I:\TrinityCore\_integ-12_1_all\src\common\Utilities\Containers.h(32,11):
      Siehe Deklaration von "WorldPackets::Trinity"
  
I:\TrinityCore\_integ-12_1_all\src\server\game\Guilds\GuildMgr.h(37,83): error C2275: "WorldPackets::Trinity::Containers::Guild": Es wurde ein Ausdruck anstelle eines Typs erwartet [I:\TrinityCore\_integ-12_1_all\build\src\server\game\game.vcxproj]
  (Quelldatei „../../../../src/server/game/Server/WorldSession.cpp“ wird kompiliert)
  
I:\TrinityCore\_integ-12_1_all\src\server\game\Guilds\GuildMgr.h(37,18): error C2974: „std::unordered_map“: Ungültiges Vorlage-Argument für „_Ty“, Typ erwartet. [I:\TrinityCore\_integ-12_1_all\build\src\server\game\game.vcxproj]
  (Quelldatei „../../../../src/server/game/Server/WorldSession.cpp“ wird kompiliert)
      C:\Program Files\Microsoft Visual Studio\2022\Enterprise\VC\Tools\MSVC\14.44.35207\include\unordered_map(61,7):
      Siehe Deklaration von "std::unordered_map"
  
I:\TrinityCore\_integ-12_1_all\src\server\game\Guilds\GuildMgr.h(37,18): error C2976: „std::unordered_map“: Nicht genügend Vorlage-Argumente [I:\TrinityCore\_integ-12_1_all\build\src\server\game\game.vcxproj]
  (Quelldatei „../../../../src/server/game/Server/WorldSession.cpp“ wird kompiliert)
      C:\Program Files\Microsoft Visual Studio\2022\Enterprise\VC\Tools\MSVC\14.44.35207\include\unordered_map(61,7):
      Siehe Deklaration von "std::unordered_map"
  
I:\TrinityCore\_integ-12_1_all\src\server\game\Guilds\GuildMgr.h(37,88): error C2059: Syntaxfehler: ">" [I:\TrinityCore\_integ-12_1_all\build\src\server\game\game.vcxproj]
  (Quelldatei „../../../../src/server/game/Server/WorldSession.cpp“ wird kompiliert)
  
  BattlenetPackets.cpp
I:\TrinityCore\_integ-12_1_all\src\server\game\Guilds\GuildMgr.h(37,105): error C2238: Unerwartete(s) Token vor ";" [I:\TrinityCore\_integ-12_1_all\build\src\server\game\game.vcxproj]
  (Quelldatei „../../../../src/server/game/Server/WorldSession.cpp“ wird kompiliert)
  
I:\TrinityCore\_integ-12_1_all\src\server\game\Guilds\GuildMgr.h(52,20): error C2143: Syntaxfehler: Es fehlt ";" vor "const" [I:\TrinityCore\_integ-12_1_all\build\src\server\game\game.vcxproj]
  (Quelldatei „../../../../src/server/game/Server/WorldSession.cpp“ wird kompiliert)
  
I:\TrinityCore\_integ-12_1_all\src\server\game\Guilds\GuildMgr.h(52,5): error C4430: Fehlender Typspezifizierer - int wird angenommen. Hinweis: "default-int" wird von C++ nicht unterstützt. [I:\TrinityCore\_integ-12_1_all\build\src\server\game\game.vcxproj]
  (Quelldatei „../../../../src/server/game/Server/WorldSession.cpp“ wird kompiliert)
  
I:\TrinityCore\_integ-12_1_all\src\server\game\Guilds\GuildMgr.h(52,20): error C4430: Fehlender Typspezifizierer - int wird angenommen. Hinweis: "default-int" wird von C++ nicht unterstützt. [I:\TrinityCore\_integ-12_1_all\build\src\server\game\game.vcxproj]
  (Quelldatei „../../../../src/server/game/Server/WorldSession.cpp“ wird kompiliert)
  
I:\TrinityCore\_integ-12_1_all\src\server\game\Guilds\GuildMgr.h(72,20): error C3646: "GuildStore": Unbekannter Überschreibungsspezifizierer [I:\TrinityCore\_integ-12_1_all\build\src\server\game\game.vcxproj]
  (Quelldatei „../../../../src/server/game/Server/WorldSession.cpp“ wird kompiliert)
  
I:\TrinityCore\_integ-12_1_all\src\server\game\Guilds\GuildMgr.h(72,5): error C4430: Fehlender Typspezifizierer - int wird angenommen. Hinweis: "default-int" wird von C++ nicht unterstützt. [I:\TrinityCore\_integ-12_1_all\build\src\server\game\game.vcxproj]
  (Quelldatei „../../../../src/server/game/Server/WorldSession.cpp“ wird kompiliert)
  
I:\TrinityCore\_integ-12_1_all\src\server\game\Guilds\GuildMgr.h(52,58): error C2065: "GuildStore": nichtdeklarierter Bezeichner [I:\TrinityCore\_integ-12_1_all\build\src\server\game\game.vcxproj]
  (Quelldatei „../../../../src/server/game/Server/WorldSession.cpp“ wird kompiliert)
  
  BlackMarketPackets.cpp
I:\TrinityCore\_integ-12_1_all\src\server\game\Chat\Hyperlinks.h(287,33): error C3878: Syntaxfehler: Unerwartetes Token "res" nach "simple-type-specifier" [I:\TrinityCore\_integ-12_1_all\build\src\server\game\game.vcxproj]
  (Quelldatei „../../../../src/server/game/Server/WorldSession.cpp“ wird kompiliert)
      I:\TrinityCore\_integ-12_1_all\src\server\game\Chat\Hyperlinks.h(287,33):
      Es fehlt einer von: '(' '{' ?
      I:\TrinityCore\_integ-12_1_all\src\server\game\Chat\Hyperlinks.h(285,66):
      Diese Diagnose trat in der vom Compiler generierten Funktion "enable_if<std::is_integral_v<T>,bool>::type WorldPackets::Trinity::Containers::Trinity::Hyperlinks::LinkTags::base_tag::StoreTo(T &,std::string_view)" auf.
  
I:\TrinityCore\_integ-12_1_all\src\server\game\Chat\Hyperlinks.h(287,33): error C3878: Syntaxfehler: Unerwartetes Token "res" nach "expression" [I:\TrinityCore\_integ-12_1_all\build\src\server\game\game.vcxproj]
  (Quelldatei „../../../../src/server/game/Server/WorldSession.cpp“ wird kompiliert)
      I:\TrinityCore\_integ-12_1_all\src\server\game\Chat\Hyperlinks.h(287,64):
      Die Analyse wird hier fortgesetzt
      I:\TrinityCore\_integ-12_1_all\src\server\game\Chat\Hyperlinks.h(285,66):
      Diese Diagnose trat in der vom Compiler generierten Funktion "enable_if<std::is_integral_v<T>,bool>::type WorldPackets::Trinity::Containers::Trinity::Hyperlinks::LinkTags::base_tag::StoreTo(T &,std::string_view)" auf.
  
I:\TrinityCore\_integ-12_1_all\src\server\game\Chat\Hyperlinks.h(287,65): error C2760: Syntaxfehler: „)“ wurde hier nicht erwartet, sondern „statement“. [I:\TrinityCore\_integ-12_1_all\build\src\server\game\game.vcxproj]
  (Quelldatei „../../../../src/server/game/Server/WorldSession.cpp“ wird kompiliert)
      I:\TrinityCore\_integ-12_1_all\src\server\game\Chat\Hyperlinks.h(285,66):
      Diese Diagnose trat in der vom Compiler generierten Funktion "enable_if<std::is_integral_v<T>,bool>::type WorldPackets::Trinity::Containers::Trinity::Hyperlinks::LinkTags::base_tag::StoreTo(T &,std::string_view)" auf.
  
I:\TrinityCore\_integ-12_1_all\src\server\game\Chat\Hyperlinks.h(287,65): error C3878: Syntaxfehler: Unerwartetes Token ")" nach "selection-statement" [I:\TrinityCore\_integ-12_1_all\build\src\server\game\game.vcxproj]
  (Quelldatei „../../../../src/server/game/Server/WorldSession.cpp“ wird kompiliert)
      I:\TrinityCore\_integ-12_1_all\src\server\game\Chat\Hyperlinks.h(285,66):
      Diese Diagnose trat in der vom Compiler generierten Funktion "enable_if<std::is_integral_v<T>,bool>::type WorldPackets::Trinity::Containers::Trinity::Hyperlinks::LinkTags::base_tag::StoreTo(T &,std::string_view)" auf.
  
I:\TrinityCore\_integ-12_1_all\src\server\game\Chat\Hyperlinks.h(289,28): error C2065: "res": nichtdeklarierter Bezeichner [I:\TrinityCore\_integ-12_1_all\build\src\server\game\game.vcxproj]
  (Quelldatei „../../../../src/server/game/Server/WorldSession.cpp“ wird kompiliert)
      I:\TrinityCore\_integ-12_1_all\src\server\game\Chat\Hyperlinks.h(285,66):
      Diese Diagnose trat in der vom Compiler generierten Funktion "enable_if<std::is_integral_v<T>,bool>::type WorldPackets::Trinity::Containers::Trinity::Hyperlinks::LinkTags::base_tag::StoreTo(T &,std::string_view)" auf.
  
I:\TrinityCore\_integ-12_1_all\src\server\game\Chat\Hyperlinks.h(292,17): error C3878: Syntaxfehler: Unerwartetes Token "else" nach "statement-seq" [I:\TrinityCore\_integ-12_1_all\build\src\server\game\game.vcxproj]
  (Quelldatei „../../../../src/server/game/Server/WorldSession.cpp“ wird kompiliert)
      I:\TrinityCore\_integ-12_1_all\src\server\game\Chat\Hyperlinks.h(292,17):
      Es fehlt einer von:  '}' ?
      I:\TrinityCore\_integ-12_1_all\src\server\game\Chat\Hyperlinks.h(285,66):
      Diese Diagnose trat in der vom Compiler generierten Funktion "enable_if<std::is_integral_v<T>,bool>::type WorldPackets::Trinity::Containers::Trinity::Hyperlinks::LinkTags::base_tag::StoreTo(T &,std::string_view)" auf.
  
I:\TrinityCore\_integ-12_1_all\src\server\game\Chat\Hyperlinks.h(556,29): error C2039: "StringTo" ist kein Member von "WorldPackets::Trinity::Containers::Trinity". [I:\TrinityCore\_integ-12_1_all\build\src\server\game\game.vcxproj]
  (Quelldatei „../../../../src/server/game/Server/WorldSession.cpp“ wird kompiliert)
      I:\TrinityCore\_integ-12_1_all\src\server\game\Chat\Hyperlinks.h(58,11):
      Siehe Deklaration von "WorldPackets::Trinity::Containers::Trinity"
  
I:\TrinityCore\_integ-12_1_all\src\server\game\Chat\Hyperlinks.h(556,38): error C2275: "uint32": Es wurde ein Ausdruck anstelle eines Typs erwartet [I:\TrinityCore\_integ-12_1_all\build\src\server\game\game.vcxproj]
  (Quelldatei „../../../../src/server/game/Server/WorldSession.cpp“ wird kompiliert)
  
I:\TrinityCore\_integ-12_1_all\src\server\game\Server\Packets\InstancePackets.h(456,27): error C2039: "Duration" ist kein Member von "WorldPackets::Trinity::Containers::WorldPackets". [I:\TrinityCore\_integ-12_1_all\build\src\server\game\game.vcxproj]
  (Quelldatei „../../../../src/server/game/Server/WorldSession.cpp“ wird kompiliert)
      I:\TrinityCore\_integ-12_1_all\src\server\game\Server\Packets\InstancePackets.h(27,11):
      Siehe Deklaration von "WorldPackets::Trinity::Containers::WorldPackets"
  
I:\TrinityCore\_integ-12_1_all\src\server\game\Server\Packets\InstancePackets.h(456,35): error C2059: Syntaxfehler: "<" [I:\TrinityCore\_integ-12_1_all\build\src\server\game\game.vcxproj]
  (Quelldatei „../../../../src/server/game/Server/WorldSession.cpp“ wird kompiliert)
  
I:\TrinityCore\_integ-12_1_all\src\server\game\Server\Packets\InstancePackets.h(456,66): error C2238: Unerwartete(s) Token vor ";" [I:\TrinityCore\_integ-12_1_all\build\src\server\game\game.vcxproj]
  (Quelldatei „../../../../src/server/game/Server/WorldSession.cpp“ wird kompiliert)
  
I:\TrinityCore\_integ-12_1_all\src\server\game\Server\Packets\InstancePackets.h(457,27): error C2039: "Duration" ist kein Member von "WorldPackets::Trinity::Containers::WorldPackets". [I:\TrinityCore\_integ-12_1_all\build\src\server\game\game.vcxproj]
  (Quelldatei „../../../../src/server/game/Server/WorldSession.cpp“ wird kompiliert)
      I:\TrinityCore\_integ-12_1_all\src\server\game\Server\Packets\InstancePackets.h(27,11):
      Siehe Deklaration von "WorldPackets::Trinity::Containers::WorldPackets"
  
I:\TrinityCore\_integ-12_1_all\src\server\game\Server\Packets\InstancePackets.h(457,35): error C2059: Syntaxfehler: "<" [I:\TrinityCore\_integ-12_1_all\build\src\server\game\game.vcxproj]
  (Quelldatei „../../../../src/server/game/Server/WorldSession.cpp“ wird kompiliert)
  
I:\TrinityCore\_integ-12_1_all\src\server\game\Server\Packets\InstancePackets.h(457,74): error C2238: Unerwartete(s) Token vor ";" [I:\TrinityCore\_integ-12_1_all\build\src\server\game\game.vcxproj]
  (Quelldatei „../../../../src/server/game/Server/WorldSession.cpp“ wird kompiliert)
  
  BleepPackets.cpp
  CalendarPackets.cpp
  ChallengeModePackets.cpp
  ChannelPackets.cpp
  CharacterPackets.cpp
  ChatPackets.cpp
  ClientConfigPackets.cpp
C:\libs\boost_1_89_0-bin-msvc-all-32-64\boost_1_89_0\boost\assert\source_location.hpp(85,10): error C2039: "string" ist kein Member von "WorldPackets::Trinity::Containers::std". [I:\TrinityCore\_integ-12_1_all\build\src\server\game\game.vcxproj]
  (Quelldatei „../../../../src/server/game/Server/WorldSession.cpp“ wird kompiliert)
      C:\Program Files\Microsoft Visual Studio\2022\Enterprise\VC\Tools\MSVC\14.44.35207\include\source_location(27,1):
      Siehe Deklaration von "WorldPackets::Trinity::Containers::std"
  
C:\libs\boost_1_89_0-bin-msvc-all-32-64\boost_1_89_0\boost\assert\source_location.hpp(85,17): error C3646: "to_string": Unbekannter Überschreibungsspezifizierer [I:\TrinityCore\_integ-12_1_all\build\src\server\game\game.vcxproj]
  (Quelldatei „../../../../src/server/game/Server/WorldSession.cpp“ wird kompiliert)
  
C:\libs\boost_1_89_0-bin-msvc-all-32-64\boost_1_89_0\boost\assert\source_location.hpp(85,26): error C2059: Syntaxfehler: "(" [I:\TrinityCore\_integ-12_1_all\build\src\server\game\game.vcxproj]
  (Quelldatei „../../../../src/server/game/Server/WorldSession.cpp“ wird kompiliert)
  
C:\libs\boost_1_89_0-bin-msvc-all-32-64\boost_1_89_0\boost\assert\source_location.hpp(86,5): error C2334: Unerwartete(s) Token vor "{"; sichtbarer Funktionstext wird übersprungen [I:\TrinityCore\_integ-12_1_all\build\src\server\game\game.vcxproj]
  (Quelldatei „../../../../src/server/game/Server/WorldSession.cpp“ wird kompiliert)
  
C:\libs\boost_1_89_0-bin-msvc-all-32-64\boost_1_89_0\boost\assert\source_location.hpp(129,21): error C2039: "strcmp" ist kein Member von "WorldPackets::Trinity::Containers::std". [I:\TrinityCore\_integ-12_1_all\build\src\server\game\game.vcxproj]
  (Quelldatei „../../../../src/server/game/Server/WorldSession.cpp“ wird kompiliert)
      C:\Program Files\Microsoft Visual Studio\2022\Enterprise\VC\Tools\MSVC\14.44.35207\include\source_location(27,1):
      Siehe Deklaration von "WorldPackets::Trinity::Containers::std"
  
C:\libs\boost_1_89_0-bin-msvc-all-32-64\boost_1_89_0\boost\assert\source_location.hpp(129,63): error C2039: "strcmp" ist kein Member von "WorldPackets::Trinity::Containers::std". [I:\TrinityCore\_integ-12_1_all\build\src\server\game\game.vcxproj]
  (Quelldatei „../../../../src/server/game/Server/WorldSession.cpp“ wird kompiliert)
      C:\Program Files\Microsoft Visual Studio\2022\Enterprise\VC\Tools\MSVC\14.44.35207\include\source_location(27,1):
      Siehe Deklaration von "WorldPackets::Trinity::Containers::std"
  
C:\libs\boost_1_89_0-bin-msvc-all-32-64\boost_1_89_0\boost\assert\source_location.hpp(140,33): error C2039: "basic_ostream" ist kein Member von "WorldPackets::Trinity::Containers::std". [I:\TrinityCore\_integ-12_1_all\build\src\server\game\game.vcxproj]
  (Quelldatei „../../../../src/server/game/Server/WorldSession.cpp“ wird kompiliert)
      C:\Program Files\Microsoft Visual Studio\2022\Enterprise\VC\Tools\MSVC\14.44.35207\include\source_location(27,1):
      Siehe Deklaration von "WorldPackets::Trinity::Containers::std"
  
C:\libs\boost_1_89_0-bin-msvc-all-32-64\boost_1_89_0\boost\assert\source_location.hpp(140,33): error C7568: Nach der angenommenen Funktionsvorlage "basic_ostream" fehlt die Argumentliste. [I:\TrinityCore\_integ-12_1_all\build\src\server\game\game.vcxproj]
  (Quelldatei „../../../../src/server/game/Server/WorldSession.cpp“ wird kompiliert)
  
C:\libs\boost_1_89_0-bin-msvc-all-32-64\boost_1_89_0\boost\assert\source_location.hpp(140,33): error C2062: "<error type>"-Typ unerwartet [I:\TrinityCore\_integ-12_1_all\build\src\server\game\game.vcxproj]
  (Quelldatei „../../../../src/server/game/Server/WorldSession.cpp“ wird kompiliert)
  
C:\libs\boost_1_89_0-bin-msvc-all-32-64\boost_1_89_0\boost\assert\source_location.hpp(140,72): error C2039: "basic_ostream" ist kein Member von "WorldPackets::Trinity::Containers::std". [I:\TrinityCore\_integ-12_1_all\build\src\server\game\game.vcxproj]
  (Quelldatei „../../../../src/server/game/Server/WorldSession.cpp“ wird kompiliert)
      C:\Program Files\Microsoft Visual Studio\2022\Enterprise\VC\Tools\MSVC\14.44.35207\include\source_location(27,1):
      Siehe Deklaration von "WorldPackets::Trinity::Containers::std"
  
C:\libs\boost_1_89_0-bin-msvc-all-32-64\boost_1_89_0\boost\assert\source_location.hpp(141,1): error C2143: Syntaxfehler: Es fehlt ";" vor "{" [I:\TrinityCore\_integ-12_1_all\build\src\server\game\game.vcxproj]
  (Quelldatei „../../../../src/server/game/Server/WorldSession.cpp“ wird kompiliert)
  
C:\libs\boost_1_89_0-bin-msvc-all-32-64\boost_1_89_0\boost\assert\source_location.hpp(141,1): error C2447: "{": Funktionsheader fehlt - Parameterliste im alten Stil? [I:\TrinityCore\_integ-12_1_all\build\src\server\game\game.vcxproj]
  (Quelldatei „../../../../src/server/game/Server/WorldSession.cpp“ wird kompiliert)
  
C:\libs\boost_1_89_0-bin-msvc-all-32-64\boost_1_89_0\boost\exception\exception.hpp(121,35): error C2059: Syntaxfehler: ":" [I:\TrinityCore\_integ-12_1_all\build\src\server\game\game.vcxproj]
  (Quelldatei „../../../../src/server/game/Server/WorldSession.cpp“ wird kompiliert)
  
C:\libs\boost_1_89_0-bin-msvc-all-32-64\boost_1_89_0\boost\exception\exception.hpp(135,35): error C2059: Syntaxfehler: ":" [I:\TrinityCore\_integ-12_1_all\build\src\server\game\game.vcxproj]
  (Quelldatei „../../../../src/server/game/Server/WorldSession.cpp“ wird kompiliert)
  
C:\libs\boost_1_89_0-bin-msvc-all-32-64\boost_1_89_0\boost\exception\exception.hpp(149,35): error C2059: Syntaxfehler: ":" [I:\TrinityCore\_integ-12_1_all\build\src\server\game\game.vcxproj]
  (Quelldatei „../../../../src/server/game/Server/WorldSession.cpp“ wird kompiliert)
  
C:\libs\boost_1_89_0-bin-msvc-all-32-64\boost_1_89_0\boost\exception\exception.hpp(163,35): error C2059: Syntaxfehler: ":" [I:\TrinityCore\_integ-12_1_all\build\src\server\game\game.vcxproj]
  (Quelldatei „../../../../src/server/game/Server/WorldSession.cpp“ wird kompiliert)
  
C:\libs\boost_1_89_0-bin-msvc-all-32-64\boost_1_89_0\boost\exception\exception.hpp(194,13): error C2059: Syntaxfehler: "}" [I:\TrinityCore\_integ-12_1_all\build\src\server\game\game.vcxproj]
  (Quelldatei „../../../../src/server/game/Server/WorldSession.cpp“ wird kompiliert)
  
C:\libs\boost_1_89_0-bin-msvc-all-32-64\boost_1_89_0\boost\exception\exception.hpp(194,13): error C2143: Syntaxfehler: Es fehlt ";" vor "}" [I:\TrinityCore\_integ-12_1_all\build\src\server\game\game.vcxproj]
  (Quelldatei „../../../../src/server/game/Server/WorldSession.cpp“ wird kompiliert)
  
C:\libs\boost_1_89_0-bin-msvc-all-32-64\boost_1_89_0\boost\exception\exception.hpp(200,25): error C2065: "throw_function": nichtdeklarierter Bezeichner [I:\TrinityCore\_integ-12_1_all\build\src\server\game\game.vcxproj]
  (Quelldatei „../../../../src/server/game/Server/WorldSession.cpp“ wird kompiliert)
  
C:\libs\boost_1_89_0-bin-msvc-all-32-64\boost_1_89_0\boost\exception\exception.hpp(200,16): error C2923: „WorldPackets::Trinity::Containers::boost::get_info“: „throw_function“ ist kein gültiges Vorlage-Typargument für Parameter „<unnamed-symbol>“. [I:\TrinityCore\_integ-12_1_all\build\src\server\game\game.vcxproj]
  (Quelldatei „../../../../src/server/game/Server/WorldSession.cpp“ wird kompiliert)
      C:\libs\boost_1_89_0-bin-msvc-all-32-64\boost_1_89_0\boost\exception\exception.hpp(200,25):
      Siehe Deklaration von "throw_function"
  
C:\libs\boost_1_89_0-bin-msvc-all-32-64\boost_1_89_0\boost\exception\exception.hpp(200,16): error C2913: Explizite Spezialisierung; "WorldPackets::Trinity::Containers::boost::get_info" ist keine Spezialisierung einer Klassenvorlage [I:\TrinityCore\_integ-12_1_all\build\src\server\game\game.vcxproj]
  (Quelldatei „../../../../src/server/game/Server/WorldSession.cpp“ wird kompiliert)
  
  ClubFinderPackets.cpp
C:\libs\boost_1_89_0-bin-msvc-all-32-64\boost_1_89_0\boost\exception\exception.hpp(203,25): error C2065: "throw_file": nichtdeklarierter Bezeichner [I:\TrinityCore\_integ-12_1_all\build\src\server\game\game.vcxproj]
  (Quelldatei „../../../../src/server/game/Server/WorldSession.cpp“ wird kompiliert)
  
C:\libs\boost_1_89_0-bin-msvc-all-32-64\boost_1_89_0\boost\exception\exception.hpp(203,16): error C2913: Explizite Spezialisierung; "WorldPackets::Trinity::Containers::boost::get_info" ist keine Spezialisierung einer Klassenvorlage [I:\TrinityCore\_integ-12_1_all\build\src\server\game\game.vcxproj]
  (Quelldatei „../../../../src/server/game/Server/WorldSession.cpp“ wird kompiliert)
  
C:\libs\boost_1_89_0-bin-msvc-all-32-64\boost_1_89_0\boost\exception\exception.hpp(206,25): error C2065: "throw_line": nichtdeklarierter Bezeichner [I:\TrinityCore\_integ-12_1_all\build\src\server\game\game.vcxproj]
  (Quelldatei „../../../../src/server/game/Server/WorldSession.cpp“ wird kompiliert)
  
C:\libs\boost_1_89_0-bin-msvc-all-32-64\boost_1_89_0\boost\exception\exception.hpp(206,16): error C2913: Explizite Spezialisierung; "WorldPackets::Trinity::Containers::boost::get_info" ist keine Spezialisierung einer Klassenvorlage [I:\TrinityCore\_integ-12_1_all\build\src\server\game\game.vcxproj]
  (Quelldatei „../../../../src/server/game/Server/WorldSession.cpp“ wird kompiliert)
  
C:\libs\boost_1_89_0-bin-msvc-all-32-64\boost_1_89_0\boost\exception\exception.hpp(209,25): error C2065: "throw_column": nichtdeklarierter Bezeichner [I:\TrinityCore\_integ-12_1_all\build\src\server\game\game.vcxproj]
  (Quelldatei „../../../../src/server/game/Server/WorldSession.cpp“ wird kompiliert)
  
C:\libs\boost_1_89_0-bin-msvc-all-32-64\boost_1_89_0\boost\exception\exception.hpp(209,16): error C2913: Explizite Spezialisierung; "WorldPackets::Trinity::Containers::boost::get_info" ist keine Spezialisierung einer Klassenvorlage [I:\TrinityCore\_integ-12_1_all\build\src\server\game\game.vcxproj]
  (Quelldatei „../../../../src/server/game/Server/WorldSession.cpp“ wird kompiliert)
  
C:\libs\boost_1_89_0-bin-msvc-all-32-64\boost_1_89_0\boost\exception\exception.hpp(215,28): error C2065: "throw_function": nichtdeklarierter Bezeichner [I:\TrinityCore\_integ-12_1_all\build\src\server\game\game.vcxproj]
  (Quelldatei „../../../../src/server/game/Server/WorldSession.cpp“ wird kompiliert)
  
C:\libs\boost_1_89_0-bin-msvc-all-32-64\boost_1_89_0\boost\exception\exception.hpp(215,16): error C2923: „WorldPackets::Trinity::Containers::boost::set_info_rv“: „throw_function“ ist kein gültiges Vorlage-Typargument für Parameter „<unnamed-symbol>“. [I:\TrinityCore\_integ-12_1_all\build\src\server\game\game.vcxproj]
  (Quelldatei „../../../../src/server/game/Server/WorldSession.cpp“ wird kompiliert)
      C:\libs\boost_1_89_0-bin-msvc-all-32-64\boost_1_89_0\boost\exception\exception.hpp(215,28):
      Siehe Deklaration von "throw_function"
  
C:\libs\boost_1_89_0-bin-msvc-all-32-64\boost_1_89_0\boost\exception\exception.hpp(215,16): error C2913: Explizite Spezialisierung; "WorldPackets::Trinity::Containers::boost::set_info_rv" ist keine Spezialisierung einer Klassenvorlage [I:\TrinityCore\_integ-12_1_all\build\src\server\game\game.vcxproj]
  (Quelldatei „../../../../src/server/game/Server/WorldSession.cpp“ wird kompiliert)
  
C:\libs\boost_1_89_0-bin-msvc-all-32-64\boost_1_89_0\boost\exception\exception.hpp(218,28): error C2065: "throw_file": nichtdeklarierter Bezeichner [I:\TrinityCore\_integ-12_1_all\build\src\server\game\game.vcxproj]
  (Quelldatei „../../../../src/server/game/Server/WorldSession.cpp“ wird kompiliert)
  
C:\libs\boost_1_89_0-bin-msvc-all-32-64\boost_1_89_0\boost\exception\exception.hpp(218,28): error C1003: Mehr als 100 Fehler gefunden; Kompilierung wird abgebrochen. [I:\TrinityCore\_integ-12_1_all\build\src\server\game\game.vcxproj]
  (Quelldatei „../../../../src/server/game/Server/WorldSession.cpp“ wird kompiliert)
  
  CollectionPackets.cpp
  CombatLogPackets.cpp
  CombatLogPacketsCommon.cpp
  CombatPackets.cpp
  CommentatorPackets.cpp
  ContentTrackingPackets.cpp
  ContributionPackets.cpp
  CovenantPackets.cpp
I:\TrinityCore\_integ-12_1_all\src\server\game\Server\Packets\CharacterPackets.h(1011,1): error C2059: Syntaxfehler: "}" [I:\TrinityCore\_integ-12_1_all\build\src\server\game\game.vcxproj]
  (Quelldatei „../../../../src/server/game/Server/Packets/CharacterPackets.cpp“ wird kompiliert)
  
I:\TrinityCore\_integ-12_1_all\src\server\game\Server\Packets\CharacterPackets.h(1011,1): error C2143: Syntaxfehler: Es fehlt ";" vor "}" [I:\TrinityCore\_integ-12_1_all\build\src\server\game\game.vcxproj]
  (Quelldatei „../../../../src/server/game/Server/Packets/CharacterPackets.cpp“ wird kompiliert)
  
I:\TrinityCore\_integ-12_1_all\src\server\game\Server\Packets\CharacterPackets.cpp(29,42): error C2061: Syntaxfehler: Bezeichner "ChrCustomizationChoice" [I:\TrinityCore\_integ-12_1_all\build\src\server\game\game.vcxproj]
  (Quelldatei „../../../../src/server/game/Server/Packets/CharacterPackets.cpp“ wird kompiliert)
  
I:\TrinityCore\_integ-12_1_all\src\server\game\Server\Packets\CharacterPackets.cpp(29,13): error C2805: Der binäre Operator "<<" weist zu wenige Parameter auf. [I:\TrinityCore\_integ-12_1_all\build\src\server\game\game.vcxproj]
  (Quelldatei „../../../../src/server/game/Server/Packets/CharacterPackets.cpp“ wird kompiliert)
  
I:\TrinityCore\_integ-12_1_all\src\server\game\Server\Packets\CharacterPackets.cpp(31,20): error C2065: "customizationChoice": nichtdeklarierter Bezeichner [I:\TrinityCore\_integ-12_1_all\build\src\server\game\game.vcxproj]
  (Quelldatei „../../../../src/server/game/Server/Packets/CharacterPackets.cpp“ wird kompiliert)
  
I:\TrinityCore\_integ-12_1_all\src\server\game\Server\Packets\CharacterPackets.cpp(32,20): error C2065: "customizationChoice": nichtdeklarierter Bezeichner [I:\TrinityCore\_integ-12_1_all\build\src\server\game\game.vcxproj]
  (Quelldatei „../../../../src/server/game/Server/Packets/CharacterPackets.cpp“ wird kompiliert)
  
I:\TrinityCore\_integ-12_1_all\src\server\game\Server\Packets\CharacterPackets.cpp(37,42): error C2061: Syntaxfehler: Bezeichner "ChrCustomizationChoice" [I:\TrinityCore\_integ-12_1_all\build\src\server\game\game.vcxproj]
  (Quelldatei „../../../../src/server/game/Server/Packets/CharacterPackets.cpp“ wird kompiliert)
  
I:\TrinityCore\_integ-12_1_all\src\server\game\Server\Packets\CharacterPackets.cpp(37,13): error C2805: Der binäre Operator ">>" weist zu wenige Parameter auf. [I:\TrinityCore\_integ-12_1_all\build\src\server\game\game.vcxproj]
  (Quelldatei „../../../../src/server/game/Server/Packets/CharacterPackets.cpp“ wird kompiliert)
  
I:\TrinityCore\_integ-12_1_all\src\server\game\Server\Packets\CharacterPackets.cpp(39,13): error C2065: "customizationChoice": nichtdeklarierter Bezeichner [I:\TrinityCore\_integ-12_1_all\build\src\server\game\game.vcxproj]
  (Quelldatei „../../../../src/server/game/Server/Packets/CharacterPackets.cpp“ wird kompiliert)
  
I:\TrinityCore\_integ-12_1_all\src\server\game\Server\Packets\CharacterPackets.cpp(40,13): error C2065: "customizationChoice": nichtdeklarierter Bezeichner [I:\TrinityCore\_integ-12_1_all\build\src\server\game\game.vcxproj]
  (Quelldatei „../../../../src/server/game/Server/Packets/CharacterPackets.cpp“ wird kompiliert)
  
I:\TrinityCore\_integ-12_1_all\src\server\game\Server\Packets\CharacterPackets.cpp(48,31): error C2065: "ChrCustomizationChoice": nichtdeklarierter Bezeichner [I:\TrinityCore\_integ-12_1_all\build\src\server\game\game.vcxproj]
  (Quelldatei „../../../../src/server/game/Server/Packets/CharacterPackets.cpp“ wird kompiliert)
  
I:\TrinityCore\_integ-12_1_all\src\server\game\Server\Packets\CharacterPackets.cpp(48,25): error C2923: „WorldPackets::Array“: „ChrCustomizationChoice“ ist kein gültiges Vorlage-Typargument für Parameter „T“. [I:\TrinityCore\_integ-12_1_all\build\src\server\game\game.vcxproj]
  (Quelldatei „../../../../src/server/game/Server/Packets/CharacterPackets.cpp“ wird kompiliert)
      I:\TrinityCore\_integ-12_1_all\src\server\game\Server\Packets\CharacterPackets.cpp(48,31):
      Siehe Deklaration von "ChrCustomizationChoice"
  
I:\TrinityCore\_integ-12_1_all\src\server\game\Server\Packets\CharacterPackets.cpp(48,61): error C2955: "WorldPackets::Array" : Für die Verwendung von Klasse Vorlage ist eine Vorlage-Argumentliste erforderlich [I:\TrinityCore\_integ-12_1_all\build\src\server\game\game.vcxproj]
  (Quelldatei „../../../../src/server/game/Server/Packets/CharacterPackets.cpp“ wird kompiliert)
      I:\TrinityCore\_integ-12_1_all\src\server\game\Server\Packets\PacketUtilities.h(169,11):
      Siehe Deklaration von "WorldPackets::Array"
  
I:\TrinityCore\_integ-12_1_all\src\server\game\Server\Packets\CharacterPackets.cpp(50,61): error C2653: "ChrCustomizationChoice": Keine Klasse oder Namespace [I:\TrinityCore\_integ-12_1_all\build\src\server\game\game.vcxproj]
  (Quelldatei „../../../../src/server/game/Server/Packets/CharacterPackets.cpp“ wird kompiliert)
  
I:\TrinityCore\_integ-12_1_all\src\server\game\Server\Packets\CharacterPackets.cpp(50,85): error C2065: "ChrCustomizationOptionID": nichtdeklarierter Bezeichner [I:\TrinityCore\_integ-12_1_all\build\src\server\game\game.vcxproj]
  (Quelldatei „../../../../src/server/game/Server/Packets/CharacterPackets.cpp“ wird kompiliert)
  
I:\TrinityCore\_integ-12_1_all\src\server\game\Server\Packets\CharacterPackets.cpp(53,42): error C2061: Syntaxfehler: Bezeichner "CustomTabardInfo" [I:\TrinityCore\_integ-12_1_all\build\src\server\game\game.vcxproj]
  (Quelldatei „../../../../src/server/game/Server/Packets/CharacterPackets.cpp“ wird kompiliert)
  
I:\TrinityCore\_integ-12_1_all\src\server\game\Server\Packets\CharacterPackets.cpp(53,13): error C2805: Der binäre Operator "<<" weist zu wenige Parameter auf. [I:\TrinityCore\_integ-12_1_all\build\src\server\game\game.vcxproj]
  (Quelldatei „../../../../src/server/game/Server/Packets/CharacterPackets.cpp“ wird kompiliert)
  
I:\TrinityCore\_integ-12_1_all\src\server\game\Server\Packets\CharacterPackets.cpp(55,19): error C2065: "customTabardInfo": nichtdeklarierter Bezeichner [I:\TrinityCore\_integ-12_1_all\build\src\server\game\game.vcxproj]
  (Quelldatei „../../../../src/server/game/Server/Packets/CharacterPackets.cpp“ wird kompiliert)
  
I:\TrinityCore\_integ-12_1_all\src\server\game\Server\Packets\CharacterPackets.cpp(56,19): error C2065: "customTabardInfo": nichtdeklarierter Bezeichner [I:\TrinityCore\_integ-12_1_all\build\src\server\game\game.vcxproj]
  (Quelldatei „../../../../src/server/game/Server/Packets/CharacterPackets.cpp“ wird kompiliert)
  
I:\TrinityCore\_integ-12_1_all\src\server\game\Server\Packets\CharacterPackets.cpp(57,19): error C2065: "customTabardInfo": nichtdeklarierter Bezeichner [I:\TrinityCore\_integ-12_1_all\build\src\server\game\game.vcxproj]
  (Quelldatei „../../../../src/server/game/Server/Packets/CharacterPackets.cpp“ wird kompiliert)
  
I:\TrinityCore\_integ-12_1_all\src\server\game\Server\Packets\CharacterPackets.cpp(58,19): error C2065: "customTabardInfo": nichtdeklarierter Bezeichner [I:\TrinityCore\_integ-12_1_all\build\src\server\game\game.vcxproj]
  (Quelldatei „../../../../src/server/game/Server/Packets/CharacterPackets.cpp“ wird kompiliert)
  
I:\TrinityCore\_integ-12_1_all\src\server\game\Server\Packets\CharacterPackets.cpp(59,19): error C2065: "customTabardInfo": nichtdeklarierter Bezeichner [I:\TrinityCore\_integ-12_1_all\build\src\server\game\game.vcxproj]
  (Quelldatei „../../../../src/server/game/Server/Packets/CharacterPackets.cpp“ wird kompiliert)
  
I:\TrinityCore\_integ-12_1_all\src\server\game\Server\Packets\CharacterPackets.cpp(64,42): error C2061: Syntaxfehler: Bezeichner "CustomTabardInfo" [I:\TrinityCore\_integ-12_1_all\build\src\server\game\game.vcxproj]
  (Quelldatei „../../../../src/server/game/Server/Packets/CharacterPackets.cpp“ wird kompiliert)
  
I:\TrinityCore\_integ-12_1_all\src\server\game\Server\Packets\CharacterPackets.cpp(64,13): error C2805: Der binäre Operator ">>" weist zu wenige Parameter auf. [I:\TrinityCore\_integ-12_1_all\build\src\server\game\game.vcxproj]
  (Quelldatei „../../../../src/server/game/Server/Packets/CharacterPackets.cpp“ wird kompiliert)
  
I:\TrinityCore\_integ-12_1_all\src\server\game\Server\Packets\CharacterPackets.cpp(66,13): error C2065: "customTabardInfo": nichtdeklarierter Bezeichner [I:\TrinityCore\_integ-12_1_all\build\src\server\game\game.vcxproj]
  (Quelldatei „../../../../src/server/game/Server/Packets/CharacterPackets.cpp“ wird kompiliert)
  
I:\TrinityCore\_integ-12_1_all\src\server\game\Server\Packets\CharacterPackets.cpp(67,13): error C2065: "customTabardInfo": nichtdeklarierter Bezeichner [I:\TrinityCore\_integ-12_1_all\build\src\server\game\game.vcxproj]
  (Quelldatei „../../../../src/server/game/Server/Packets/CharacterPackets.cpp“ wird kompiliert)
  
I:\TrinityCore\_integ-12_1_all\src\server\game\Server\Packets\CharacterPackets.cpp(68,13): error C2065: "customTabardInfo": nichtdeklarierter Bezeichner [I:\TrinityCore\_integ-12_1_all\build\src\server\game\game.vcxproj]
  (Quelldatei „../../../../src/server/game/Server/Packets/CharacterPackets.cpp“ wird kompiliert)
  
I:\TrinityCore\_integ-12_1_all\src\server\game\Server\Packets\CharacterPackets.cpp(69,13): error C2065: "customTabardInfo": nichtdeklarierter Bezeichner [I:\TrinityCore\_integ-12_1_all\build\src\server\game\game.vcxproj]
  (Quelldatei „../../../../src/server/game/Server/Packets/CharacterPackets.cpp“ wird kompiliert)
  
I:\TrinityCore\_integ-12_1_all\src\server\game\Server\Packets\CharacterPackets.cpp(70,13): error C2065: "customTabardInfo": nichtdeklarierter Bezeichner [I:\TrinityCore\_integ-12_1_all\build\src\server\game\game.vcxproj]
  (Quelldatei „../../../../src/server/game/Server/Packets/CharacterPackets.cpp“ wird kompiliert)
  
I:\TrinityCore\_integ-12_1_all\src\server\game\Server\Packets\CharacterPackets.cpp(75,1): error C2653: "EnumCharacters": Keine Klasse oder Namespace [I:\TrinityCore\_integ-12_1_all\build\src\server\game\game.vcxproj]
  (Quelldatei „../../../../src/server/game/Server/Packets/CharacterPackets.cpp“ wird kompiliert)
  
I:\TrinityCore\_integ-12_1_all\src\server\game\Server\Packets\CharacterPackets.cpp(75,17): error C4430: Fehlender Typspezifizierer - int wird angenommen. Hinweis: "default-int" wird von C++ nicht unterstützt. [I:\TrinityCore\_integ-12_1_all\build\src\server\game\game.vcxproj]
  (Quelldatei „../../../../src/server/game/Server/Packets/CharacterPackets.cpp“ wird kompiliert)
  
I:\TrinityCore\_integ-12_1_all\src\server\game\Server\Packets\CharacterPackets.cpp(76,1): error C2550: "WorldPackets::WorldPackets::Character::EnumCharacters": Initialisierungslisten für Konstruktoren dürfen nur in Konstruktordefinition stehen [I:\TrinityCore\_integ-12_1_all\build\src\server\game\game.vcxproj]
  (Quelldatei „../../../../src/server/game/Server/Packets/CharacterPackets.cpp“ wird kompiliert)
  
I:\TrinityCore\_integ-12_1_all\src\server\game\Server\Packets\CharacterPackets.cpp(77,5): error C3861: "GetOpcode": Bezeichner wurde nicht gefunden. [I:\TrinityCore\_integ-12_1_all\build\src\server\game\game.vcxproj]
  (Quelldatei „../../../../src/server/game/Server/Packets/CharacterPackets.cpp“ wird kompiliert)
  
I:\TrinityCore\_integ-12_1_all\src\server\game\Server\Packets\CharacterPackets.cpp(77,5): error C2677: Binärer Operator "==": Es konnte kein globaler Operator gefunden werden, der den Typ "OpcodeClient" akzeptiert (oder keine geeignete Konvertierung möglich) [I:\TrinityCore\_integ-12_1_all\build\src\server\game\game.vcxproj]
  (Quelldatei „../../../../src/server/game/Server/Packets/CharacterPackets.cpp“ wird kompiliert)
  
I:\TrinityCore\_integ-12_1_all\src\server\game\Server\Packets\CharacterPackets.cpp(78,1): warning C4508: "WorldPackets::WorldPackets::Character::EnumCharacters": Funktion sollte einen Wert zurückgeben; Ergebnistyp "void" angenommen [I:\TrinityCore\_integ-12_1_all\build\src\server\game\game.vcxproj]
  (Quelldatei „../../../../src/server/game/Server/Packets/CharacterPackets.cpp“ wird kompiliert)
  
I:\TrinityCore\_integ-12_1_all\src\server\game\Server\Packets\CharacterPackets.cpp(80,1): error C2653: "EnumCharactersResult": Keine Klasse oder Namespace [I:\TrinityCore\_integ-12_1_all\build\src\server\game\game.vcxproj]
  (Quelldatei „../../../../src/server/game/Server/Packets/CharacterPackets.cpp“ wird kompiliert)
  
I:\TrinityCore\_integ-12_1_all\src\server\game\Server\Packets\CharacterPackets.cpp(80,43): error C4430: Fehlender Typspezifizierer - int wird angenommen. Hinweis: "default-int" wird von C++ nicht unterstützt. [I:\TrinityCore\_integ-12_1_all\build\src\server\game\game.vcxproj]
  (Quelldatei „../../../../src/server/game/Server/Packets/CharacterPackets.cpp“ wird kompiliert)
  
I:\TrinityCore\_integ-12_1_all\src\server\game\Server\Packets\CharacterPackets.cpp(96,5): error C2065: "Guid": nichtdeklarierter Bezeichner [I:\TrinityCore\_integ-12_1_all\build\src\server\game\game.vcxproj]
  (Quelldatei „../../../../src/server/game/Server/Packets/CharacterPackets.cpp“ wird kompiliert)
  
I:\TrinityCore\_integ-12_1_all\src\server\game\Server\Packets\CharacterPackets.cpp(97,5): error C2065: "VirtualRealmAddress": nichtdeklarierter Bezeichner [I:\TrinityCore\_integ-12_1_all\build\src\server\game\game.vcxproj]
  (Quelldatei „../../../../src/server/game/Server/Packets/CharacterPackets.cpp“ wird kompiliert)
  
I:\TrinityCore\_integ-12_1_all\src\server\game\Server\Packets\CharacterPackets.cpp(98,5): error C2065: "GuildClubMemberID": nichtdeklarierter Bezeichner [I:\TrinityCore\_integ-12_1_all\build\src\server\game\game.vcxproj]
  (Quelldatei „../../../../src/server/game/Server/Packets/CharacterPackets.cpp“ wird kompiliert)
  
I:\TrinityCore\_integ-12_1_all\src\server\game\Server\Packets\CharacterPackets.cpp(98,38): error C3083: "Services": Das Symbol links neben "::" muss ein Typ sein. [I:\TrinityCore\_integ-12_1_all\build\src\server\game\game.vcxproj]
  (Quelldatei „../../../../src/server/game/Server/Packets/CharacterPackets.cpp“ wird kompiliert)
  
I:\TrinityCore\_integ-12_1_all\src\server\game\Server\Packets\CharacterPackets.cpp(98,48): error C3083: "Clubs": Das Symbol links neben "::" muss ein Typ sein. [I:\TrinityCore\_integ-12_1_all\build\src\server\game\game.vcxproj]
  (Quelldatei „../../../../src/server/game/Server/Packets/CharacterPackets.cpp“ wird kompiliert)
  
I:\TrinityCore\_integ-12_1_all\src\server\game\Server\Packets\CharacterPackets.cpp(98,55): error C2039: "CreateClubMemberId" ist kein Member von "Battlenet". [I:\TrinityCore\_integ-12_1_all\build\src\server\game\game.vcxproj]
  (Quelldatei „../../../../src/server/game/Server/Packets/CharacterPackets.cpp“ wird kompiliert)
      I:\TrinityCore\_integ-12_1_all\src\server\game\Server\WorldSession.h(82,11):
      Siehe Deklaration von "Battlenet"
  
I:\TrinityCore\_integ-12_1_all\src\server\game\Server\Packets\CharacterPackets.cpp(98,74): error C2065: "Guid": nichtdeklarierter Bezeichner [I:\TrinityCore\_integ-12_1_all\build\src\server\game\game.vcxproj]
  (Quelldatei „../../../../src/server/game/Server/Packets/CharacterPackets.cpp“ wird kompiliert)
  
I:\TrinityCore\_integ-12_1_all\src\server\game\Server\Packets\CharacterPackets.cpp(98,55): error C3861: "CreateClubMemberId": Bezeichner wurde nicht gefunden. [I:\TrinityCore\_integ-12_1_all\build\src\server\game\game.vcxproj]
  (Quelldatei „../../../../src/server/game/Server/Packets/CharacterPackets.cpp“ wird kompiliert)
  
I:\TrinityCore\_integ-12_1_all\src\server\game\Server\Packets\CharacterPackets.cpp(99,5): error C2065: "Name": nichtdeklarierter Bezeichner [I:\TrinityCore\_integ-12_1_all\build\src\server\game\game.vcxproj]
  (Quelldatei „../../../../src/server/game/Server/Packets/CharacterPackets.cpp“ wird kompiliert)
  
I:\TrinityCore\_integ-12_1_all\src\server\game\Server\Packets\CharacterPackets.cpp(100,5): error C2065: "RaceID": nichtdeklarierter Bezeichner [I:\TrinityCore\_integ-12_1_all\build\src\server\game\game.vcxproj]
  (Quelldatei „../../../../src/server/game/Server/Packets/CharacterPackets.cpp“ wird kompiliert)
  
I:\TrinityCore\_integ-12_1_all\src\server\game\Server\Packets\CharacterPackets.cpp(101,5): error C2065: "ClassID": nichtdeklarierter Bezeichner [I:\TrinityCore\_integ-12_1_all\build\src\server\game\game.vcxproj]
  (Quelldatei „../../../../src/server/game/Server/Packets/CharacterPackets.cpp“ wird kompiliert)
  
I:\TrinityCore\_integ-12_1_all\src\server\game\Server\Packets\CharacterPackets.cpp(102,5): error C2065: "SexID": nichtdeklarierter Bezeichner [I:\TrinityCore\_integ-12_1_all\build\src\server\game\game.vcxproj]
  (Quelldatei „../../../../src/server/game/Server/Packets/CharacterPackets.cpp“ wird kompiliert)
  
I:\TrinityCore\_integ-12_1_all\src\server\game\Server\Packets\CharacterPackets.cpp(103,5): error C2065: "ExperienceLevel": nichtdeklarierter Bezeichner [I:\TrinityCore\_integ-12_1_all\build\src\server\game\game.vcxproj]
  (Quelldatei „../../../../src/server/game/Server/Packets/CharacterPackets.cpp“ wird kompiliert)
  
I:\TrinityCore\_integ-12_1_all\src\server\game\Server\Packets\CharacterPackets.cpp(104,5): error C2065: "ZoneID": nichtdeklarierter Bezeichner [I:\TrinityCore\_integ-12_1_all\build\src\server\game\game.vcxproj]
  (Quelldatei „../../../../src/server/game/Server/Packets/CharacterPackets.cpp“ wird kompiliert)
  
I:\TrinityCore\_integ-12_1_all\src\server\game\Server\Packets\CharacterPackets.cpp(105,5): error C2065: "MapID": nichtdeklarierter Bezeichner [I:\TrinityCore\_integ-12_1_all\build\src\server\game\game.vcxproj]
  (Quelldatei „../../../../src/server/game/Server/Packets/CharacterPackets.cpp“ wird kompiliert)
  
I:\TrinityCore\_integ-12_1_all\src\server\game\Server\Packets\CharacterPackets.cpp(106,5): error C2065: "PreloadPos": nichtdeklarierter Bezeichner [I:\TrinityCore\_integ-12_1_all\build\src\server\game\game.vcxproj]
  (Quelldatei „../../../../src/server/game/Server/Packets/CharacterPackets.cpp“ wird kompiliert)
  
I:\TrinityCore\_integ-12_1_all\src\server\game\Server\Packets\CharacterPackets.cpp(109,9): error C2065: "GuildGUID": nichtdeklarierter Bezeichner [I:\TrinityCore\_integ-12_1_all\build\src\server\game\game.vcxproj]
  (Quelldatei „../../../../src/server/game/Server/Packets/CharacterPackets.cpp“ wird kompiliert)
  
I:\TrinityCore\_integ-12_1_all\src\server\game\Server\Packets\CharacterPackets.cpp(115,9): error C2065: "Flags": nichtdeklarierter Bezeichner [I:\TrinityCore\_integ-12_1_all\build\src\server\game\game.vcxproj]
  (Quelldatei „../../../../src/server/game/Server/Packets/CharacterPackets.cpp“ wird kompiliert)
  
I:\TrinityCore\_integ-12_1_all\src\server\game\Server\Packets\CharacterPackets.cpp(118,9): error C2065: "Flags": nichtdeklarierter Bezeichner [I:\TrinityCore\_integ-12_1_all\build\src\server\game\game.vcxproj]
  (Quelldatei „../../../../src/server/game/Server/Packets/CharacterPackets.cpp“ wird kompiliert)
  
I:\TrinityCore\_integ-12_1_all\src\server\game\Server\Packets\CharacterPackets.cpp(124,9): error C2065: "Flags": nichtdeklarierter Bezeichner [I:\TrinityCore\_integ-12_1_all\build\src\server\game\game.vcxproj]
  (Quelldatei „../../../../src/server/game/Server/Packets/CharacterPackets.cpp“ wird kompiliert)
  
I:\TrinityCore\_integ-12_1_all\src\server\game\Server\Packets\CharacterPackets.cpp(127,9): error C2065: "Flags": nichtdeklarierter Bezeichner [I:\TrinityCore\_integ-12_1_all\build\src\server\game\game.vcxproj]
  (Quelldatei „../../../../src/server/game/Server/Packets/CharacterPackets.cpp“ wird kompiliert)
  
I:\TrinityCore\_integ-12_1_all\src\server\game\Server\Packets\CharacterPackets.cpp(130,9): error C2065: "Flags": nichtdeklarierter Bezeichner [I:\TrinityCore\_integ-12_1_all\build\src\server\game\game.vcxproj]
  (Quelldatei „../../../../src/server/game/Server/Packets/CharacterPackets.cpp“ wird kompiliert)
  
I:\TrinityCore\_integ-12_1_all\src\server\game\Server\Packets\CharacterPackets.cpp(133,9): error C2065: "Flags": nichtdeklarierter Bezeichner [I:\TrinityCore\_integ-12_1_all\build\src\server\game\game.vcxproj]
  (Quelldatei „../../../../src/server/game/Server/Packets/CharacterPackets.cpp“ wird kompiliert)
  
I:\TrinityCore\_integ-12_1_all\src\server\game\Server\Packets\CharacterPackets.cpp(136,9): error C2065: "Flags2": nichtdeklarierter Bezeichner [I:\TrinityCore\_integ-12_1_all\build\src\server\game\game.vcxproj]
  (Quelldatei „../../../../src/server/game/Server/Packets/CharacterPackets.cpp“ wird kompiliert)
  
I:\TrinityCore\_integ-12_1_all\src\server\game\Server\Packets\CharacterPackets.cpp(138,9): error C2065: "Flags2": nichtdeklarierter Bezeichner [I:\TrinityCore\_integ-12_1_all\build\src\server\game\game.vcxproj]
  (Quelldatei „../../../../src/server/game/Server/Packets/CharacterPackets.cpp“ wird kompiliert)
  
I:\TrinityCore\_integ-12_1_all\src\server\game\Server\Packets\CharacterPackets.cpp(140,9): error C2065: "Flags2": nichtdeklarierter Bezeichner [I:\TrinityCore\_integ-12_1_all\build\src\server\game\game.vcxproj]
  (Quelldatei „../../../../src/server/game/Server/Packets/CharacterPackets.cpp“ wird kompiliert)
  
I:\TrinityCore\_integ-12_1_all\src\server\game\Server\Packets\CharacterPackets.cpp(143,9): error C2065: "Flags2": nichtdeklarierter Bezeichner [I:\TrinityCore\_integ-12_1_all\build\src\server\game\game.vcxproj]
  (Quelldatei „../../../../src/server/game/Server/Packets/CharacterPackets.cpp“ wird kompiliert)
  
I:\TrinityCore\_integ-12_1_all\src\server\game\Server\Packets\CharacterPackets.cpp(146,9): error C2065: "Flags2": nichtdeklarierter Bezeichner [I:\TrinityCore\_integ-12_1_all\build\src\server\game\game.vcxproj]
  (Quelldatei „../../../../src/server/game/Server/Packets/CharacterPackets.cpp“ wird kompiliert)
  
I:\TrinityCore\_integ-12_1_all\src\server\game\Server\Packets\CharacterPackets.cpp(149,9): error C2065: "Flags2": nichtdeklarierter Bezeichner [I:\TrinityCore\_integ-12_1_all\build\src\server\game\game.vcxproj]
  (Quelldatei „../../../../src/server/game/Server/Packets/CharacterPackets.cpp“ wird kompiliert)
  
I:\TrinityCore\_integ-12_1_all\src\server\game\Server\Packets\CharacterPackets.cpp(152,9): error C2065: "Flags3": nichtdeklarierter Bezeichner [I:\TrinityCore\_integ-12_1_all\build\src\server\game\game.vcxproj]
  (Quelldatei „../../../../src/server/game/Server/Packets/CharacterPackets.cpp“ wird kompiliert)
  
I:\TrinityCore\_integ-12_1_all\src\server\game\Server\Packets\CharacterPackets.cpp(155,9): error C2065: "Flags3": nichtdeklarierter Bezeichner [I:\TrinityCore\_integ-12_1_all\build\src\server\game\game.vcxproj]
  (Quelldatei „../../../../src/server/game/Server/Packets/CharacterPackets.cpp“ wird kompiliert)
  
I:\TrinityCore\_integ-12_1_all\src\server\game\Server\Packets\CharacterPackets.cpp(157,5): error C2065: "FirstLogin": nichtdeklarierter Bezeichner [I:\TrinityCore\_integ-12_1_all\build\src\server\game\game.vcxproj]
  (Quelldatei „../../../../src/server/game/Server/Packets/CharacterPackets.cpp“ wird kompiliert)
  
I:\TrinityCore\_integ-12_1_all\src\server\game\Server\Packets\CharacterPackets.cpp(160,49): error C2065: "ClassID": nichtdeklarierter Bezeichner [I:\TrinityCore\_integ-12_1_all\build\src\server\game\game.vcxproj]
  (Quelldatei „../../../../src/server/game/Server/Packets/CharacterPackets.cpp“ wird kompiliert)
  
I:\TrinityCore\_integ-12_1_all\src\server\game\Server\Packets\CharacterPackets.cpp(160,77): error C2065: "ClassID": nichtdeklarierter Bezeichner [I:\TrinityCore\_integ-12_1_all\build\src\server\game\game.vcxproj]
  (Quelldatei „../../../../src/server/game/Server/Packets/CharacterPackets.cpp“ wird kompiliert)
  
I:\TrinityCore\_integ-12_1_all\src\server\game\Server\Packets\CharacterPackets.cpp(160,104): error C2065: "ClassID": nichtdeklarierter Bezeichner [I:\TrinityCore\_integ-12_1_all\build\src\server\game\game.vcxproj]
  (Quelldatei „../../../../src/server/game/Server/Packets/CharacterPackets.cpp“ wird kompiliert)
  
I:\TrinityCore\_integ-12_1_all\src\server\game\Server\Packets\CharacterPackets.cpp(164,13): error C2065: "PetCreatureDisplayID": nichtdeklarierter Bezeichner [I:\TrinityCore\_integ-12_1_all\build\src\server\game\game.vcxproj]
  (Quelldatei „../../../../src/server/game/Server/Packets/CharacterPackets.cpp“ wird kompiliert)
  
I:\TrinityCore\_integ-12_1_all\src\server\game\Server\Packets\CharacterPackets.cpp(165,13): error C2065: "PetExperienceLevel": nichtdeklarierter Bezeichner [I:\TrinityCore\_integ-12_1_all\build\src\server\game\game.vcxproj]
  (Quelldatei „../../../../src/server/game/Server/Packets/CharacterPackets.cpp“ wird kompiliert)
  
I:\TrinityCore\_integ-12_1_all\src\server\game\Server\Packets\CharacterPackets.cpp(166,13): error C2065: "PetCreatureFamilyID": nichtdeklarierter Bezeichner [I:\TrinityCore\_integ-12_1_all\build\src\server\game\game.vcxproj]
  (Quelldatei „../../../../src/server/game/Server/Packets/CharacterPackets.cpp“ wird kompiliert)
  
I:\TrinityCore\_integ-12_1_all\src\server\game\Server\Packets\CharacterPackets.cpp(170,5): error C2065: "ProfessionIds": nichtdeklarierter Bezeichner [I:\TrinityCore\_integ-12_1_all\build\src\server\game\game.vcxproj]
  (Quelldatei „../../../../src/server/game/Server/Packets/CharacterPackets.cpp“ wird kompiliert)
  
I:\TrinityCore\_integ-12_1_all\src\server\game\Server\Packets\CharacterPackets.cpp(171,5): error C2065: "ProfessionIds": nichtdeklarierter Bezeichner [I:\TrinityCore\_integ-12_1_all\build\src\server\game\game.vcxproj]
  (Quelldatei „../../../../src/server/game/Server/Packets/CharacterPackets.cpp“ wird kompiliert)
  
I:\TrinityCore\_integ-12_1_all\src\server\game\Server\Packets\CharacterPackets.cpp(173,5): error C2065: "ListPosition": nichtdeklarierter Bezeichner [I:\TrinityCore\_integ-12_1_all\build\src\server\game\game.vcxproj]
  (Quelldatei „../../../../src/server/game/Server/Packets/CharacterPackets.cpp“ wird kompiliert)
  
I:\TrinityCore\_integ-12_1_all\src\server\game\Server\Packets\CharacterPackets.cpp(174,5): error C2065: "CreateTime": nichtdeklarierter Bezeichner [I:\TrinityCore\_integ-12_1_all\build\src\server\game\game.vcxproj]
  (Quelldatei „../../../../src/server/game/Server/Packets/CharacterPackets.cpp“ wird kompiliert)
  
I:\TrinityCore\_integ-12_1_all\src\server\game\Server\Packets\CharacterPackets.cpp(175,5): error C2065: "LastActiveTime": nichtdeklarierter Bezeichner [I:\TrinityCore\_integ-12_1_all\build\src\server\game\game.vcxproj]
  (Quelldatei „../../../../src/server/game/Server/Packets/CharacterPackets.cpp“ wird kompiliert)
  
I:\TrinityCore\_integ-12_1_all\src\server\game\Server\Packets\CharacterPackets.cpp(176,86): error C2065: "ClassID": nichtdeklarierter Bezeichner [I:\TrinityCore\_integ-12_1_all\build\src\server\game\game.vcxproj]
  (Quelldatei „../../../../src/server/game/Server/Packets/CharacterPackets.cpp“ wird kompiliert)
  
I:\TrinityCore\_integ-12_1_all\src\server\game\Server\Packets\CharacterPackets.cpp(177,9): error C2065: "SpecID": nichtdeklarierter Bezeichner [I:\TrinityCore\_integ-12_1_all\build\src\server\game\game.vcxproj]
  (Quelldatei „../../../../src/server/game/Server/Packets/CharacterPackets.cpp“ wird kompiliert)
  
I:\TrinityCore\_integ-12_1_all\src\server\game\Server\Packets\CharacterPackets.cpp(179,5): error C2065: "LastLoginVersion": nichtdeklarierter Bezeichner [I:\TrinityCore\_integ-12_1_all\build\src\server\game\game.vcxproj]
  (Quelldatei „../../../../src/server/game/Server/Packets/CharacterPackets.cpp“ wird kompiliert)
  
I:\TrinityCore\_integ-12_1_all\src\server\game\Server\Packets\CharacterPackets.cpp(181,5): error C2065: "PersonalTabard": nichtdeklarierter Bezeichner [I:\TrinityCore\_integ-12_1_all\build\src\server\game\game.vcxproj]
  (Quelldatei „../../../../src/server/game/Server/Packets/CharacterPackets.cpp“ wird kompiliert)
  
I:\TrinityCore\_integ-12_1_all\src\server\game\Server\Packets\CharacterPackets.cpp(182,5): error C2065: "PersonalTabard": nichtdeklarierter Bezeichner [I:\TrinityCore\_integ-12_1_all\build\src\server\game\game.vcxproj]
  (Quelldatei „../../../../src/server/game/Server/Packets/CharacterPackets.cpp“ wird kompiliert)
  
I:\TrinityCore\_integ-12_1_all\src\server\game\Server\Packets\CharacterPackets.cpp(183,5): error C2065: "PersonalTabard": nichtdeklarierter Bezeichner [I:\TrinityCore\_integ-12_1_all\build\src\server\game\game.vcxproj]
  (Quelldatei „../../../../src/server/game/Server/Packets/CharacterPackets.cpp“ wird kompiliert)
  
I:\TrinityCore\_integ-12_1_all\src\server\game\Server\Packets\CharacterPackets.cpp(184,5): error C2065: "PersonalTabard": nichtdeklarierter Bezeichner [I:\TrinityCore\_integ-12_1_all\build\src\server\game\game.vcxproj]
  (Quelldatei „../../../../src/server/game/Server/Packets/CharacterPackets.cpp“ wird kompiliert)
  
I:\TrinityCore\_integ-12_1_all\src\server\game\Server\Packets\CharacterPackets.cpp(185,5): error C2065: "PersonalTabard": nichtdeklarierter Bezeichner [I:\TrinityCore\_integ-12_1_all\build\src\server\game\game.vcxproj]
  (Quelldatei „../../../../src/server/game/Server/Packets/CharacterPackets.cpp“ wird kompiliert)
  
I:\TrinityCore\_integ-12_1_all\src\server\game\Server\Packets\CharacterPackets.cpp(187,39): error C2065: "VisualItems": nichtdeklarierter Bezeichner [I:\TrinityCore\_integ-12_1_all\build\src\server\game\game.vcxproj]
  (Quelldatei „../../../../src/server/game/Server/Packets/CharacterPackets.cpp“ wird kompiliert)
  
I:\TrinityCore\_integ-12_1_all\src\server\game\Server\Packets\CharacterPackets.cpp(192,9): error C2065: "VisualItems": nichtdeklarierter Bezeichner [I:\TrinityCore\_integ-12_1_all\build\src\server\game\game.vcxproj]
  (Quelldatei „../../../../src/server/game/Server/Packets/CharacterPackets.cpp“ wird kompiliert)
  
I:\TrinityCore\_integ-12_1_all\src\server\game\Server\Packets\CharacterPackets.cpp(193,9): error C2065: "VisualItems": nichtdeklarierter Bezeichner [I:\TrinityCore\_integ-12_1_all\build\src\server\game\game.vcxproj]
  (Quelldatei „../../../../src/server/game/Server/Packets/CharacterPackets.cpp“ wird kompiliert)
  
I:\TrinityCore\_integ-12_1_all\src\server\game\Server\Packets\CharacterPackets.cpp(194,9): error C2065: "VisualItems": nichtdeklarierter Bezeichner [I:\TrinityCore\_integ-12_1_all\build\src\server\game\game.vcxproj]
  (Quelldatei „../../../../src/server/game/Server/Packets/CharacterPackets.cpp“ wird kompiliert)
  
I:\TrinityCore\_integ-12_1_all\src\server\game\Server\Packets\CharacterPackets.cpp(195,9): error C2065: "VisualItems": nichtdeklarierter Bezeichner [I:\TrinityCore\_integ-12_1_all\build\src\server\game\game.vcxproj]
  (Quelldatei „../../../../src/server/game/Server/Packets/CharacterPackets.cpp“ wird kompiliert)
  
I:\TrinityCore\_integ-12_1_all\src\server\game\Server\Packets\CharacterPackets.cpp(196,9): error C2065: "VisualItems": nichtdeklarierter Bezeichner [I:\TrinityCore\_integ-12_1_all\build\src\server\game\game.vcxproj]
  (Quelldatei „../../../../src/server/game/Server/Packets/CharacterPackets.cpp“ wird kompiliert)
  
I:\TrinityCore\_integ-12_1_all\src\server\game\Server\Packets\CharacterPackets.cpp(197,9): error C2065: "VisualItems": nichtdeklarierter Bezeichner [I:\TrinityCore\_integ-12_1_all\build\src\server\game\game.vcxproj]
  (Quelldatei „../../../../src/server/game/Server/Packets/CharacterPackets.cpp“ wird kompiliert)
  
I:\TrinityCore\_integ-12_1_all\src\server\game\Server\Packets\CharacterPackets.cpp(198,9): error C2065: "VisualItems": nichtdeklarierter Bezeichner [I:\TrinityCore\_integ-12_1_all\build\src\server\game\game.vcxproj]
  (Quelldatei „../../../../src/server/game/Server/Packets/CharacterPackets.cpp“ wird kompiliert)
  
I:\TrinityCore\_integ-12_1_all\src\server\game\Server\Packets\CharacterPackets.cpp(199,9): error C2065: "VisualItems": nichtdeklarierter Bezeichner [I:\TrinityCore\_integ-12_1_all\build\src\server\game\game.vcxproj]
  (Quelldatei „../../../../src/server/game/Server/Packets/CharacterPackets.cpp“ wird kompiliert)
  
I:\TrinityCore\_integ-12_1_all\src\server\game\Server\Packets\CharacterPackets.cpp(201,1): warning C4508: "WorldPackets::WorldPackets::Character::CharacterInfoBasic": Funktion sollte einen Wert zurückgeben; Ergebnistyp "void" angenommen [I:\TrinityCore\_integ-12_1_all\build\src\server\game\game.vcxproj]
  (Quelldatei „../../../../src/server/game/Server/Packets/CharacterPackets.cpp“ wird kompiliert)
  
I:\TrinityCore\_integ-12_1_all\src\server\game\Server\Packets\CharacterPackets.cpp(203,42): error C2653: "EnumCharactersResult": Keine Klasse oder Namespace [I:\TrinityCore\_integ-12_1_all\build\src\server\game\game.vcxproj]
  (Quelldatei „../../../../src/server/game/Server/Packets/CharacterPackets.cpp“ wird kompiliert)
  
I:\TrinityCore\_integ-12_1_all\src\server\game\Server\Packets\CharacterPackets.cpp(203,84): error C2061: Syntaxfehler: Bezeichner "VisualItemInfo" [I:\TrinityCore\_integ-12_1_all\build\src\server\game\game.vcxproj]
  (Quelldatei „../../../../src/server/game/Server/Packets/CharacterPackets.cpp“ wird kompiliert)
  
I:\TrinityCore\_integ-12_1_all\src\server\game\Server\Packets\CharacterPackets.cpp(203,84): error C1003: Mehr als 100 Fehler gefunden; Kompilierung wird abgebrochen. [I:\TrinityCore\_integ-12_1_all\build\src\server\game\game.vcxproj]
  (Quelldatei „../../../../src/server/game/Server/Packets/CharacterPackets.cpp“ wird kompiliert)
  
  CraftingOrderPackets.cpp
  CraftingPacketsCommon.cpp
  DelvesPackets.cpp
  DuelPackets.cpp
  EquipmentSetPackets.cpp
  GameObjectPackets.cpp
  GarrisonPackets.cpp
  GuildPackets.cpp
  HotfixPackets.cpp
  HousingBlueprintPackets.cpp
  HousingPackets.cpp
  InspectPackets.cpp
  InstancePackets.cpp
  ItemPackets.cpp
  ItemPacketsCommon.cpp
  LFGListPackets.cpp
  LFGPackets.cpp
  LFGPacketsCommon.cpp
I:\TrinityCore\_integ-12_1_all\src\server\game\Server\Packets\CharacterPackets.h(1011,1): error C2059: Syntaxfehler: "}" [I:\TrinityCore\_integ-12_1_all\build\src\server\game\game.vcxproj]
  (Quelldatei „../../../../src/server/game/Server/Packets/InspectPackets.cpp“ wird kompiliert)
  
I:\TrinityCore\_integ-12_1_all\src\server\game\Server\Packets\CharacterPackets.h(1011,1): error C2143: Syntaxfehler: Es fehlt ";" vor "}" [I:\TrinityCore\_integ-12_1_all\build\src\server\game\game.vcxproj]
  (Quelldatei „../../../../src/server/game/Server/Packets/InspectPackets.cpp“ wird kompiliert)
  
  LiveRegionPackets.cpp
  LobbyMatchmakerPackets.cpp
  LootPackets.cpp
  MailPackets.cpp
I:\TrinityCore\_integ-12_1_all\src\server\game\Server\Packets\InspectPackets.h(31,7): error C2365: "WorldPackets::Item": Erneute Definition; vorherige Definition war "Namespace". [I:\TrinityCore\_integ-12_1_all\build\src\server\game\game.vcxproj]
  (Quelldatei „../../../../src/server/game/Server/Packets/InspectPackets.cpp“ wird kompiliert)
      I:\TrinityCore\_integ-12_1_all\src\server\game\Entities\Item\Item.h(34,15):
      Siehe Deklaration von "WorldPackets::Item"
  
I:\TrinityCore\_integ-12_1_all\src\server\game\Server\Packets\InspectPackets.h(69,19): error C2027: Verwendung des undefinierten Typs "WorldPackets::Item" [I:\TrinityCore\_integ-12_1_all\build\src\server\game\game.vcxproj]
  (Quelldatei „../../../../src/server/game/Server/Packets/InspectPackets.cpp“ wird kompiliert)
      I:\TrinityCore\_integ-12_1_all\src\server\game\Server\Packets\InspectPackets.h(31,7):
      Siehe Deklaration von "WorldPackets::Item"
  
I:\TrinityCore\_integ-12_1_all\src\server\game\Server\Packets\InspectPackets.h(69,32): error C3646: "Item": Unbekannter Überschreibungsspezifizierer [I:\TrinityCore\_integ-12_1_all\build\src\server\game\game.vcxproj]
  (Quelldatei „../../../../src/server/game/Server/Packets/InspectPackets.cpp“ wird kompiliert)
  
I:\TrinityCore\_integ-12_1_all\src\server\game\Server\Packets\InspectPackets.h(69,19): error C4430: Fehlender Typspezifizierer - int wird angenommen. Hinweis: "default-int" wird von C++ nicht unterstützt. [I:\TrinityCore\_integ-12_1_all\build\src\server\game\game.vcxproj]
  (Quelldatei „../../../../src/server/game/Server/Packets/InspectPackets.cpp“ wird kompiliert)
  
I:\TrinityCore\_integ-12_1_all\src\server\game\Server\Packets\InspectPackets.h(73,31): error C2027: Verwendung des undefinierten Typs "WorldPackets::Item" [I:\TrinityCore\_integ-12_1_all\build\src\server\game\game.vcxproj]
  (Quelldatei „../../../../src/server/game/Server/Packets/InspectPackets.cpp“ wird kompiliert)
      I:\TrinityCore\_integ-12_1_all\src\server\game\Server\Packets\InspectPackets.h(31,7):
      Siehe Deklaration von "WorldPackets::Item"
  
I:\TrinityCore\_integ-12_1_all\src\server\game\Server\Packets\InspectPackets.h(73,31): error C2065: "ItemGemData": nichtdeklarierter Bezeichner [I:\TrinityCore\_integ-12_1_all\build\src\server\game\game.vcxproj]
  (Quelldatei „../../../../src/server/game/Server/Packets/InspectPackets.cpp“ wird kompiliert)
  
I:\TrinityCore\_integ-12_1_all\src\server\game\Server\Packets\InspectPackets.h(73,18): error C2923: „std::vector“: „ItemGemData“ ist kein gültiges Vorlage-Typargument für Parameter „_Ty“. [I:\TrinityCore\_integ-12_1_all\build\src\server\game\game.vcxproj]
  (Quelldatei „../../../../src/server/game/Server/Packets/InspectPackets.cpp“ wird kompiliert)
      I:\TrinityCore\_integ-12_1_all\src\server\game\Server\Packets\InspectPackets.h(73,31):
      Siehe Deklaration von "ItemGemData"
  
I:\TrinityCore\_integ-12_1_all\src\server\game\Server\Packets\InspectPackets.h(73,18): error C2976: „std::vector“: Nicht genügend Vorlage-Argumente [I:\TrinityCore\_integ-12_1_all\build\src\server\game\game.vcxproj]
  (Quelldatei „../../../../src/server/game/Server/Packets/InspectPackets.cpp“ wird kompiliert)
      C:\Program Files\Microsoft Visual Studio\2022\Enterprise\VC\Tools\MSVC\14.44.35207\include\vector(442,7):
      Siehe Deklaration von "std::vector"
  
I:\TrinityCore\_integ-12_1_all\src\server\game\Server\Packets\InspectPackets.h(73,44): error C2955: "std::vector" : Für die Verwendung von Klasse Vorlage ist eine Vorlage-Argumentliste erforderlich [I:\TrinityCore\_integ-12_1_all\build\src\server\game\game.vcxproj]
  (Quelldatei „../../../../src/server/game/Server/Packets/InspectPackets.cpp“ wird kompiliert)
      C:\Program Files\Microsoft Visual Studio\2022\Enterprise\VC\Tools\MSVC\14.44.35207\include\vector(442,7):
      Siehe Deklaration von "std::vector"
  
  MajorFactionPackets.cpp
  MiscPackets.cpp
  MovementPackets.cpp
  MythicPlusPacketsCommon.cpp
  NPCPackets.cpp
  PacketUtilities.cpp
I:\TrinityCore\_integ-12_1_all\src\server\game\Entities\Item\AzeriteItem\AzeriteItem.h(29,46): error C2504: "WorldPackets::Item": Basisklasse undefiniert [I:\TrinityCore\_integ-12_1_all\build\src\server\game\game.vcxproj]
  (Quelldatei „../../../../src/server/game/Server/Packets/InspectPackets.cpp“ wird kompiliert)
  
I:\TrinityCore\_integ-12_1_all\src\server\game\Entities\Item\AzeriteItem\AzeriteItem.h(58,23): error C2143: Syntaxfehler: Es fehlt ";" vor "const" [I:\TrinityCore\_integ-12_1_all\build\src\server\game\game.vcxproj]
  (Quelldatei „../../../../src/server/game/Server/Packets/InspectPackets.cpp“ wird kompiliert)
  
I:\TrinityCore\_integ-12_1_all\src\server\game\Entities\Item\AzeriteItem\AzeriteItem.h(58,12): error C4430: Fehlender Typspezifizierer - int wird angenommen. Hinweis: "default-int" wird von C++ nicht unterstützt. [I:\TrinityCore\_integ-12_1_all\build\src\server\game\game.vcxproj]
  (Quelldatei „../../../../src/server/game/Server/Packets/InspectPackets.cpp“ wird kompiliert)
  
I:\TrinityCore\_integ-12_1_all\src\server\game\Entities\Item\AzeriteItem\AzeriteItem.h(58,23): error C4430: Fehlender Typspezifizierer - int wird angenommen. Hinweis: "default-int" wird von C++ nicht unterstützt. [I:\TrinityCore\_integ-12_1_all\build\src\server\game\game.vcxproj]
  (Quelldatei „../../../../src/server/game/Server/Packets/InspectPackets.cpp“ wird kompiliert)
  
I:\TrinityCore\_integ-12_1_all\src\server\game\Entities\Item\AzeriteItem\AzeriteItem.h(71,9): error C2039: "SelectedAzeriteEssences" ist kein Member von "WorldPackets::UF". [I:\TrinityCore\_integ-12_1_all\build\src\server\game\game.vcxproj]
  (Quelldatei „../../../../src/server/game/Server/Packets/InspectPackets.cpp“ wird kompiliert)
      I:\TrinityCore\_integ-12_1_all\src\server\game\Server\Packets\TraitPacketsCommon.h(26,11):
      Siehe Deklaration von "WorldPackets::UF"
  
I:\TrinityCore\_integ-12_1_all\src\server\game\Entities\Item\AzeriteItem\AzeriteItem.h(71,33): error C2143: Syntaxfehler: Es fehlt ";" vor "const" [I:\TrinityCore\_integ-12_1_all\build\src\server\game\game.vcxproj]
  (Quelldatei „../../../../src/server/game/Server/Packets/InspectPackets.cpp“ wird kompiliert)
  
I:\TrinityCore\_integ-12_1_all\src\server\game\Entities\Item\AzeriteItem\AzeriteItem.h(71,9): error C4430: Fehlender Typspezifizierer - int wird angenommen. Hinweis: "default-int" wird von C++ nicht unterstützt. [I:\TrinityCore\_integ-12_1_all\build\src\server\game\game.vcxproj]
  (Quelldatei „../../../../src/server/game/Server/Packets/InspectPackets.cpp“ wird kompiliert)
  
I:\TrinityCore\_integ-12_1_all\src\server\game\Entities\Item\AzeriteItem\AzeriteItem.h(71,33): error C4430: Fehlender Typspezifizierer - int wird angenommen. Hinweis: "default-int" wird von C++ nicht unterstützt. [I:\TrinityCore\_integ-12_1_all\build\src\server\game\game.vcxproj]
  (Quelldatei „../../../../src/server/game/Server/Packets/InspectPackets.cpp“ wird kompiliert)
  
I:\TrinityCore\_integ-12_1_all\src\server\game\Entities\Item\AzeriteItem\AzeriteItem.h(77,32): error C2039: "UpdateFieldFlag" ist kein Member von "WorldPackets::UF". [I:\TrinityCore\_integ-12_1_all\build\src\server\game\game.vcxproj]
  (Quelldatei „../../../../src/server/game/Server/Packets/InspectPackets.cpp“ wird kompiliert)
      I:\TrinityCore\_integ-12_1_all\src\server\game\Server\Packets\TraitPacketsCommon.h(26,11):
      Siehe Deklaration von "WorldPackets::UF"
  
I:\TrinityCore\_integ-12_1_all\src\server\game\Entities\Item\AzeriteItem\AzeriteItem.h(77,32): error C2061: Syntaxfehler: Bezeichner "UpdateFieldFlag" [I:\TrinityCore\_integ-12_1_all\build\src\server\game\game.vcxproj]
  (Quelldatei „../../../../src/server/game/Server/Packets/InspectPackets.cpp“ wird kompiliert)
  
I:\TrinityCore\_integ-12_1_all\src\server\game\Entities\Item\AzeriteItem\AzeriteItem.h(78,32): error C2039: "UpdateFieldFlag" ist kein Member von "WorldPackets::UF". [I:\TrinityCore\_integ-12_1_all\build\src\server\game\game.vcxproj]
  (Quelldatei „../../../../src/server/game/Server/Packets/InspectPackets.cpp“ wird kompiliert)
      I:\TrinityCore\_integ-12_1_all\src\server\game\Server\Packets\TraitPacketsCommon.h(26,11):
      Siehe Deklaration von "WorldPackets::UF"
  
I:\TrinityCore\_integ-12_1_all\src\server\game\Entities\Item\AzeriteItem\AzeriteItem.h(78,32): error C2061: Syntaxfehler: Bezeichner "UpdateFieldFlag" [I:\TrinityCore\_integ-12_1_all\build\src\server\game\game.vcxproj]
  (Quelldatei „../../../../src/server/game/Server/Packets/InspectPackets.cpp“ wird kompiliert)
  
I:\TrinityCore\_integ-12_1_all\src\server\game\Entities\Item\AzeriteItem\AzeriteItem.h(82,40): error C2039: "UpdateFieldFlag" ist kein Member von "WorldPackets::UF". [I:\TrinityCore\_integ-12_1_all\build\src\server\game\game.vcxproj]
  (Quelldatei „../../../../src/server/game/Server/Packets/InspectPackets.cpp“ wird kompiliert)
      I:\TrinityCore\_integ-12_1_all\src\server\game\Server\Packets\TraitPacketsCommon.h(26,11):
      Siehe Deklaration von "WorldPackets::UF"
  
I:\TrinityCore\_integ-12_1_all\src\server\game\Entities\Item\AzeriteItem\AzeriteItem.h(82,40): error C2061: Syntaxfehler: Bezeichner "UpdateFieldFlag" [I:\TrinityCore\_integ-12_1_all\build\src\server\game\game.vcxproj]
  (Quelldatei „../../../../src/server/game/Server/Packets/InspectPackets.cpp“ wird kompiliert)
  
I:\TrinityCore\_integ-12_1_all\src\server\game\Entities\Item\AzeriteItem\AzeriteItem.h(83,67): error C3083: "ObjectData": Das Symbol links neben "::" muss ein Typ sein. [I:\TrinityCore\_integ-12_1_all\build\src\server\game\game.vcxproj]
  (Quelldatei „../../../../src/server/game/Server/Packets/InspectPackets.cpp“ wird kompiliert)
  
  PartyPackets.cpp
  PerksProgramPackets.cpp
I:\TrinityCore\_integ-12_1_all\src\server\game\Entities\Item\AzeriteItem\AzeriteItem.h(83,79): error C2039: "Mask" ist kein Member von "WorldPackets::UF". [I:\TrinityCore\_integ-12_1_all\build\src\server\game\game.vcxproj]
  (Quelldatei „../../../../src/server/game/Server/Packets/InspectPackets.cpp“ wird kompiliert)
      I:\TrinityCore\_integ-12_1_all\src\server\game\Server\Packets\TraitPacketsCommon.h(26,11):
      Siehe Deklaration von "WorldPackets::UF"
  
I:\TrinityCore\_integ-12_1_all\src\server\game\Entities\Item\AzeriteItem\AzeriteItem.h(83,79): error C2061: Syntaxfehler: Bezeichner "Mask" [I:\TrinityCore\_integ-12_1_all\build\src\server\game\game.vcxproj]
  (Quelldatei „../../../../src/server/game/Server/Packets/InspectPackets.cpp“ wird kompiliert)
  
I:\TrinityCore\_integ-12_1_all\src\server\game\Entities\Item\AzeriteItem\AzeriteItem.h(91,13): error C3083: "ObjectData": Das Symbol links neben "::" muss ein Typ sein. [I:\TrinityCore\_integ-12_1_all\build\src\server\game\game.vcxproj]
  (Quelldatei „../../../../src/server/game/Server/Packets/InspectPackets.cpp“ wird kompiliert)
  
I:\TrinityCore\_integ-12_1_all\src\server\game\Entities\Item\AzeriteItem\AzeriteItem.h(91,25): error C2039: "Base" ist kein Member von "WorldPackets::UF". [I:\TrinityCore\_integ-12_1_all\build\src\server\game\game.vcxproj]
  (Quelldatei „../../../../src/server/game/Server/Packets/InspectPackets.cpp“ wird kompiliert)
      I:\TrinityCore\_integ-12_1_all\src\server\game\Server\Packets\TraitPacketsCommon.h(26,11):
      Siehe Deklaration von "WorldPackets::UF"
  
I:\TrinityCore\_integ-12_1_all\src\server\game\Entities\Item\AzeriteItem\AzeriteItem.h(91,30): error C3646: "ObjectMask": Unbekannter Überschreibungsspezifizierer [I:\TrinityCore\_integ-12_1_all\build\src\server\game\game.vcxproj]
  (Quelldatei „../../../../src/server/game/Server/Packets/InspectPackets.cpp“ wird kompiliert)
  
I:\TrinityCore\_integ-12_1_all\src\server\game\Entities\Item\AzeriteItem\AzeriteItem.h(91,25): error C4430: Fehlender Typspezifizierer - int wird angenommen. Hinweis: "default-int" wird von C++ nicht unterstützt. [I:\TrinityCore\_integ-12_1_all\build\src\server\game\game.vcxproj]
  (Quelldatei „../../../../src/server/game/Server/Packets/InspectPackets.cpp“ wird kompiliert)
  
I:\TrinityCore\_integ-12_1_all\src\server\game\Entities\Item\AzeriteItem\AzeriteItem.h(92,13): error C3083: "ItemData": Das Symbol links neben "::" muss ein Typ sein. [I:\TrinityCore\_integ-12_1_all\build\src\server\game\game.vcxproj]
  (Quelldatei „../../../../src/server/game/Server/Packets/InspectPackets.cpp“ wird kompiliert)
  
I:\TrinityCore\_integ-12_1_all\src\server\game\Entities\Item\AzeriteItem\AzeriteItem.h(92,23): error C2039: "Base" ist kein Member von "WorldPackets::UF". [I:\TrinityCore\_integ-12_1_all\build\src\server\game\game.vcxproj]
  (Quelldatei „../../../../src/server/game/Server/Packets/InspectPackets.cpp“ wird kompiliert)
      I:\TrinityCore\_integ-12_1_all\src\server\game\Server\Packets\TraitPacketsCommon.h(26,11):
      Siehe Deklaration von "WorldPackets::UF"
  
I:\TrinityCore\_integ-12_1_all\src\server\game\Entities\Item\AzeriteItem\AzeriteItem.h(92,28): error C3646: "ItemMask": Unbekannter Überschreibungsspezifizierer [I:\TrinityCore\_integ-12_1_all\build\src\server\game\game.vcxproj]
  (Quelldatei „../../../../src/server/game/Server/Packets/InspectPackets.cpp“ wird kompiliert)
  
I:\TrinityCore\_integ-12_1_all\src\server\game\Entities\Item\AzeriteItem\AzeriteItem.h(92,23): error C4430: Fehlender Typspezifizierer - int wird angenommen. Hinweis: "default-int" wird von C++ nicht unterstützt. [I:\TrinityCore\_integ-12_1_all\build\src\server\game\game.vcxproj]
  (Quelldatei „../../../../src/server/game/Server/Packets/InspectPackets.cpp“ wird kompiliert)
  
I:\TrinityCore\_integ-12_1_all\src\server\game\Entities\Item\AzeriteItem\AzeriteItem.h(93,13): error C3083: "AzeriteItemData": Das Symbol links neben "::" muss ein Typ sein. [I:\TrinityCore\_integ-12_1_all\build\src\server\game\game.vcxproj]
  (Quelldatei „../../../../src/server/game/Server/Packets/InspectPackets.cpp“ wird kompiliert)
  
I:\TrinityCore\_integ-12_1_all\src\server\game\Entities\Item\AzeriteItem\AzeriteItem.h(93,30): error C2039: "Base" ist kein Member von "WorldPackets::UF". [I:\TrinityCore\_integ-12_1_all\build\src\server\game\game.vcxproj]
  (Quelldatei „../../../../src/server/game/Server/Packets/InspectPackets.cpp“ wird kompiliert)
      I:\TrinityCore\_integ-12_1_all\src\server\game\Server\Packets\TraitPacketsCommon.h(26,11):
      Siehe Deklaration von "WorldPackets::UF"
  
I:\TrinityCore\_integ-12_1_all\src\server\game\Entities\Item\AzeriteItem\AzeriteItem.h(93,35): error C3646: "AzeriteItemMask": Unbekannter Überschreibungsspezifizierer [I:\TrinityCore\_integ-12_1_all\build\src\server\game\game.vcxproj]
  (Quelldatei „../../../../src/server/game/Server/Packets/InspectPackets.cpp“ wird kompiliert)
  
I:\TrinityCore\_integ-12_1_all\src\server\game\Entities\Item\AzeriteItem\AzeriteItem.h(93,30): error C4430: Fehlender Typspezifizierer - int wird angenommen. Hinweis: "default-int" wird von C++ nicht unterstützt. [I:\TrinityCore\_integ-12_1_all\build\src\server\game\game.vcxproj]
  (Quelldatei „../../../../src/server/game/Server/Packets/InspectPackets.cpp“ wird kompiliert)
  
I:\TrinityCore\_integ-12_1_all\src\server\game\Entities\Item\AzeriteItem\AzeriteItem.h(99,9): error C2039: "UpdateField" ist kein Member von "WorldPackets::UF". [I:\TrinityCore\_integ-12_1_all\build\src\server\game\game.vcxproj]
  (Quelldatei „../../../../src/server/game/Server/Packets/InspectPackets.cpp“ wird kompiliert)
      I:\TrinityCore\_integ-12_1_all\src\server\game\Server\Packets\TraitPacketsCommon.h(26,11):
      Siehe Deklaration von "WorldPackets::UF"
  
I:\TrinityCore\_integ-12_1_all\src\server\game\Entities\Item\AzeriteItem\AzeriteItem.h(99,25): error C2039: "AzeriteItemData" ist kein Member von "WorldPackets::UF". [I:\TrinityCore\_integ-12_1_all\build\src\server\game\game.vcxproj]
  (Quelldatei „../../../../src/server/game/Server/Packets/InspectPackets.cpp“ wird kompiliert)
      I:\TrinityCore\_integ-12_1_all\src\server\game\Server\Packets\TraitPacketsCommon.h(26,11):
      Siehe Deklaration von "WorldPackets::UF"
  
I:\TrinityCore\_integ-12_1_all\src\server\game\Entities\Item\AzeriteItem\AzeriteItem.h(99,25): error C2275: "AzeriteItemData": Es wurde ein Ausdruck anstelle eines Typs erwartet [I:\TrinityCore\_integ-12_1_all\build\src\server\game\game.vcxproj]
  (Quelldatei „../../../../src/server/game/Server/Packets/InspectPackets.cpp“ wird kompiliert)
      I:\TrinityCore\_integ-12_1_all\src\server\game\Entities\Item\AzeriteItem\AzeriteItem.h(99,25):
      Präfix für qualifizierte ID mit „typename“ zum Angeben eines Typs
  
I:\TrinityCore\_integ-12_1_all\src\server\game\Entities\Item\AzeriteItem\AzeriteItem.h(99,9): error C7568: Nach der angenommenen Funktionsvorlage "UpdateField" fehlt die Argumentliste. [I:\TrinityCore\_integ-12_1_all\build\src\server\game\game.vcxproj]
  (Quelldatei „../../../../src/server/game/Server/Packets/InspectPackets.cpp“ wird kompiliert)
  
I:\TrinityCore\_integ-12_1_all\src\server\game\Entities\Item\AzeriteItem\AzeriteItem.h(99,9): error C2062: "<error type>"-Typ unerwartet [I:\TrinityCore\_integ-12_1_all\build\src\server\game\game.vcxproj]
  (Quelldatei „../../../../src/server/game/Server/Packets/InspectPackets.cpp“ wird kompiliert)
  
I:\TrinityCore\_integ-12_1_all\src\server\game\Entities\Item\AzeriteItem\AzeriteItem.h(99,120): error C2238: Unerwartete(s) Token vor ";" [I:\TrinityCore\_integ-12_1_all\build\src\server\game\game.vcxproj]
  (Quelldatei „../../../../src/server/game/Server/Packets/InspectPackets.cpp“ wird kompiliert)
  
I:\TrinityCore\_integ-12_1_all\src\server\game\Entities\Item\AzeriteItem\AzeriteItem.h(34,10): error C3668: "WorldPackets::AzeriteItem::Create": Die Methode mit dem Überschreibungsspezifizierer "override" hat keine Basisklassenmethoden überschrieben. [I:\TrinityCore\_integ-12_1_all\build\src\server\game\game.vcxproj]
  (Quelldatei „../../../../src/server/game/Server/Packets/InspectPackets.cpp“ wird kompiliert)
  
I:\TrinityCore\_integ-12_1_all\src\server\game\Entities\Item\AzeriteItem\AzeriteItem.h(36,10): error C3668: "WorldPackets::AzeriteItem::SaveToDB": Die Methode mit dem Überschreibungsspezifizierer "override" hat keine Basisklassenmethoden überschrieben. [I:\TrinityCore\_integ-12_1_all\build\src\server\game\game.vcxproj]
  (Quelldatei „../../../../src/server/game/Server/Packets/InspectPackets.cpp“ wird kompiliert)
  
I:\TrinityCore\_integ-12_1_all\src\server\game\Entities\Item\AzeriteItem\AzeriteItem.h(39,10): error C3668: "WorldPackets::AzeriteItem::DeleteFromDB": Die Methode mit dem Überschreibungsspezifizierer "override" hat keine Basisklassenmethoden überschrieben. [I:\TrinityCore\_integ-12_1_all\build\src\server\game\game.vcxproj]
  (Quelldatei „../../../../src/server/game/Server/Packets/InspectPackets.cpp“ wird kompiliert)
  
I:\TrinityCore\_integ-12_1_all\src\server\game\Entities\Item\AzeriteItem\AzeriteItem.h(77,10): error C3668: "WorldPackets::AzeriteItem::BuildValuesCreate": Die Methode mit dem Überschreibungsspezifizierer "override" hat keine Basisklassenmethoden überschrieben. [I:\TrinityCore\_integ-12_1_all\build\src\server\game\game.vcxproj]
  (Quelldatei „../../../../src/server/game/Server/Packets/InspectPackets.cpp“ wird kompiliert)
  
I:\TrinityCore\_integ-12_1_all\src\server\game\Entities\Item\AzeriteItem\AzeriteItem.h(78,10): error C3668: "WorldPackets::AzeriteItem::BuildValuesUpdate": Die Methode mit dem Überschreibungsspezifizierer "override" hat keine Basisklassenmethoden überschrieben. [I:\TrinityCore\_integ-12_1_all\build\src\server\game\game.vcxproj]
  (Quelldatei „../../../../src/server/game/Server/Packets/InspectPackets.cpp“ wird kompiliert)
  
I:\TrinityCore\_integ-12_1_all\src\server\game\Entities\Item\AzeriteItem\AzeriteItem.h(79,10): error C3668: "WorldPackets::AzeriteItem::ClearValuesChangesMask": Die Methode mit dem Überschreibungsspezifizierer "override" hat keine Basisklassenmethoden überschrieben. [I:\TrinityCore\_integ-12_1_all\build\src\server\game\game.vcxproj]
  (Quelldatei „../../../../src/server/game/Server/Packets/InspectPackets.cpp“ wird kompiliert)
  
I:\TrinityCore\_integ-12_1_all\src\server\game\Entities\Item\AzeriteItem\AzeriteItem.h(82,10): error C3668: "WorldPackets::AzeriteItem::BuildValuesUpdateWithFlag": Die Methode mit dem Überschreibungsspezifizierer "override" hat keine Basisklassenmethoden überschrieben. [I:\TrinityCore\_integ-12_1_all\build\src\server\game\game.vcxproj]
  (Quelldatei „../../../../src/server/game/Server/Packets/InspectPackets.cpp“ wird kompiliert)
  
I:\TrinityCore\_integ-12_1_all\src\server\game\Entities\Item\AzeriteItem\AzeriteItem.h(41,38): error C2065: "m_azeriteItemData": nichtdeklarierter Bezeichner [I:\TrinityCore\_integ-12_1_all\build\src\server\game\game.vcxproj]
  (Quelldatei „../../../../src/server/game/Server/Packets/InspectPackets.cpp“ wird kompiliert)
  
I:\TrinityCore\_integ-12_1_all\src\server\game\Entities\Item\AzeriteItem\AzeriteItem.h(44,24): error C2065: "m_azeriteItemData": nichtdeklarierter Bezeichner [I:\TrinityCore\_integ-12_1_all\build\src\server\game\game.vcxproj]
  (Quelldatei „../../../../src/server/game/Server/Packets/InspectPackets.cpp“ wird kompiliert)
  
I:\TrinityCore\_integ-12_1_all\src\server\game\Entities\Item\AzeriteItem\AzeriteItem.h(46,21): error C2065: "m_azeriteItemData": nichtdeklarierter Bezeichner [I:\TrinityCore\_integ-12_1_all\build\src\server\game\game.vcxproj]
  (Quelldatei „../../../../src/server/game/Server/Packets/InspectPackets.cpp“ wird kompiliert)
  
I:\TrinityCore\_integ-12_1_all\src\server\game\Entities\Item\AzeriteItem\AzeriteItem.h(61,89): error C2065: "m_azeriteItemData": nichtdeklarierter Bezeichner [I:\TrinityCore\_integ-12_1_all\build\src\server\game\game.vcxproj]
  (Quelldatei „../../../../src/server/game/Server/Packets/InspectPackets.cpp“ wird kompiliert)
  
I:\TrinityCore\_integ-12_1_all\src\server\game\Entities\Item\AzeriteItem\AzeriteItem.h(64,36): error C2065: "m_values": nichtdeklarierter Bezeichner [I:\TrinityCore\_integ-12_1_all\build\src\server\game\game.vcxproj]
  (Quelldatei „../../../../src/server/game/Server/Packets/InspectPackets.cpp“ wird kompiliert)
  
I:\TrinityCore\_integ-12_1_all\src\server\game\Entities\Item\AzeriteItem\AzeriteItem.h(64,71): error C2039: "m_azeriteItemData" ist kein Member von "WorldPackets::AzeriteItem". [I:\TrinityCore\_integ-12_1_all\build\src\server\game\game.vcxproj]
  (Quelldatei „../../../../src/server/game/Server/Packets/InspectPackets.cpp“ wird kompiliert)
      I:\TrinityCore\_integ-12_1_all\src\server\game\Entities\Item\AzeriteItem\AzeriteItem.h(29,19):
      Siehe Deklaration von "WorldPackets::AzeriteItem"
  
I:\TrinityCore\_integ-12_1_all\src\server\game\Entities\Item\AzeriteItem\AzeriteItem.h(64,71): error C2065: "m_azeriteItemData": nichtdeklarierter Bezeichner [I:\TrinityCore\_integ-12_1_all\build\src\server\game\game.vcxproj]
  (Quelldatei „../../../../src/server/game/Server/Packets/InspectPackets.cpp“ wird kompiliert)
  
I:\TrinityCore\_integ-12_1_all\src\server\game\Entities\Item\AzeriteItem\AzeriteItem.h(65,31): error C3083: "AzeriteItemData": Das Symbol links neben "::" muss ein Typ sein. [I:\TrinityCore\_integ-12_1_all\build\src\server\game\game.vcxproj]
  (Quelldatei „../../../../src/server/game/Server/Packets/InspectPackets.cpp“ wird kompiliert)
  
I:\TrinityCore\_integ-12_1_all\src\server\game\Entities\Item\AzeriteItem\AzeriteItem.h(65,48): error C2039: "UnlockedEssenceMilestones" ist kein Member von "WorldPackets::UF". [I:\TrinityCore\_integ-12_1_all\build\src\server\game\game.vcxproj]
  (Quelldatei „../../../../src/server/game/Server/Packets/InspectPackets.cpp“ wird kompiliert)
      I:\TrinityCore\_integ-12_1_all\src\server\game\Server\Packets\TraitPacketsCommon.h(26,11):
      Siehe Deklaration von "WorldPackets::UF"
  
I:\TrinityCore\_integ-12_1_all\src\server\game\Entities\Item\AzeriteItem\AzeriteItem.h(65,48): error C2065: "UnlockedEssenceMilestones": nichtdeklarierter Bezeichner [I:\TrinityCore\_integ-12_1_all\build\src\server\game\game.vcxproj]
  (Quelldatei „../../../../src/server/game/Server/Packets/InspectPackets.cpp“ wird kompiliert)
  
I:\TrinityCore\_integ-12_1_all\src\server\game\Entities\Item\AzeriteItem\AzeriteItem.h(64,9): error C3861: "AddDynamicUpdateFieldValue": Bezeichner wurde nicht gefunden. [I:\TrinityCore\_integ-12_1_all\build\src\server\game\game.vcxproj]
  (Quelldatei „../../../../src/server/game/Server/Packets/InspectPackets.cpp“ wird kompiliert)
  
  PerksProgramPacketsCommon.cpp
  PetPackets.cpp
I:\TrinityCore\_integ-12_1_all\src\server\game\Server\Packets\InspectPackets.cpp(60,22): error C2039: "Item" ist kein Member von "WorldPackets::WorldPackets::Inspect::InspectItemData". [I:\TrinityCore\_integ-12_1_all\build\src\server\game\game.vcxproj]
  (Quelldatei „../../../../src/server/game/Server/Packets/InspectPackets.cpp“ wird kompiliert)
      I:\TrinityCore\_integ-12_1_all\src\server\game\Server\Packets\InspectPackets.h(64,16):
      Siehe Deklaration von "WorldPackets::WorldPackets::Inspect::InspectItemData"
  
  PetitionPackets.cpp
I:\TrinityCore\_integ-12_1_all\src\server\game\Server\Packets\InspectPackets.cpp(63,13): error C2672: "BitsSize": keine übereinstimmende überladene Funktion gefunden [I:\TrinityCore\_integ-12_1_all\build\src\server\game\game.vcxproj]
  (Quelldatei „../../../../src/server/game/Server/Packets/InspectPackets.cpp“ wird kompiliert)
      I:\TrinityCore\_integ-12_1_all\src\server\game\Server\Packets\PacketOperators.h(272,54):
      kann "WorldPackets::WorldPackets::BitsSizeReaderWriter<BitCount,Container> WorldPackets::WorldPackets::BitsSize(Container &)" sein
          I:\TrinityCore\_integ-12_1_all\src\server\game\Server\Packets\InspectPackets.cpp(63,13):
          Fehler beim Spezialisieren der Funktionsvorlage „WorldPackets::WorldPackets::BitsSizeReaderWriter<BitCount,Container> WorldPackets::WorldPackets::BitsSize(Container &)“
              I:\TrinityCore\_integ-12_1_all\src\server\game\Server\Packets\InspectPackets.cpp(63,13):
              Mit den folgenden Vorlagenargumenten:
                  I:\TrinityCore\_integ-12_1_all\src\server\game\Server\Packets\InspectPackets.cpp(63,13):
                  "BitCount=2"
                  I:\TrinityCore\_integ-12_1_all\src\server\game\Server\Packets\InspectPackets.cpp(63,13):
                  "Container=const std::vector"
              I:\TrinityCore\_integ-12_1_all\src\server\game\Server\Packets\PacketOperators.h(258,31):
              „vector“: nicht spezialisiertes Klasse Vorlage kann nicht als Vorlage-Argument für den Vorlage-Parameter „Container“ verwendet werden, ein echter Typ wurde erwartet.
      I:\TrinityCore\_integ-12_1_all\src\server\game\Server\Packets\PacketOperators.h(269,48):
      oder "WorldPackets::WorldPackets::BitsSizeWriter<BitCount,Container> WorldPackets::WorldPackets::BitsSize(const Container &)"
          I:\TrinityCore\_integ-12_1_all\src\server\game\Server\Packets\InspectPackets.cpp(63,13):
          Fehler beim Spezialisieren der Funktionsvorlage „WorldPackets::WorldPackets::BitsSizeWriter<BitCount,Container> WorldPackets::WorldPackets::BitsSize(const Container &)“
              I:\TrinityCore\_integ-12_1_all\src\server\game\Server\Packets\InspectPackets.cpp(63,13):
              Mit den folgenden Vorlagenargumenten:
                  I:\TrinityCore\_integ-12_1_all\src\server\game\Server\Packets\InspectPackets.cpp(63,13):
                  "BitCount=2"
                  I:\TrinityCore\_integ-12_1_all\src\server\game\Server\Packets\InspectPackets.cpp(63,13):
                  "Container=std::vector"
              I:\TrinityCore\_integ-12_1_all\src\server\game\Server\Packets\PacketOperators.h(246,31):
              „vector“: nicht spezialisiertes Klasse Vorlage kann nicht als Vorlage-Argument für den Vorlage-Parameter „Container“ verwendet werden, ein echter Typ wurde erwartet.
  
I:\TrinityCore\_integ-12_1_all\src\server\game\Server\Packets\InspectPackets.cpp(72,16): error C2027: Verwendung des undefinierten Typs "WorldPackets::Item" [I:\TrinityCore\_integ-12_1_all\build\src\server\game\game.vcxproj]
  (Quelldatei „../../../../src/server/game/Server/Packets/InspectPackets.cpp“ wird kompiliert)
      I:\TrinityCore\_integ-12_1_all\src\server\game\Server\Packets\InspectPackets.h(31,7):
      Siehe Deklaration von "WorldPackets::Item"
  
I:\TrinityCore\_integ-12_1_all\src\server\game\Server\Packets\InspectPackets.cpp(72,16): error C2065: "ItemGemData": nichtdeklarierter Bezeichner [I:\TrinityCore\_integ-12_1_all\build\src\server\game\game.vcxproj]
  (Quelldatei „../../../../src/server/game/Server/Packets/InspectPackets.cpp“ wird kompiliert)
  
I:\TrinityCore\_integ-12_1_all\src\server\game\Server\Packets\InspectPackets.cpp(72,28): error C2143: Syntaxfehler: Es fehlt ";" vor "const" [I:\TrinityCore\_integ-12_1_all\build\src\server\game\game.vcxproj]
  (Quelldatei „../../../../src/server/game/Server/Packets/InspectPackets.cpp“ wird kompiliert)
  
I:\TrinityCore\_integ-12_1_all\src\server\game\Server\Packets\InspectPackets.cpp(72,35): error C2065: "gem": nichtdeklarierter Bezeichner [I:\TrinityCore\_integ-12_1_all\build\src\server\game\game.vcxproj]
  (Quelldatei „../../../../src/server/game/Server/Packets/InspectPackets.cpp“ wird kompiliert)
  
I:\TrinityCore\_integ-12_1_all\src\server\game\Server\Packets\InspectPackets.cpp(72,39): error C2143: Syntaxfehler: Es fehlt ";" vor ":" [I:\TrinityCore\_integ-12_1_all\build\src\server\game\game.vcxproj]
  (Quelldatei „../../../../src/server/game/Server/Packets/InspectPackets.cpp“ wird kompiliert)
  
I:\TrinityCore\_integ-12_1_all\src\server\game\Server\Packets\InspectPackets.cpp(72,39): error C2143: Syntaxfehler: Es fehlt ")" vor ":" [I:\TrinityCore\_integ-12_1_all\build\src\server\game\game.vcxproj]
  (Quelldatei „../../../../src/server/game/Server/Packets/InspectPackets.cpp“ wird kompiliert)
  
I:\TrinityCore\_integ-12_1_all\src\server\game\Server\Packets\InspectPackets.cpp(72,39): error C2059: Syntaxfehler: ":" [I:\TrinityCore\_integ-12_1_all\build\src\server\game\game.vcxproj]
  (Quelldatei „../../../../src/server/game/Server/Packets/InspectPackets.cpp“ wird kompiliert)
  
I:\TrinityCore\_integ-12_1_all\src\server\game\Server\Packets\InspectPackets.cpp(72,54): error C2059: Syntaxfehler: ")" [I:\TrinityCore\_integ-12_1_all\build\src\server\game\game.vcxproj]
  (Quelldatei „../../../../src/server/game/Server/Packets/InspectPackets.cpp“ wird kompiliert)
  
I:\TrinityCore\_integ-12_1_all\src\server\game\Server\Packets\InspectPackets.cpp(95,12): error C2027: Verwendung des undefinierten Typs "WorldPackets::Player" [I:\TrinityCore\_integ-12_1_all\build\src\server\game\game.vcxproj]
  (Quelldatei „../../../../src/server/game/Server/Packets/InspectPackets.cpp“ wird kompiliert)
      I:\TrinityCore\_integ-12_1_all\src\server\game\Server\Packets\InspectPackets.h(32,7):
      Siehe Deklaration von "WorldPackets::Player"
  
I:\TrinityCore\_integ-12_1_all\src\server\game\Server\Packets\InspectPackets.cpp(96,41): error C2027: Verwendung des undefinierten Typs "WorldPackets::Player" [I:\TrinityCore\_integ-12_1_all\build\src\server\game\game.vcxproj]
  (Quelldatei „../../../../src/server/game/Server/Packets/InspectPackets.cpp“ wird kompiliert)
      I:\TrinityCore\_integ-12_1_all\src\server\game\Server\Packets\InspectPackets.h(32,7):
      Siehe Deklaration von "WorldPackets::Player"
  
I:\TrinityCore\_integ-12_1_all\src\server\game\Server\Packets\InspectPackets.cpp(96,24): error C2672: "AsUnderlyingType": keine übereinstimmende überladene Funktion gefunden [I:\TrinityCore\_integ-12_1_all\build\src\server\game\game.vcxproj]
  (Quelldatei „../../../../src/server/game/Server/Packets/InspectPackets.cpp“ wird kompiliert)
      I:\TrinityCore\_integ-12_1_all\src\common\Utilities\Util.h(565,50):
      kann "std::underlying_type<_Ty>::type AsUnderlyingType(E)" sein
  
I:\TrinityCore\_integ-12_1_all\src\server\game\Server\Packets\InspectPackets.cpp(97,24): error C2027: Verwendung des undefinierten Typs "WorldPackets::Player" [I:\TrinityCore\_integ-12_1_all\build\src\server\game\game.vcxproj]
  (Quelldatei „../../../../src/server/game/Server/Packets/InspectPackets.cpp“ wird kompiliert)
      I:\TrinityCore\_integ-12_1_all\src\server\game\Server\Packets\InspectPackets.h(32,7):
      Siehe Deklaration von "WorldPackets::Player"
  
I:\TrinityCore\_integ-12_1_all\src\server\game\Server\Packets\InspectPackets.cpp(98,28): error C2027: Verwendung des undefinierten Typs "WorldPackets::Player" [I:\TrinityCore\_integ-12_1_all\build\src\server\game\game.vcxproj]
  (Quelldatei „../../../../src/server/game/Server/Packets/InspectPackets.cpp“ wird kompiliert)
      I:\TrinityCore\_integ-12_1_all\src\server\game\Server\Packets\InspectPackets.h(32,7):
      Siehe Deklaration von "WorldPackets::Player"
  
I:\TrinityCore\_integ-12_1_all\src\server\game\Server\Packets\InspectPackets.cpp(99,24): error C2027: Verwendung des undefinierten Typs "WorldPackets::Player" [I:\TrinityCore\_integ-12_1_all\build\src\server\game\game.vcxproj]
  (Quelldatei „../../../../src/server/game/Server/Packets/InspectPackets.cpp“ wird kompiliert)
      I:\TrinityCore\_integ-12_1_all\src\server\game\Server\Packets\InspectPackets.h(32,7):
      Siehe Deklaration von "WorldPackets::Player"
  
I:\TrinityCore\_integ-12_1_all\src\server\game\Server\Packets\InspectPackets.cpp(100,27): error C2027: Verwendung des undefinierten Typs "WorldPackets::Player" [I:\TrinityCore\_integ-12_1_all\build\src\server\game\game.vcxproj]
  (Quelldatei „../../../../src/server/game/Server/Packets/InspectPackets.cpp“ wird kompiliert)
      I:\TrinityCore\_integ-12_1_all\src\server\game\Server\Packets\InspectPackets.h(32,7):
      Siehe Deklaration von "WorldPackets::Player"
  
I:\TrinityCore\_integ-12_1_all\src\server\game\Server\Packets\InspectPackets.cpp(102,14): error C2039: "ChrCustomizationChoice" ist kein Member von "WorldPackets::UF". [I:\TrinityCore\_integ-12_1_all\build\src\server\game\game.vcxproj]
  (Quelldatei „../../../../src/server/game/Server/Packets/InspectPackets.cpp“ wird kompiliert)
      I:\TrinityCore\_integ-12_1_all\src\server\game\Server\Packets\TraitPacketsCommon.h(26,11):
      Siehe Deklaration von "WorldPackets::UF"
  
I:\TrinityCore\_integ-12_1_all\src\server\game\Server\Packets\InspectPackets.cpp(102,14): error C2065: "ChrCustomizationChoice": nichtdeklarierter Bezeichner [I:\TrinityCore\_integ-12_1_all\build\src\server\game\game.vcxproj]
  (Quelldatei „../../../../src/server/game/Server/Packets/InspectPackets.cpp“ wird kompiliert)
  
I:\TrinityCore\_integ-12_1_all\src\server\game\Server\Packets\InspectPackets.cpp(102,37): error C2143: Syntaxfehler: Es fehlt ";" vor "const" [I:\TrinityCore\_integ-12_1_all\build\src\server\game\game.vcxproj]
  (Quelldatei „../../../../src/server/game/Server/Packets/InspectPackets.cpp“ wird kompiliert)
  
I:\TrinityCore\_integ-12_1_all\src\server\game\Server\Packets\InspectPackets.cpp(102,44): error C2065: "customization": nichtdeklarierter Bezeichner [I:\TrinityCore\_integ-12_1_all\build\src\server\game\game.vcxproj]
  (Quelldatei „../../../../src/server/game/Server/Packets/InspectPackets.cpp“ wird kompiliert)
  
I:\TrinityCore\_integ-12_1_all\src\server\game\Server\Packets\InspectPackets.cpp(102,58): error C2143: Syntaxfehler: Es fehlt ";" vor ":" [I:\TrinityCore\_integ-12_1_all\build\src\server\game\game.vcxproj]
  (Quelldatei „../../../../src/server/game/Server/Packets/InspectPackets.cpp“ wird kompiliert)
  
I:\TrinityCore\_integ-12_1_all\src\server\game\Server\Packets\InspectPackets.cpp(102,58): error C2143: Syntaxfehler: Es fehlt ")" vor ":" [I:\TrinityCore\_integ-12_1_all\build\src\server\game\game.vcxproj]
  (Quelldatei „../../../../src/server/game/Server/Packets/InspectPackets.cpp“ wird kompiliert)
  
I:\TrinityCore\_integ-12_1_all\src\server\game\Server\Packets\InspectPackets.cpp(102,58): error C2059: Syntaxfehler: ":" [I:\TrinityCore\_integ-12_1_all\build\src\server\game\game.vcxproj]
  (Quelldatei „../../../../src/server/game/Server/Packets/InspectPackets.cpp“ wird kompiliert)
  
I:\TrinityCore\_integ-12_1_all\src\server\game\Server\Packets\InspectPackets.cpp(102,96): error C2059: Syntaxfehler: ")" [I:\TrinityCore\_integ-12_1_all\build\src\server\game\game.vcxproj]
  (Quelldatei „../../../../src/server/game/Server/Packets/InspectPackets.cpp“ wird kompiliert)
  
I:\TrinityCore\_integ-12_1_all\src\server\game\Server\Packets\InspectPackets.cpp(106,28): error C2027: Verwendung des undefinierten Typs "WorldPackets::Player" [I:\TrinityCore\_integ-12_1_all\build\src\server\game\game.vcxproj]
  (Quelldatei „../../../../src/server/game/Server/Packets/InspectPackets.cpp“ wird kompiliert)
      I:\TrinityCore\_integ-12_1_all\src\server\game\Server\Packets\InspectPackets.h(32,7):
      Siehe Deklaration von "WorldPackets::Player"
  
I:\TrinityCore\_integ-12_1_all\src\server\game\Server\Packets\InspectPackets.cpp(168,1): error C2512: "std::vector": Kein geeigneter Standardkonstruktor verfügbar [I:\TrinityCore\_integ-12_1_all\build\src\server\game\game.vcxproj]
  (Quelldatei „../../../../src/server/game/Server/Packets/InspectPackets.cpp“ wird kompiliert)
      C:\Program Files\Microsoft Visual Studio\2022\Enterprise\VC\Tools\MSVC\14.44.35207\include\vector(442,7):
      Siehe Deklaration von "std::vector"
  
I:\TrinityCore\_integ-12_1_all\src\server\game\Server\Packets\InspectPackets.cpp(171,9): error C2059: Syntaxfehler: "." [I:\TrinityCore\_integ-12_1_all\build\src\server\game\game.vcxproj]
  (Quelldatei „../../../../src/server/game/Server/Packets/InspectPackets.cpp“ wird kompiliert)
  
I:\TrinityCore\_integ-12_1_all\src\server\game\Server\Packets\InspectPackets.cpp(180,14): error C2039: "SocketedGem" ist kein Member von "WorldPackets::UF". [I:\TrinityCore\_integ-12_1_all\build\src\server\game\game.vcxproj]
  (Quelldatei „../../../../src/server/game/Server/Packets/InspectPackets.cpp“ wird kompiliert)
      I:\TrinityCore\_integ-12_1_all\src\server\game\Server\Packets\TraitPacketsCommon.h(26,11):
      Siehe Deklaration von "WorldPackets::UF"
  
I:\TrinityCore\_integ-12_1_all\src\server\game\Server\Packets\InspectPackets.cpp(180,14): error C2065: "SocketedGem": nichtdeklarierter Bezeichner [I:\TrinityCore\_integ-12_1_all\build\src\server\game\game.vcxproj]
  (Quelldatei „../../../../src/server/game/Server/Packets/InspectPackets.cpp“ wird kompiliert)
  
I:\TrinityCore\_integ-12_1_all\src\server\game\Server\Packets\InspectPackets.cpp(180,26): error C2143: Syntaxfehler: Es fehlt ";" vor "const" [I:\TrinityCore\_integ-12_1_all\build\src\server\game\game.vcxproj]
  (Quelldatei „../../../../src/server/game/Server/Packets/InspectPackets.cpp“ wird kompiliert)
  
I:\TrinityCore\_integ-12_1_all\src\server\game\Server\Packets\InspectPackets.cpp(180,33): error C2065: "gemData": nichtdeklarierter Bezeichner [I:\TrinityCore\_integ-12_1_all\build\src\server\game\game.vcxproj]
  (Quelldatei „../../../../src/server/game/Server/Packets/InspectPackets.cpp“ wird kompiliert)
  
I:\TrinityCore\_integ-12_1_all\src\server\game\Server\Packets\InspectPackets.cpp(180,41): error C2143: Syntaxfehler: Es fehlt ";" vor ":" [I:\TrinityCore\_integ-12_1_all\build\src\server\game\game.vcxproj]
  (Quelldatei „../../../../src/server/game/Server/Packets/InspectPackets.cpp“ wird kompiliert)
  
I:\TrinityCore\_integ-12_1_all\src\server\game\Server\Packets\InspectPackets.cpp(180,41): error C2143: Syntaxfehler: Es fehlt ")" vor ":" [I:\TrinityCore\_integ-12_1_all\build\src\server\game\game.vcxproj]
  (Quelldatei „../../../../src/server/game/Server/Packets/InspectPackets.cpp“ wird kompiliert)
  
I:\TrinityCore\_integ-12_1_all\src\server\game\Server\Packets\InspectPackets.cpp(180,41): error C2059: Syntaxfehler: ":" [I:\TrinityCore\_integ-12_1_all\build\src\server\game\game.vcxproj]
  (Quelldatei „../../../../src/server/game/Server/Packets/InspectPackets.cpp“ wird kompiliert)
  
I:\TrinityCore\_integ-12_1_all\src\server\game\Server\Packets\InspectPackets.cpp(180,65): error C2059: Syntaxfehler: ")" [I:\TrinityCore\_integ-12_1_all\build\src\server\game\game.vcxproj]
  (Quelldatei „../../../../src/server/game/Server/Packets/InspectPackets.cpp“ wird kompiliert)
  
I:\TrinityCore\_integ-12_1_all\src\server\game\Server\Packets\InspectPackets.cpp(181,5): error C2143: Syntaxfehler: Es fehlt ";" vor "{" [I:\TrinityCore\_integ-12_1_all\build\src\server\game\game.vcxproj]
  (Quelldatei „../../../../src/server/game/Server/Packets/InspectPackets.cpp“ wird kompiliert)
  
I:\TrinityCore\_integ-12_1_all\src\server\game\Server\Packets\InspectPackets.cpp(182,13): error C2065: "gemData": nichtdeklarierter Bezeichner [I:\TrinityCore\_integ-12_1_all\build\src\server\game\game.vcxproj]
  (Quelldatei „../../../../src/server/game/Server/Packets/InspectPackets.cpp“ wird kompiliert)
  
I:\TrinityCore\_integ-12_1_all\src\server\game\Server\Packets\InspectPackets.cpp(184,18): error C2662: "_Ty &std::vector<_Ty,_Alloc>::emplace_back<>(void)": this-Zeiger kann nicht von "std::vector" in "std::vector<_Ty,_Alloc> &" konvertiert werden [I:\TrinityCore\_integ-12_1_all\build\src\server\game\game.vcxproj]
  (Quelldatei „../../../../src/server/game/Server/Packets/InspectPackets.cpp“ wird kompiliert)
      I:\TrinityCore\_integ-12_1_all\src\server\game\Server\Packets\InspectPackets.cpp(184,13):
      Ursache: Konvertierung von "std::vector" in "std::vector<_Ty,_Alloc>" nicht möglich
      I:\TrinityCore\_integ-12_1_all\src\server\game\Server\Packets\InspectPackets.cpp(184,13):
      Konvertierung erfordert einen zweiten benutzerdefinierten Konvertierungsoperator oder Konstruktor
      C:\Program Files\Microsoft Visual Studio\2022\Enterprise\VC\Tools\MSVC\14.44.35207\include\vector(922,44):
      Siehe Deklaration von "std::vector<_Ty,_Alloc>::emplace_back"
      I:\TrinityCore\_integ-12_1_all\src\server\game\Server\Packets\InspectPackets.cpp(184,18):
      bei Anpassung der Argumentliste "()"
  
I:\TrinityCore\_integ-12_1_all\src\server\game\Server\Packets\InspectPackets.cpp(186,19): error C2027: Verwendung des undefinierten Typs "WorldPackets::Item" [I:\TrinityCore\_integ-12_1_all\build\src\server\game\game.vcxproj]
  (Quelldatei „../../../../src/server/game/Server/Packets/InspectPackets.cpp“ wird kompiliert)
      I:\TrinityCore\_integ-12_1_all\src\server\game\Server\Packets\InspectPackets.h(31,7):
      Siehe Deklaration von "WorldPackets::Item"
  
I:\TrinityCore\_integ-12_1_all\src\server\game\Server\Packets\InspectPackets.cpp(186,19): error C2065: "ItemGemData": nichtdeklarierter Bezeichner [I:\TrinityCore\_integ-12_1_all\build\src\server\game\game.vcxproj]
  (Quelldatei „../../../../src/server/game/Server/Packets/InspectPackets.cpp“ wird kompiliert)
  
I:\TrinityCore\_integ-12_1_all\src\server\game\Server\Packets\InspectPackets.cpp(186,32): error C2065: "gem": nichtdeklarierter Bezeichner [I:\TrinityCore\_integ-12_1_all\build\src\server\game\game.vcxproj]
  (Quelldatei „../../../../src/server/game/Server/Packets/InspectPackets.cpp“ wird kompiliert)
  
I:\TrinityCore\_integ-12_1_all\src\server\game\Server\Packets\InspectPackets.cpp(186,43): error C2663: "std::vector<_Ty,_Alloc>::back": Keine überladene Funktion weist eine gültige Konvertierung für den "this"-Zeiger auf [I:\TrinityCore\_integ-12_1_all\build\src\server\game\game.vcxproj]
  (Quelldatei „../../../../src/server/game/Server/Packets/InspectPackets.cpp“ wird kompiliert)
      C:\Program Files\Microsoft Visual Studio\2022\Enterprise\VC\Tools\MSVC\14.44.35207\include\vector(1992,40):
      kann "const _Ty &std::vector<_Ty,_Alloc>::back(void) noexcept const" sein
          I:\TrinityCore\_integ-12_1_all\src\server\game\Server\Packets\InspectPackets.cpp(186,43):
          "const _Ty &std::vector<_Ty,_Alloc>::back(void) noexcept const": this-Zeiger kann nicht von "std::vector" in "const std::vector<_Ty,_Alloc> &" konvertiert werden
              I:\TrinityCore\_integ-12_1_all\src\server\game\Server\Packets\InspectPackets.cpp(186,38):
              Ursache: Konvertierung von "std::vector" in "const std::vector<_Ty,_Alloc>" nicht möglich
              I:\TrinityCore\_integ-12_1_all\src\server\game\Server\Packets\InspectPackets.cpp(186,38):
              Konvertierung erfordert einen zweiten benutzerdefinierten Konvertierungsoperator oder Konstruktor
      C:\Program Files\Microsoft Visual Studio\2022\Enterprise\VC\Tools\MSVC\14.44.35207\include\vector(1983,34):
      oder "_Ty &std::vector<_Ty,_Alloc>::back(void) noexcept"
          I:\TrinityCore\_integ-12_1_all\src\server\game\Server\Packets\InspectPackets.cpp(186,43):
          "_Ty &std::vector<_Ty,_Alloc>::back(void) noexcept": this-Zeiger kann nicht von "std::vector" in "std::vector<_Ty,_Alloc> &" konvertiert werden
              I:\TrinityCore\_integ-12_1_all\src\server\game\Server\Packets\InspectPackets.cpp(186,38):
              Ursache: Konvertierung von "std::vector" in "std::vector<_Ty,_Alloc>" nicht möglich
              I:\TrinityCore\_integ-12_1_all\src\server\game\Server\Packets\InspectPackets.cpp(186,38):
              Konvertierung erfordert einen zweiten benutzerdefinierten Konvertierungsoperator oder Konstruktor
      I:\TrinityCore\_integ-12_1_all\src\server\game\Server\Packets\InspectPackets.cpp(186,43):
      bei Anpassung der Argumentliste "()"
  
I:\TrinityCore\_integ-12_1_all\src\server\game\Server\Packets\InspectPackets.cpp(186,43): error C1003: Mehr als 100 Fehler gefunden; Kompilierung wird abgebrochen. [I:\TrinityCore\_integ-12_1_all\build\src\server\game\game.vcxproj]
  (Quelldatei „../../../../src/server/game/Server/Packets/InspectPackets.cpp“ wird kompiliert)
  
  PlayerChoicePackets.cpp
  QueryPackets.cpp
  QuestPackets.cpp
  RecentAllyPackets.cpp
  ReferAFriendPackets.cpp
  ReputationPackets.cpp
  ScenarioPackets.cpp
  ScenePackets.cpp
  SocialPackets.cpp
  SpellPackets.cpp
  SystemPackets.cpp
  TalentPackets.cpp
  TaxiPackets.cpp
  TicketPackets.cpp
I:\TrinityCore\_integ-12_1_all\src\server\game\Server\Packets\CharacterPackets.h(1011,1): error C2059: Syntaxfehler: "}" [I:\TrinityCore\_integ-12_1_all\build\src\server\game\game.vcxproj]
  (Quelldatei „../../../../src/server/game/Server/Packets/LobbyMatchmakerPackets.cpp“ wird kompiliert)
  
I:\TrinityCore\_integ-12_1_all\src\server\game\Server\Packets\CharacterPackets.h(1011,1): error C2143: Syntaxfehler: Es fehlt ";" vor "}" [I:\TrinityCore\_integ-12_1_all\build\src\server\game\game.vcxproj]
  (Quelldatei „../../../../src/server/game/Server/Packets/LobbyMatchmakerPackets.cpp“ wird kompiliert)
  
  TokenPackets.cpp
  TotemPackets.cpp
  ToyPackets.cpp
I:\TrinityCore\_integ-12_1_all\src\server\game\Server\Packets\CharacterPackets.h(44,1): error C1075: {: kein übereinstimmendes Token gefunden. [I:\TrinityCore\_integ-12_1_all\build\src\server\game\game.vcxproj]
  (Quelldatei „../../../../src/server/game/Server/Packets/LobbyMatchmakerPackets.cpp“ wird kompiliert)
  
  TradePackets.cpp
  TraitPackets.cpp
  TraitPacketsCommon.cpp
I:\TrinityCore\_integ-12_1_all\src\server\game\Server\Packets\QuestPackets.cpp(1047,43): error C2601: "WorldPackets::Quest::AreaPoiUpdateResponse::Write": Lokale Funktionsdefinitionen sind unzulässig [I:\TrinityCore\_integ-12_1_all\build\src\server\game\game.vcxproj]
  (Quelldatei „../../../../src/server/game/Server/Packets/QuestPackets.cpp“ wird kompiliert)
      I:\TrinityCore\_integ-12_1_all\src\server\game\Server\Packets\QuestPackets.cpp(1043,1):
      Diese Zeile enthält eine "{", die keine Entsprechung hat.
  
I:\TrinityCore\_integ-12_1_all\src\server\game\Server\Packets\QuestPackets.cpp(22,1): error C1075: {: kein übereinstimmendes Token gefunden. [I:\TrinityCore\_integ-12_1_all\build\src\server\game\game.vcxproj]
  (Quelldatei „../../../../src/server/game/Server/Packets/QuestPackets.cpp“ wird kompiliert)
  
  TransmogrificationPackets.cpp
  VehiclePackets.cpp
  VignettePackets.cpp
I:\TrinityCore\_integ-12_1_all\src\server\game\Server\Packets\CharacterPackets.h(1011,1): error C2059: Syntaxfehler: "}" [I:\TrinityCore\_integ-12_1_all\build\src\server\game\game.vcxproj]
  (Quelldatei „../../../../src/server/game/Server/Packets/SpellPackets.cpp“ wird kompiliert)
  
I:\TrinityCore\_integ-12_1_all\src\server\game\Server\Packets\CharacterPackets.h(1011,1): error C2143: Syntaxfehler: Es fehlt ";" vor "}" [I:\TrinityCore\_integ-12_1_all\build\src\server\game\game.vcxproj]
  (Quelldatei „../../../../src/server/game/Server/Packets/SpellPackets.cpp“ wird kompiliert)
  
  VoiceChatPackets.cpp
  VoidStoragePackets.cpp
  WarfrontPackets.cpp
  WeeklyRewardsPackets.cpp
  WhoPackets.cpp
  WorldStatePackets.cpp
  Opcodes.cpp
  PacketLog.cpp
  BlockListService.cpp
I:\TrinityCore\_integ-12_1_all\src\server\game\Server\Packets\SpellPackets.cpp(25,6): error C2653: "CancelAura": Keine Klasse oder Namespace [I:\TrinityCore\_integ-12_1_all\build\src\server\game\game.vcxproj]
  (Quelldatei „../../../../src/server/game/Server/Packets/SpellPackets.cpp“ wird kompiliert)
  
I:\TrinityCore\_integ-12_1_all\src\server\game\Server\Packets\SpellPackets.cpp(27,5): error C2065: "_worldPacket": nichtdeklarierter Bezeichner [I:\TrinityCore\_integ-12_1_all\build\src\server\game\game.vcxproj]
  (Quelldatei „../../../../src/server/game/Server/Packets/SpellPackets.cpp“ wird kompiliert)
  
I:\TrinityCore\_integ-12_1_all\src\server\game\Server\Packets\SpellPackets.cpp(27,21): error C2065: "SpellID": nichtdeklarierter Bezeichner [I:\TrinityCore\_integ-12_1_all\build\src\server\game\game.vcxproj]
  (Quelldatei „../../../../src/server/game/Server/Packets/SpellPackets.cpp“ wird kompiliert)
  
I:\TrinityCore\_integ-12_1_all\src\server\game\Server\Packets\SpellPackets.cpp(28,5): error C2065: "_worldPacket": nichtdeklarierter Bezeichner [I:\TrinityCore\_integ-12_1_all\build\src\server\game\game.vcxproj]
  (Quelldatei „../../../../src/server/game/Server/Packets/SpellPackets.cpp“ wird kompiliert)
  
I:\TrinityCore\_integ-12_1_all\src\server\game\Server\Packets\SpellPackets.cpp(28,21): error C2065: "CasterGUID": nichtdeklarierter Bezeichner [I:\TrinityCore\_integ-12_1_all\build\src\server\game\game.vcxproj]
  (Quelldatei „../../../../src/server/game/Server/Packets/SpellPackets.cpp“ wird kompiliert)
  
I:\TrinityCore\_integ-12_1_all\src\server\game\Server\Packets\SpellPackets.cpp(31,6): error C2653: "CancelChannelling": Keine Klasse oder Namespace [I:\TrinityCore\_integ-12_1_all\build\src\server\game\game.vcxproj]
  (Quelldatei „../../../../src/server/game/Server/Packets/SpellPackets.cpp“ wird kompiliert)
  
I:\TrinityCore\_integ-12_1_all\src\server\game\Server\Packets\SpellPackets.cpp(31,25): error C2084: Funktion "void WorldPackets::WorldPackets::Spells::Read(void)" hat bereits einen Funktionsrumpf [I:\TrinityCore\_integ-12_1_all\build\src\server\game\game.vcxproj]
  (Quelldatei „../../../../src/server/game/Server/Packets/SpellPackets.cpp“ wird kompiliert)
      I:\TrinityCore\_integ-12_1_all\src\server\game\Server\Packets\SpellPackets.cpp(25,18):
      siehe vorherige Definition von "WorldPackets::WorldPackets::Spells::Read"
  
I:\TrinityCore\_integ-12_1_all\src\server\game\Server\Packets\SpellPackets.cpp(33,5): error C2065: "_worldPacket": nichtdeklarierter Bezeichner [I:\TrinityCore\_integ-12_1_all\build\src\server\game\game.vcxproj]
  (Quelldatei „../../../../src/server/game/Server/Packets/SpellPackets.cpp“ wird kompiliert)
  
I:\TrinityCore\_integ-12_1_all\src\server\game\Server\Packets\SpellPackets.cpp(33,21): error C2065: "ChannelSpell": nichtdeklarierter Bezeichner [I:\TrinityCore\_integ-12_1_all\build\src\server\game\game.vcxproj]
  (Quelldatei „../../../../src/server/game/Server/Packets/SpellPackets.cpp“ wird kompiliert)
  
I:\TrinityCore\_integ-12_1_all\src\server\game\Server\Packets\SpellPackets.cpp(34,5): error C2065: "_worldPacket": nichtdeklarierter Bezeichner [I:\TrinityCore\_integ-12_1_all\build\src\server\game\game.vcxproj]
  (Quelldatei „../../../../src/server/game/Server/Packets/SpellPackets.cpp“ wird kompiliert)
  
I:\TrinityCore\_integ-12_1_all\src\server\game\Server\Packets\SpellPackets.cpp(34,21): error C2065: "Reason": nichtdeklarierter Bezeichner [I:\TrinityCore\_integ-12_1_all\build\src\server\game\game.vcxproj]
  (Quelldatei „../../../../src/server/game/Server/Packets/SpellPackets.cpp“ wird kompiliert)
  
I:\TrinityCore\_integ-12_1_all\src\server\game\Server\Packets\SpellPackets.cpp(37,6): error C2653: "CancelModSpeedNoControlAuras": Keine Klasse oder Namespace [I:\TrinityCore\_integ-12_1_all\build\src\server\game\game.vcxproj]
  (Quelldatei „../../../../src/server/game/Server/Packets/SpellPackets.cpp“ wird kompiliert)
  
I:\TrinityCore\_integ-12_1_all\src\server\game\Server\Packets\SpellPackets.cpp(39,5): error C2065: "_worldPacket": nichtdeklarierter Bezeichner [I:\TrinityCore\_integ-12_1_all\build\src\server\game\game.vcxproj]
  (Quelldatei „../../../../src/server/game/Server/Packets/SpellPackets.cpp“ wird kompiliert)
  
I:\TrinityCore\_integ-12_1_all\src\server\game\Server\Packets\SpellPackets.cpp(39,21): error C2065: "TargetGUID": nichtdeklarierter Bezeichner [I:\TrinityCore\_integ-12_1_all\build\src\server\game\game.vcxproj]
  (Quelldatei „../../../../src/server/game/Server/Packets/SpellPackets.cpp“ wird kompiliert)
  
I:\TrinityCore\_integ-12_1_all\src\server\game\Server\Packets\SpellPackets.cpp(42,6): error C2653: "PetCancelAura": Keine Klasse oder Namespace [I:\TrinityCore\_integ-12_1_all\build\src\server\game\game.vcxproj]
  (Quelldatei „../../../../src/server/game/Server/Packets/SpellPackets.cpp“ wird kompiliert)
  
I:\TrinityCore\_integ-12_1_all\src\server\game\Server\Packets\SpellPackets.cpp(44,5): error C2065: "_worldPacket": nichtdeklarierter Bezeichner [I:\TrinityCore\_integ-12_1_all\build\src\server\game\game.vcxproj]
  (Quelldatei „../../../../src/server/game/Server/Packets/SpellPackets.cpp“ wird kompiliert)
  
I:\TrinityCore\_integ-12_1_all\src\server\game\Server\Packets\SpellPackets.cpp(44,21): error C2065: "PetGUID": nichtdeklarierter Bezeichner [I:\TrinityCore\_integ-12_1_all\build\src\server\game\game.vcxproj]
  (Quelldatei „../../../../src/server/game/Server/Packets/SpellPackets.cpp“ wird kompiliert)
  
I:\TrinityCore\_integ-12_1_all\src\server\game\Server\Packets\SpellPackets.cpp(45,5): error C2065: "_worldPacket": nichtdeklarierter Bezeichner [I:\TrinityCore\_integ-12_1_all\build\src\server\game\game.vcxproj]
  (Quelldatei „../../../../src/server/game/Server/Packets/SpellPackets.cpp“ wird kompiliert)
  
I:\TrinityCore\_integ-12_1_all\src\server\game\Server\Packets\SpellPackets.cpp(45,21): error C2065: "SpellID": nichtdeklarierter Bezeichner [I:\TrinityCore\_integ-12_1_all\build\src\server\game\game.vcxproj]
  (Quelldatei „../../../../src/server/game/Server/Packets/SpellPackets.cpp“ wird kompiliert)
  
I:\TrinityCore\_integ-12_1_all\src\server\game\Server\Packets\SpellPackets.cpp(48,20): error C2653: "SendKnownSpells": Keine Klasse oder Namespace [I:\TrinityCore\_integ-12_1_all\build\src\server\game\game.vcxproj]
  (Quelldatei „../../../../src/server/game/Server/Packets/SpellPackets.cpp“ wird kompiliert)
  
I:\TrinityCore\_integ-12_1_all\src\server\game\Server\Packets\SpellPackets.cpp(50,5): error C2065: "_worldPacket": nichtdeklarierter Bezeichner [I:\TrinityCore\_integ-12_1_all\build\src\server\game\game.vcxproj]
  (Quelldatei „../../../../src/server/game/Server/Packets/SpellPackets.cpp“ wird kompiliert)
  
I:\TrinityCore\_integ-12_1_all\src\server\game\Server\Packets\SpellPackets.cpp(50,34): error C2065: "KnownSpells": nichtdeklarierter Bezeichner [I:\TrinityCore\_integ-12_1_all\build\src\server\game\game.vcxproj]
  (Quelldatei „../../../../src/server/game/Server/Packets/SpellPackets.cpp“ wird kompiliert)
  
I:\TrinityCore\_integ-12_1_all\src\server\game\Server\Packets\SpellPackets.cpp(50,59): error C2065: "FavoriteSpells": nichtdeklarierter Bezeichner [I:\TrinityCore\_integ-12_1_all\build\src\server\game\game.vcxproj]
  (Quelldatei „../../../../src/server/game/Server/Packets/SpellPackets.cpp“ wird kompiliert)
  
I:\TrinityCore\_integ-12_1_all\src\server\game\Server\Packets\SpellPackets.cpp(52,5): error C2065: "_worldPacket": nichtdeklarierter Bezeichner [I:\TrinityCore\_integ-12_1_all\build\src\server\game\game.vcxproj]
  (Quelldatei „../../../../src/server/game/Server/Packets/SpellPackets.cpp“ wird kompiliert)
  
I:\TrinityCore\_integ-12_1_all\src\server\game\Server\Packets\SpellPackets.cpp(52,29): error C2065: "InitialLogin": nichtdeklarierter Bezeichner [I:\TrinityCore\_integ-12_1_all\build\src\server\game\game.vcxproj]
  (Quelldatei „../../../../src/server/game/Server/Packets/SpellPackets.cpp“ wird kompiliert)
  
I:\TrinityCore\_integ-12_1_all\src\server\game\Server\Packets\SpellPackets.cpp(53,5): error C2065: "_worldPacket": nichtdeklarierter Bezeichner [I:\TrinityCore\_integ-12_1_all\build\src\server\game\game.vcxproj]
  (Quelldatei „../../../../src/server/game/Server/Packets/SpellPackets.cpp“ wird kompiliert)
  
I:\TrinityCore\_integ-12_1_all\src\server\game\Server\Packets\SpellPackets.cpp(53,34): error C2065: "KnownSpells": nichtdeklarierter Bezeichner [I:\TrinityCore\_integ-12_1_all\build\src\server\game\game.vcxproj]
  (Quelldatei „../../../../src/server/game/Server/Packets/SpellPackets.cpp“ wird kompiliert)
  
I:\TrinityCore\_integ-12_1_all\src\server\game\Server\Packets\SpellPackets.cpp(54,5): error C2065: "_worldPacket": nichtdeklarierter Bezeichner [I:\TrinityCore\_integ-12_1_all\build\src\server\game\game.vcxproj]
  (Quelldatei „../../../../src/server/game/Server/Packets/SpellPackets.cpp“ wird kompiliert)
  
I:\TrinityCore\_integ-12_1_all\src\server\game\Server\Packets\SpellPackets.cpp(54,34): error C2065: "FavoriteSpells": nichtdeklarierter Bezeichner [I:\TrinityCore\_integ-12_1_all\build\src\server\game\game.vcxproj]
  (Quelldatei „../../../../src/server/game/Server/Packets/SpellPackets.cpp“ wird kompiliert)
  
I:\TrinityCore\_integ-12_1_all\src\server\game\Server\Packets\SpellPackets.cpp(56,27): error C2065: "KnownSpells": nichtdeklarierter Bezeichner [I:\TrinityCore\_integ-12_1_all\build\src\server\game\game.vcxproj]
  (Quelldatei „../../../../src/server/game/Server/Packets/SpellPackets.cpp“ wird kompiliert)
  
I:\TrinityCore\_integ-12_1_all\src\server\game\Server\Packets\SpellPackets.cpp(56,25): error C2143: Syntaxfehler: Es fehlt ";" vor ":" [I:\TrinityCore\_integ-12_1_all\build\src\server\game\game.vcxproj]
  (Quelldatei „../../../../src/server/game/Server/Packets/SpellPackets.cpp“ wird kompiliert)
  
I:\TrinityCore\_integ-12_1_all\src\server\game\Server\Packets\SpellPackets.cpp(56,38): error C2143: Syntaxfehler: Es fehlt ";" vor ")" [I:\TrinityCore\_integ-12_1_all\build\src\server\game\game.vcxproj]
  (Quelldatei „../../../../src/server/game/Server/Packets/SpellPackets.cpp“ wird kompiliert)
  
I:\TrinityCore\_integ-12_1_all\src\server\game\Server\Packets\SpellPackets.cpp(57,9): error C2065: "_worldPacket": nichtdeklarierter Bezeichner [I:\TrinityCore\_integ-12_1_all\build\src\server\game\game.vcxproj]
  (Quelldatei „../../../../src/server/game/Server/Packets/SpellPackets.cpp“ wird kompiliert)
  
I:\TrinityCore\_integ-12_1_all\src\server\game\Server\Packets\SpellPackets.cpp(59,27): error C2065: "FavoriteSpells": nichtdeklarierter Bezeichner [I:\TrinityCore\_integ-12_1_all\build\src\server\game\game.vcxproj]
  (Quelldatei „../../../../src/server/game/Server/Packets/SpellPackets.cpp“ wird kompiliert)
  
I:\TrinityCore\_integ-12_1_all\src\server\game\Server\Packets\SpellPackets.cpp(59,25): error C2143: Syntaxfehler: Es fehlt ";" vor ":" [I:\TrinityCore\_integ-12_1_all\build\src\server\game\game.vcxproj]
  (Quelldatei „../../../../src/server/game/Server/Packets/SpellPackets.cpp“ wird kompiliert)
  
I:\TrinityCore\_integ-12_1_all\src\server\game\Server\Packets\SpellPackets.cpp(59,41): error C2143: Syntaxfehler: Es fehlt ";" vor ")" [I:\TrinityCore\_integ-12_1_all\build\src\server\game\game.vcxproj]
  (Quelldatei „../../../../src/server/game/Server/Packets/SpellPackets.cpp“ wird kompiliert)
  
I:\TrinityCore\_integ-12_1_all\src\server\game\Server\Packets\SpellPackets.cpp(60,9): error C2065: "_worldPacket": nichtdeklarierter Bezeichner [I:\TrinityCore\_integ-12_1_all\build\src\server\game\game.vcxproj]
  (Quelldatei „../../../../src/server/game/Server/Packets/SpellPackets.cpp“ wird kompiliert)
  
I:\TrinityCore\_integ-12_1_all\src\server\game\Server\Packets\SpellPackets.cpp(62,13): error C2065: "_worldPacket": nichtdeklarierter Bezeichner [I:\TrinityCore\_integ-12_1_all\build\src\server\game\game.vcxproj]
  (Quelldatei „../../../../src/server/game/Server/Packets/SpellPackets.cpp“ wird kompiliert)
  
I:\TrinityCore\_integ-12_1_all\src\server\game\Server\Packets\SpellPackets.cpp(65,20): error C2653: "UpdateActionButtons": Keine Klasse oder Namespace [I:\TrinityCore\_integ-12_1_all\build\src\server\game\game.vcxproj]
  (Quelldatei „../../../../src/server/game/Server/Packets/SpellPackets.cpp“ wird kompiliert)
  
I:\TrinityCore\_integ-12_1_all\src\server\game\Server\Packets\SpellPackets.cpp(65,41): error C2084: Funktion "const WorldPacket *WorldPackets::WorldPackets::Spells::Write(void)" hat bereits einen Funktionsrumpf [I:\TrinityCore\_integ-12_1_all\build\src\server\game\game.vcxproj]
  (Quelldatei „../../../../src/server/game/Server/Packets/SpellPackets.cpp“ wird kompiliert)
      I:\TrinityCore\_integ-12_1_all\src\server\game\Server\Packets\SpellPackets.cpp(48,37):
      siehe vorherige Definition von "WorldPackets::WorldPackets::Spells::Write"
  
I:\TrinityCore\_integ-12_1_all\src\server\game\Server\Packets\SpellPackets.cpp(67,5): error C2065: "_worldPacket": nichtdeklarierter Bezeichner [I:\TrinityCore\_integ-12_1_all\build\src\server\game\game.vcxproj]
  (Quelldatei „../../../../src/server/game/Server/Packets/SpellPackets.cpp“ wird kompiliert)
  
I:\TrinityCore\_integ-12_1_all\src\server\game\Server\Packets\SpellPackets.cpp(67,25): error C2065: "ActionButtons": nichtdeklarierter Bezeichner [I:\TrinityCore\_integ-12_1_all\build\src\server\game\game.vcxproj]
  (Quelldatei „../../../../src/server/game/Server/Packets/SpellPackets.cpp“ wird kompiliert)
  
I:\TrinityCore\_integ-12_1_all\src\server\game\Server\Packets\SpellPackets.cpp(67,47): error C2065: "ActionButtons": nichtdeklarierter Bezeichner [I:\TrinityCore\_integ-12_1_all\build\src\server\game\game.vcxproj]
  (Quelldatei „../../../../src/server/game/Server/Packets/SpellPackets.cpp“ wird kompiliert)
  
I:\TrinityCore\_integ-12_1_all\src\server\game\Server\Packets\SpellPackets.cpp(68,5): error C2065: "_worldPacket": nichtdeklarierter Bezeichner [I:\TrinityCore\_integ-12_1_all\build\src\server\game\game.vcxproj]
  (Quelldatei „../../../../src/server/game/Server/Packets/SpellPackets.cpp“ wird kompiliert)
  
I:\TrinityCore\_integ-12_1_all\src\server\game\Server\Packets\SpellPackets.cpp(68,21): error C2065: "Reason": nichtdeklarierter Bezeichner [I:\TrinityCore\_integ-12_1_all\build\src\server\game\game.vcxproj]
  (Quelldatei „../../../../src/server/game/Server/Packets/SpellPackets.cpp“ wird kompiliert)
  
I:\TrinityCore\_integ-12_1_all\src\server\game\Server\Packets\SpellPackets.cpp(70,13): error C2065: "_worldPacket": nichtdeklarierter Bezeichner [I:\TrinityCore\_integ-12_1_all\build\src\server\game\game.vcxproj]
  (Quelldatei „../../../../src/server/game/Server/Packets/SpellPackets.cpp“ wird kompiliert)
  
I:\TrinityCore\_integ-12_1_all\src\server\game\Server\Packets\SpellPackets.cpp(73,6): error C2653: "SetActionButton": Keine Klasse oder Namespace [I:\TrinityCore\_integ-12_1_all\build\src\server\game\game.vcxproj]
  (Quelldatei „../../../../src/server/game/Server/Packets/SpellPackets.cpp“ wird kompiliert)
  
I:\TrinityCore\_integ-12_1_all\src\server\game\Server\Packets\SpellPackets.cpp(75,5): error C2065: "_worldPacket": nichtdeklarierter Bezeichner [I:\TrinityCore\_integ-12_1_all\build\src\server\game\game.vcxproj]
  (Quelldatei „../../../../src/server/game/Server/Packets/SpellPackets.cpp“ wird kompiliert)
  
I:\TrinityCore\_integ-12_1_all\src\server\game\Server\Packets\SpellPackets.cpp(75,21): error C2065: "Action": nichtdeklarierter Bezeichner [I:\TrinityCore\_integ-12_1_all\build\src\server\game\game.vcxproj]
  (Quelldatei „../../../../src/server/game/Server/Packets/SpellPackets.cpp“ wird kompiliert)
  
I:\TrinityCore\_integ-12_1_all\src\server\game\Server\Packets\SpellPackets.cpp(76,5): error C2065: "_worldPacket": nichtdeklarierter Bezeichner [I:\TrinityCore\_integ-12_1_all\build\src\server\game\game.vcxproj]
  (Quelldatei „../../../../src/server/game/Server/Packets/SpellPackets.cpp“ wird kompiliert)
  
I:\TrinityCore\_integ-12_1_all\src\server\game\Server\Packets\SpellPackets.cpp(76,21): error C2065: "Index": nichtdeklarierter Bezeichner [I:\TrinityCore\_integ-12_1_all\build\src\server\game\game.vcxproj]
  (Quelldatei „../../../../src/server/game/Server/Packets/SpellPackets.cpp“ wird kompiliert)
  
I:\TrinityCore\_integ-12_1_all\src\server\game\Server\Packets\SpellPackets.cpp(79,20): error C2653: "SendUnlearnSpells": Keine Klasse oder Namespace [I:\TrinityCore\_integ-12_1_all\build\src\server\game\game.vcxproj]
  (Quelldatei „../../../../src/server/game/Server/Packets/SpellPackets.cpp“ wird kompiliert)
  
I:\TrinityCore\_integ-12_1_all\src\server\game\Server\Packets\SpellPackets.cpp(81,5): error C2065: "_worldPacket": nichtdeklarierter Bezeichner [I:\TrinityCore\_integ-12_1_all\build\src\server\game\game.vcxproj]
  (Quelldatei „../../../../src/server/game/Server/Packets/SpellPackets.cpp“ wird kompiliert)
  
I:\TrinityCore\_integ-12_1_all\src\server\game\Server\Packets\SpellPackets.cpp(81,34): error C2882: "Spells": Unzulässige Verwendung eines Namespace-Bezeichners in einem Ausdruck [I:\TrinityCore\_integ-12_1_all\build\src\server\game\game.vcxproj]
  (Quelldatei „../../../../src/server/game/Server/Packets/SpellPackets.cpp“ wird kompiliert)
  
I:\TrinityCore\_integ-12_1_all\src\server\game\Server\Packets\SpellPackets.cpp(81,21): error C2672: "WorldPackets::WorldPackets::Size": keine übereinstimmende überladene Funktion gefunden [I:\TrinityCore\_integ-12_1_all\build\src\server\game\game.vcxproj]
  (Quelldatei „../../../../src/server/game/Server/Packets/SpellPackets.cpp“ wird kompiliert)
      I:\TrinityCore\_integ-12_1_all\src\server\game\Server\Packets\PacketOperators.h(214,52):
      kann "WorldPackets::WorldPackets::SizeReaderWriter<Underlying,Container> WorldPackets::WorldPackets::Size(Container &)" sein
      I:\TrinityCore\_integ-12_1_all\src\server\game\Server\Packets\PacketOperators.h(211,46):
      oder "WorldPackets::WorldPackets::SizeWriter<Underlying,Container> WorldPackets::WorldPackets::Size(const Container &)"
  
I:\TrinityCore\_integ-12_1_all\src\server\game\Server\Packets\SpellPackets.cpp(82,27): error C2882: "Spells": Unzulässige Verwendung eines Namespace-Bezeichners in einem Ausdruck [I:\TrinityCore\_integ-12_1_all\build\src\server\game\game.vcxproj]
  (Quelldatei „../../../../src/server/game/Server/Packets/SpellPackets.cpp“ wird kompiliert)
  
I:\TrinityCore\_integ-12_1_all\src\server\game\Server\Packets\SpellPackets.cpp(82,25): error C2143: Syntaxfehler: Es fehlt ";" vor ":" [I:\TrinityCore\_integ-12_1_all\build\src\server\game\game.vcxproj]
  (Quelldatei „../../../../src/server/game/Server/Packets/SpellPackets.cpp“ wird kompiliert)
  
I:\TrinityCore\_integ-12_1_all\src\server\game\Server\Packets\SpellPackets.cpp(82,33): error C2143: Syntaxfehler: Es fehlt ";" vor ")" [I:\TrinityCore\_integ-12_1_all\build\src\server\game\game.vcxproj]
  (Quelldatei „../../../../src/server/game/Server/Packets/SpellPackets.cpp“ wird kompiliert)
  
I:\TrinityCore\_integ-12_1_all\src\server\game\Server\Packets\SpellPackets.cpp(83,9): error C2065: "_worldPacket": nichtdeklarierter Bezeichner [I:\TrinityCore\_integ-12_1_all\build\src\server\game\game.vcxproj]
  (Quelldatei „../../../../src/server/game/Server/Packets/SpellPackets.cpp“ wird kompiliert)
  
I:\TrinityCore\_integ-12_1_all\src\server\game\Server\Packets\SpellPackets.cpp(85,13): error C2065: "_worldPacket": nichtdeklarierter Bezeichner [I:\TrinityCore\_integ-12_1_all\build\src\server\game\game.vcxproj]
  (Quelldatei „../../../../src/server/game/Server/Packets/SpellPackets.cpp“ wird kompiliert)
  
I:\TrinityCore\_integ-12_1_all\src\server\game\Server\Packets\SpellPackets.cpp(88,42): error C2061: Syntaxfehler: Bezeichner "AuraDataInfo" [I:\TrinityCore\_integ-12_1_all\build\src\server\game\game.vcxproj]
  (Quelldatei „../../../../src/server/game/Server/Packets/SpellPackets.cpp“ wird kompiliert)
  
I:\TrinityCore\_integ-12_1_all\src\server\game\Server\Packets\SpellPackets.cpp(88,13): error C2805: Der binäre Operator "<<" weist zu wenige Parameter auf. [I:\TrinityCore\_integ-12_1_all\build\src\server\game\game.vcxproj]
  (Quelldatei „../../../../src/server/game/Server/Packets/SpellPackets.cpp“ wird kompiliert)
  
I:\TrinityCore\_integ-12_1_all\src\server\game\Server\Packets\SpellPackets.cpp(90,13): error C2065: "auraData": nichtdeklarierter Bezeichner [I:\TrinityCore\_integ-12_1_all\build\src\server\game\game.vcxproj]
  (Quelldatei „../../../../src/server/game/Server/Packets/SpellPackets.cpp“ wird kompiliert)
  
I:\TrinityCore\_integ-12_1_all\src\server\game\Server\Packets\SpellPackets.cpp(91,19): error C2065: "auraData": nichtdeklarierter Bezeichner [I:\TrinityCore\_integ-12_1_all\build\src\server\game\game.vcxproj]
  (Quelldatei „../../../../src/server/game/Server/Packets/SpellPackets.cpp“ wird kompiliert)
  
I:\TrinityCore\_integ-12_1_all\src\server\game\Server\Packets\SpellPackets.cpp(92,13): error C2065: "auraData": nichtdeklarierter Bezeichner [I:\TrinityCore\_integ-12_1_all\build\src\server\game\game.vcxproj]
  (Quelldatei „../../../../src/server/game/Server/Packets/SpellPackets.cpp“ wird kompiliert)
  
I:\TrinityCore\_integ-12_1_all\src\server\game\Server\Packets\SpellPackets.cpp(93,20): error C2065: "auraData": nichtdeklarierter Bezeichner [I:\TrinityCore\_integ-12_1_all\build\src\server\game\game.vcxproj]
  (Quelldatei „../../../../src/server/game/Server/Packets/SpellPackets.cpp“ wird kompiliert)
  
I:\TrinityCore\_integ-12_1_all\src\server\game\Server\Packets\SpellPackets.cpp(94,20): error C2065: "auraData": nichtdeklarierter Bezeichner [I:\TrinityCore\_integ-12_1_all\build\src\server\game\game.vcxproj]
  (Quelldatei „../../../../src/server/game/Server/Packets/SpellPackets.cpp“ wird kompiliert)
  
I:\TrinityCore\_integ-12_1_all\src\server\game\Server\Packets\SpellPackets.cpp(95,20): error C2065: "auraData": nichtdeklarierter Bezeichner [I:\TrinityCore\_integ-12_1_all\build\src\server\game\game.vcxproj]
  (Quelldatei „../../../../src/server/game/Server/Packets/SpellPackets.cpp“ wird kompiliert)
  
I:\TrinityCore\_integ-12_1_all\src\server\game\Server\Packets\SpellPackets.cpp(96,19): error C2065: "auraData": nichtdeklarierter Bezeichner [I:\TrinityCore\_integ-12_1_all\build\src\server\game\game.vcxproj]
  (Quelldatei „../../../../src/server/game/Server/Packets/SpellPackets.cpp“ wird kompiliert)
  
I:\TrinityCore\_integ-12_1_all\src\server\game\Server\Packets\SpellPackets.cpp(97,19): error C2065: "auraData": nichtdeklarierter Bezeichner [I:\TrinityCore\_integ-12_1_all\build\src\server\game\game.vcxproj]
  (Quelldatei „../../../../src/server/game/Server/Packets/SpellPackets.cpp“ wird kompiliert)
  
I:\TrinityCore\_integ-12_1_all\src\server\game\Server\Packets\SpellPackets.cpp(98,13): error C2065: "auraData": nichtdeklarierter Bezeichner [I:\TrinityCore\_integ-12_1_all\build\src\server\game\game.vcxproj]
  (Quelldatei „../../../../src/server/game/Server/Packets/SpellPackets.cpp“ wird kompiliert)
  
I:\TrinityCore\_integ-12_1_all\src\server\game\Server\Packets\SpellPackets.cpp(99,26): error C2065: "auraData": nichtdeklarierter Bezeichner [I:\TrinityCore\_integ-12_1_all\build\src\server\game\game.vcxproj]
  (Quelldatei „../../../../src/server/game/Server/Packets/SpellPackets.cpp“ wird kompiliert)
  
I:\TrinityCore\_integ-12_1_all\src\server\game\Server\Packets\SpellPackets.cpp(99,13): error C2672: "WorldPackets::WorldPackets::OptionalInit": keine übereinstimmende überladene Funktion gefunden [I:\TrinityCore\_integ-12_1_all\build\src\server\game\game.vcxproj]
  (Quelldatei „../../../../src/server/game/Server/Packets/SpellPackets.cpp“ wird kompiliert)
      I:\TrinityCore\_integ-12_1_all\src\server\game\Server\Packets\PacketOperators.h(134,35):
      kann "WorldPackets::WorldPackets::PtrInitReaderWriter<T> WorldPackets::WorldPackets::OptionalInit(std::unique_ptr<_Ty,std::default_delete<_Ty>> &)" sein
      I:\TrinityCore\_integ-12_1_all\src\server\game\Server\Packets\PacketOperators.h(131,29):
      oder "WorldPackets::WorldPackets::PtrInitWriter<T> WorldPackets::WorldPackets::OptionalInit(const std::unique_ptr<_Ty,std::default_delete<_Ty>> &)"
      I:\TrinityCore\_integ-12_1_all\src\server\game\Server\Packets\PacketOperators.h(105,40):
      oder "WorldPackets::WorldPackets::OptionalInitReaderWriter<T> WorldPackets::WorldPackets::OptionalInit(std::optional<_Ty> &)"
      I:\TrinityCore\_integ-12_1_all\src\server\game\Server\Packets\PacketOperators.h(102,34):
      oder "WorldPackets::WorldPackets::OptionalInitWriter<T> WorldPackets::WorldPackets::OptionalInit(const std::optional<_Ty> &)"
  
I:\TrinityCore\_integ-12_1_all\src\server\game\Server\Packets\SpellPackets.cpp(100,26): error C2065: "auraData": nichtdeklarierter Bezeichner [I:\TrinityCore\_integ-12_1_all\build\src\server\game\game.vcxproj]
  (Quelldatei „../../../../src/server/game/Server/Packets/SpellPackets.cpp“ wird kompiliert)
  
I:\TrinityCore\_integ-12_1_all\src\server\game\Server\Packets\SpellPackets.cpp(100,13): error C2672: "WorldPackets::WorldPackets::OptionalInit": keine übereinstimmende überladene Funktion gefunden [I:\TrinityCore\_integ-12_1_all\build\src\server\game\game.vcxproj]
  (Quelldatei „../../../../src/server/game/Server/Packets/SpellPackets.cpp“ wird kompiliert)
      I:\TrinityCore\_integ-12_1_all\src\server\game\Server\Packets\PacketOperators.h(134,35):
      kann "WorldPackets::WorldPackets::PtrInitReaderWriter<T> WorldPackets::WorldPackets::OptionalInit(std::unique_ptr<_Ty,std::default_delete<_Ty>> &)" sein
      I:\TrinityCore\_integ-12_1_all\src\server\game\Server\Packets\PacketOperators.h(131,29):
      oder "WorldPackets::WorldPackets::PtrInitWriter<T> WorldPackets::WorldPackets::OptionalInit(const std::unique_ptr<_Ty,std::default_delete<_Ty>> &)"
      I:\TrinityCore\_integ-12_1_all\src\server\game\Server\Packets\PacketOperators.h(105,40):
      oder "WorldPackets::WorldPackets::OptionalInitReaderWriter<T> WorldPackets::WorldPackets::OptionalInit(std::optional<_Ty> &)"
      I:\TrinityCore\_integ-12_1_all\src\server\game\Server\Packets\PacketOperators.h(102,34):
      oder "WorldPackets::WorldPackets::OptionalInitWriter<T> WorldPackets::WorldPackets::OptionalInit(const std::optional<_Ty> &)"
  
I:\TrinityCore\_integ-12_1_all\src\server\game\Server\Packets\SpellPackets.cpp(101,26): error C2065: "auraData": nichtdeklarierter Bezeichner [I:\TrinityCore\_integ-12_1_all\build\src\server\game\game.vcxproj]
  (Quelldatei „../../../../src/server/game/Server/Packets/SpellPackets.cpp“ wird kompiliert)
  
I:\TrinityCore\_integ-12_1_all\src\server\game\Server\Packets\SpellPackets.cpp(101,13): error C2672: "WorldPackets::WorldPackets::OptionalInit": keine übereinstimmende überladene Funktion gefunden [I:\TrinityCore\_integ-12_1_all\build\src\server\game\game.vcxproj]
  (Quelldatei „../../../../src/server/game/Server/Packets/SpellPackets.cpp“ wird kompiliert)
      I:\TrinityCore\_integ-12_1_all\src\server\game\Server\Packets\PacketOperators.h(134,35):
      kann "WorldPackets::WorldPackets::PtrInitReaderWriter<T> WorldPackets::WorldPackets::OptionalInit(std::unique_ptr<_Ty,std::default_delete<_Ty>> &)" sein
      I:\TrinityCore\_integ-12_1_all\src\server\game\Server\Packets\PacketOperators.h(131,29):
      oder "WorldPackets::WorldPackets::PtrInitWriter<T> WorldPackets::WorldPackets::OptionalInit(const std::unique_ptr<_Ty,std::default_delete<_Ty>> &)"
      I:\TrinityCore\_integ-12_1_all\src\server\game\Server\Packets\PacketOperators.h(105,40):
      oder "WorldPackets::WorldPackets::OptionalInitReaderWriter<T> WorldPackets::WorldPackets::OptionalInit(std::optional<_Ty> &)"
      I:\TrinityCore\_integ-12_1_all\src\server\game\Server\Packets\PacketOperators.h(102,34):
      oder "WorldPackets::WorldPackets::OptionalInitWriter<T> WorldPackets::WorldPackets::OptionalInit(const std::optional<_Ty> &)"
  
I:\TrinityCore\_integ-12_1_all\src\server\game\Server\Packets\SpellPackets.cpp(102,26): error C2065: "auraData": nichtdeklarierter Bezeichner [I:\TrinityCore\_integ-12_1_all\build\src\server\game\game.vcxproj]
  (Quelldatei „../../../../src/server/game/Server/Packets/SpellPackets.cpp“ wird kompiliert)
  
I:\TrinityCore\_integ-12_1_all\src\server\game\Server\Packets\SpellPackets.cpp(102,13): error C2672: "WorldPackets::WorldPackets::OptionalInit": keine übereinstimmende überladene Funktion gefunden [I:\TrinityCore\_integ-12_1_all\build\src\server\game\game.vcxproj]
  (Quelldatei „../../../../src/server/game/Server/Packets/SpellPackets.cpp“ wird kompiliert)
      I:\TrinityCore\_integ-12_1_all\src\server\game\Server\Packets\PacketOperators.h(134,35):
      kann "WorldPackets::WorldPackets::PtrInitReaderWriter<T> WorldPackets::WorldPackets::OptionalInit(std::unique_ptr<_Ty,std::default_delete<_Ty>> &)" sein
      I:\TrinityCore\_integ-12_1_all\src\server\game\Server\Packets\PacketOperators.h(131,29):
      oder "WorldPackets::WorldPackets::PtrInitWriter<T> WorldPackets::WorldPackets::OptionalInit(const std::unique_ptr<_Ty,std::default_delete<_Ty>> &)"
      I:\TrinityCore\_integ-12_1_all\src\server\game\Server\Packets\PacketOperators.h(105,40):
      oder "WorldPackets::WorldPackets::OptionalInitReaderWriter<T> WorldPackets::WorldPackets::OptionalInit(std::optional<_Ty> &)"
      I:\TrinityCore\_integ-12_1_all\src\server\game\Server\Packets\PacketOperators.h(102,34):
      oder "WorldPackets::WorldPackets::OptionalInitWriter<T> WorldPackets::WorldPackets::OptionalInit(const std::optional<_Ty> &)"
  
I:\TrinityCore\_integ-12_1_all\src\server\game\Server\Packets\SpellPackets.cpp(103,26): error C2065: "auraData": nichtdeklarierter Bezeichner [I:\TrinityCore\_integ-12_1_all\build\src\server\game\game.vcxproj]
  (Quelldatei „../../../../src/server/game/Server/Packets/SpellPackets.cpp“ wird kompiliert)
  
  ClubMembershipService.cpp
I:\TrinityCore\_integ-12_1_all\src\server\game\Server\Packets\SpellPackets.cpp(103,13): error C2672: "WorldPackets::WorldPackets::OptionalInit": keine übereinstimmende überladene Funktion gefunden [I:\TrinityCore\_integ-12_1_all\build\src\server\game\game.vcxproj]
  (Quelldatei „../../../../src/server/game/Server/Packets/SpellPackets.cpp“ wird kompiliert)
      I:\TrinityCore\_integ-12_1_all\src\server\game\Server\Packets\PacketOperators.h(134,35):
      kann "WorldPackets::WorldPackets::PtrInitReaderWriter<T> WorldPackets::WorldPackets::OptionalInit(std::unique_ptr<_Ty,std::default_delete<_Ty>> &)" sein
      I:\TrinityCore\_integ-12_1_all\src\server\game\Server\Packets\PacketOperators.h(131,29):
      oder "WorldPackets::WorldPackets::PtrInitWriter<T> WorldPackets::WorldPackets::OptionalInit(const std::unique_ptr<_Ty,std::default_delete<_Ty>> &)"
      I:\TrinityCore\_integ-12_1_all\src\server\game\Server\Packets\PacketOperators.h(105,40):
      oder "WorldPackets::WorldPackets::OptionalInitReaderWriter<T> WorldPackets::WorldPackets::OptionalInit(std::optional<_Ty> &)"
      I:\TrinityCore\_integ-12_1_all\src\server\game\Server\Packets\PacketOperators.h(102,34):
      oder "WorldPackets::WorldPackets::OptionalInitWriter<T> WorldPackets::WorldPackets::OptionalInit(const std::optional<_Ty> &)"
  
I:\TrinityCore\_integ-12_1_all\src\server\game\Server\Packets\SpellPackets.cpp(104,25): error C2065: "auraData": nichtdeklarierter Bezeichner [I:\TrinityCore\_integ-12_1_all\build\src\server\game\game.vcxproj]
  (Quelldatei „../../../../src/server/game/Server/Packets/SpellPackets.cpp“ wird kompiliert)
  
I:\TrinityCore\_integ-12_1_all\src\server\game\Server\Packets\SpellPackets.cpp(104,13): error C2672: "WorldPackets::WorldPackets::BitsSize": keine übereinstimmende überladene Funktion gefunden [I:\TrinityCore\_integ-12_1_all\build\src\server\game\game.vcxproj]
  (Quelldatei „../../../../src/server/game/Server/Packets/SpellPackets.cpp“ wird kompiliert)
      I:\TrinityCore\_integ-12_1_all\src\server\game\Server\Packets\PacketOperators.h(272,54):
      kann "WorldPackets::WorldPackets::BitsSizeReaderWriter<BitCount,Container> WorldPackets::WorldPackets::BitsSize(Container &)" sein
      I:\TrinityCore\_integ-12_1_all\src\server\game\Server\Packets\PacketOperators.h(269,48):
      oder "WorldPackets::WorldPackets::BitsSizeWriter<BitCount,Container> WorldPackets::WorldPackets::BitsSize(const Container &)"
  
I:\TrinityCore\_integ-12_1_all\src\server\game\Server\Packets\SpellPackets.cpp(105,25): error C2065: "auraData": nichtdeklarierter Bezeichner [I:\TrinityCore\_integ-12_1_all\build\src\server\game\game.vcxproj]
  (Quelldatei „../../../../src/server/game/Server/Packets/SpellPackets.cpp“ wird kompiliert)
  
I:\TrinityCore\_integ-12_1_all\src\server\game\Server\Packets\SpellPackets.cpp(105,13): error C2672: "WorldPackets::WorldPackets::BitsSize": keine übereinstimmende überladene Funktion gefunden [I:\TrinityCore\_integ-12_1_all\build\src\server\game\game.vcxproj]
  (Quelldatei „../../../../src/server/game/Server/Packets/SpellPackets.cpp“ wird kompiliert)
      I:\TrinityCore\_integ-12_1_all\src\server\game\Server\Packets\PacketOperators.h(272,54):
      kann "WorldPackets::WorldPackets::BitsSizeReaderWriter<BitCount,Container> WorldPackets::WorldPackets::BitsSize(Container &)" sein
      I:\TrinityCore\_integ-12_1_all\src\server\game\Server\Packets\PacketOperators.h(269,48):
      oder "WorldPackets::WorldPackets::BitsSizeWriter<BitCount,Container> WorldPackets::WorldPackets::BitsSize(const Container &)"
  
I:\TrinityCore\_integ-12_1_all\src\server\game\Server\Packets\SpellPackets.cpp(106,26): error C2065: "auraData": nichtdeklarierter Bezeichner [I:\TrinityCore\_integ-12_1_all\build\src\server\game\game.vcxproj]
  (Quelldatei „../../../../src/server/game/Server/Packets/SpellPackets.cpp“ wird kompiliert)
  
  ClubService.cpp
I:\TrinityCore\_integ-12_1_all\src\server\game\Server\Packets\SpellPackets.cpp(106,13): error C2672: "WorldPackets::WorldPackets::OptionalInit": keine übereinstimmende überladene Funktion gefunden [I:\TrinityCore\_integ-12_1_all\build\src\server\game\game.vcxproj]
  (Quelldatei „../../../../src/server/game/Server/Packets/SpellPackets.cpp“ wird kompiliert)
      I:\TrinityCore\_integ-12_1_all\src\server\game\Server\Packets\PacketOperators.h(134,35):
      kann "WorldPackets::WorldPackets::PtrInitReaderWriter<T> WorldPackets::WorldPackets::OptionalInit(std::unique_ptr<_Ty,std::default_delete<_Ty>> &)" sein
      I:\TrinityCore\_integ-12_1_all\src\server\game\Server\Packets\PacketOperators.h(131,29):
      oder "WorldPackets::WorldPackets::PtrInitWriter<T> WorldPackets::WorldPackets::OptionalInit(const std::unique_ptr<_Ty,std::default_delete<_Ty>> &)"
      I:\TrinityCore\_integ-12_1_all\src\server\game\Server\Packets\PacketOperators.h(105,40):
      oder "WorldPackets::WorldPackets::OptionalInitReaderWriter<T> WorldPackets::WorldPackets::OptionalInit(std::optional<_Ty> &)"
      I:\TrinityCore\_integ-12_1_all\src\server\game\Server\Packets\PacketOperators.h(102,34):
      oder "WorldPackets::WorldPackets::OptionalInitWriter<T> WorldPackets::WorldPackets::OptionalInit(const std::optional<_Ty> &)"
  
I:\TrinityCore\_integ-12_1_all\src\server\game\Server\Packets\SpellPackets.cpp(108,9): error C2065: "auraData": nichtdeklarierter Bezeichner [I:\TrinityCore\_integ-12_1_all\build\src\server\game\game.vcxproj]
  (Quelldatei „../../../../src/server/game/Server/Packets/SpellPackets.cpp“ wird kompiliert)
  
I:\TrinityCore\_integ-12_1_all\src\server\game\Server\Packets\SpellPackets.cpp(109,18): error C2065: "auraData": nichtdeklarierter Bezeichner [I:\TrinityCore\_integ-12_1_all\build\src\server\game\game.vcxproj]
  (Quelldatei „../../../../src/server/game/Server/Packets/SpellPackets.cpp“ wird kompiliert)
  
I:\TrinityCore\_integ-12_1_all\src\server\game\Server\Packets\SpellPackets.cpp(111,9): error C2065: "auraData": nichtdeklarierter Bezeichner [I:\TrinityCore\_integ-12_1_all\build\src\server\game\game.vcxproj]
  (Quelldatei „../../../../src/server/game/Server/Packets/SpellPackets.cpp“ wird kompiliert)
  
I:\TrinityCore\_integ-12_1_all\src\server\game\Server\Packets\SpellPackets.cpp(112,18): error C2065: "auraData": nichtdeklarierter Bezeichner [I:\TrinityCore\_integ-12_1_all\build\src\server\game\game.vcxproj]
  (Quelldatei „../../../../src/server/game/Server/Packets/SpellPackets.cpp“ wird kompiliert)
  
I:\TrinityCore\_integ-12_1_all\src\server\game\Server\Packets\SpellPackets.cpp(114,9): error C2065: "auraData": nichtdeklarierter Bezeichner [I:\TrinityCore\_integ-12_1_all\build\src\server\game\game.vcxproj]
  (Quelldatei „../../../../src/server/game/Server/Packets/SpellPackets.cpp“ wird kompiliert)
  
I:\TrinityCore\_integ-12_1_all\src\server\game\Server\Packets\SpellPackets.cpp(115,25): error C2065: "auraData": nichtdeklarierter Bezeichner [I:\TrinityCore\_integ-12_1_all\build\src\server\game\game.vcxproj]
  (Quelldatei „../../../../src/server/game/Server/Packets/SpellPackets.cpp“ wird kompiliert)
  
I:\TrinityCore\_integ-12_1_all\src\server\game\Server\Packets\SpellPackets.cpp(117,9): error C2065: "auraData": nichtdeklarierter Bezeichner [I:\TrinityCore\_integ-12_1_all\build\src\server\game\game.vcxproj]
  (Quelldatei „../../../../src/server/game/Server/Packets/SpellPackets.cpp“ wird kompiliert)
  
I:\TrinityCore\_integ-12_1_all\src\server\game\Server\Packets\SpellPackets.cpp(118,25): error C2065: "auraData": nichtdeklarierter Bezeichner [I:\TrinityCore\_integ-12_1_all\build\src\server\game\game.vcxproj]
  (Quelldatei „../../../../src/server/game/Server/Packets/SpellPackets.cpp“ wird kompiliert)
  
I:\TrinityCore\_integ-12_1_all\src\server\game\Server\Packets\SpellPackets.cpp(120,9): error C2065: "auraData": nichtdeklarierter Bezeichner [I:\TrinityCore\_integ-12_1_all\build\src\server\game\game.vcxproj]
  (Quelldatei „../../../../src/server/game/Server/Packets/SpellPackets.cpp“ wird kompiliert)
  
I:\TrinityCore\_integ-12_1_all\src\server\game\Server\Packets\SpellPackets.cpp(120,9): error C1003: Mehr als 100 Fehler gefunden; Kompilierung wird abgebrochen. [I:\TrinityCore\_integ-12_1_all\build\src\server\game\game.vcxproj]
  (Quelldatei „../../../../src/server/game/Server/Packets/SpellPackets.cpp“ wird kompiliert)
  
  ClubUtils.cpp
  FriendsService.cpp
  NotificationService.cpp
  PresenceService.cpp
  WorldserverGameUtilitiesService.cpp
  WorldserverReportService.cpp
  WorldserverServiceDispatcher.cpp
  Shop2Catalog.cpp
  Shop2HttpSession.cpp
  Shop2Service.cpp
  Shop2SslContext.cpp
  SkillDiscovery.cpp
  SkillExtraItems.cpp
  BnetBlockListMgr.cpp
  BnetFriendsMgr.cpp
  BnetPresenceMgr.cpp
  Spell.cpp
  SpellEffects.cpp
  SpellHistory.cpp
  SpellInfo.cpp
  SpellMgr.cpp
  SpellScript.cpp
I:\TrinityCore\_integ-12_1_all\src\server\game\Server\Packets\CharacterPackets.h(1011,1): error C2059: Syntaxfehler: "}" [I:\TrinityCore\_integ-12_1_all\build\src\server\game\game.vcxproj]
  (Quelldatei „../../../../src/server/game/Server/Protocol/Opcodes.cpp“ wird kompiliert)
  
I:\TrinityCore\_integ-12_1_all\src\server\game\Server\Packets\CharacterPackets.h(1011,1): error C2143: Syntaxfehler: Es fehlt ";" vor "}" [I:\TrinityCore\_integ-12_1_all\build\src\server\game\game.vcxproj]
  (Quelldatei „../../../../src/server/game/Server/Protocol/Opcodes.cpp“ wird kompiliert)
  
I:\TrinityCore\_integ-12_1_all\src\server\game\Server\Packets\CombatLogPackets.h(40,53): error C2504: "CombatLogServerPacket": Basisklasse undefiniert [I:\TrinityCore\_integ-12_1_all\build\src\server\game\game.vcxproj]
  (Quelldatei „../../../../src/server/game/Server/Protocol/Opcodes.cpp“ wird kompiliert)
  
I:\TrinityCore\_integ-12_1_all\src\server\game\Server\Packets\CombatLogPackets.h(45,32): error C3668: "WorldPackets::WorldPackets::CombatLog::SpellNonMeleeDamageLog::Write": Die Methode mit dem Überschreibungsspezifizierer "override" hat keine Basisklassenmethoden überschrieben. [I:\TrinityCore\_integ-12_1_all\build\src\server\game\game.vcxproj]
  (Quelldatei „../../../../src/server/game/Server/Protocol/Opcodes.cpp“ wird kompiliert)
  
I:\TrinityCore\_integ-12_1_all\src\server\game\Server\Packets\CombatLogPackets.h(43,49): error C2614: "WorldPackets::WorldPackets::CombatLog::SpellNonMeleeDamageLog": Unzulässige Elementinitialisierung: "CombatLogServerPacket" ist weder Basis noch Element [I:\TrinityCore\_integ-12_1_all\build\src\server\game\game.vcxproj]
  (Quelldatei „../../../../src/server/game/Server/Protocol/Opcodes.cpp“ wird kompiliert)
  
I:\TrinityCore\_integ-12_1_all\src\server\game\Server\Packets\CombatLogPackets.h(68,53): error C2504: "CombatLogServerPacket": Basisklasse undefiniert [I:\TrinityCore\_integ-12_1_all\build\src\server\game\game.vcxproj]
  (Quelldatei „../../../../src/server/game/Server/Protocol/Opcodes.cpp“ wird kompiliert)
  
I:\TrinityCore\_integ-12_1_all\src\server\game\Server\Packets\CombatLogPackets.h(73,32): error C3668: "WorldPackets::WorldPackets::CombatLog::EnvironmentalDamageLog::Write": Die Methode mit dem Überschreibungsspezifizierer "override" hat keine Basisklassenmethoden überschrieben. [I:\TrinityCore\_integ-12_1_all\build\src\server\game\game.vcxproj]
  (Quelldatei „../../../../src/server/game/Server/Protocol/Opcodes.cpp“ wird kompiliert)
  
I:\TrinityCore\_integ-12_1_all\src\server\game\Server\Packets\CombatLogPackets.h(71,49): error C2614: "WorldPackets::WorldPackets::CombatLog::EnvironmentalDamageLog": Unzulässige Elementinitialisierung: "CombatLogServerPacket" ist weder Basis noch Element [I:\TrinityCore\_integ-12_1_all\build\src\server\game\game.vcxproj]
  (Quelldatei „../../../../src/server/game/Server/Protocol/Opcodes.cpp“ wird kompiliert)
  
I:\TrinityCore\_integ-12_1_all\src\server\game\Server\Packets\CombatLogPackets.h(82,46): error C2504: "CombatLogServerPacket": Basisklasse undefiniert [I:\TrinityCore\_integ-12_1_all\build\src\server\game\game.vcxproj]
  (Quelldatei „../../../../src/server/game/Server/Protocol/Opcodes.cpp“ wird kompiliert)
  
I:\TrinityCore\_integ-12_1_all\src\server\game\Server\Packets\CombatLogPackets.h(87,32): error C3668: "WorldPackets::WorldPackets::CombatLog::SpellExecuteLog::Write": Die Methode mit dem Überschreibungsspezifizierer "override" hat keine Basisklassenmethoden überschrieben. [I:\TrinityCore\_integ-12_1_all\build\src\server\game\game.vcxproj]
  (Quelldatei „../../../../src/server/game/Server/Protocol/Opcodes.cpp“ wird kompiliert)
  
I:\TrinityCore\_integ-12_1_all\src\server\game\Server\Packets\CombatLogPackets.h(85,42): error C2614: "WorldPackets::WorldPackets::CombatLog::SpellExecuteLog": Unzulässige Elementinitialisierung: "CombatLogServerPacket" ist weder Basis noch Element [I:\TrinityCore\_integ-12_1_all\build\src\server\game\game.vcxproj]
  (Quelldatei „../../../../src/server/game/Server/Protocol/Opcodes.cpp“ wird kompiliert)
  
I:\TrinityCore\_integ-12_1_all\src\server\game\Server\Packets\CombatLogPackets.h(94,43): error C2504: "CombatLogServerPacket": Basisklasse undefiniert [I:\TrinityCore\_integ-12_1_all\build\src\server\game\game.vcxproj]
  (Quelldatei „../../../../src/server/game/Server/Protocol/Opcodes.cpp“ wird kompiliert)
  
I:\TrinityCore\_integ-12_1_all\src\server\game\Server\Packets\CombatLogPackets.h(99,32): error C3668: "WorldPackets::WorldPackets::CombatLog::SpellHealLog::Write": Die Methode mit dem Überschreibungsspezifizierer "override" hat keine Basisklassenmethoden überschrieben. [I:\TrinityCore\_integ-12_1_all\build\src\server\game\game.vcxproj]
  (Quelldatei „../../../../src/server/game/Server/Protocol/Opcodes.cpp“ wird kompiliert)
  
I:\TrinityCore\_integ-12_1_all\src\server\game\Server\Packets\CombatLogPackets.h(97,39): error C2614: "WorldPackets::WorldPackets::CombatLog::SpellHealLog": Unzulässige Elementinitialisierung: "CombatLogServerPacket" ist weder Basis noch Element [I:\TrinityCore\_integ-12_1_all\build\src\server\game\game.vcxproj]
  (Quelldatei „../../../../src/server/game/Server/Protocol/Opcodes.cpp“ wird kompiliert)
  
I:\TrinityCore\_integ-12_1_all\src\server\game\Server\Packets\CombatLogPackets.h(136,51): error C2504: "CombatLogServerPacket": Basisklasse undefiniert [I:\TrinityCore\_integ-12_1_all\build\src\server\game\game.vcxproj]
  (Quelldatei „../../../../src/server/game/Server/Protocol/Opcodes.cpp“ wird kompiliert)
  
I:\TrinityCore\_integ-12_1_all\src\server\game\Server\Packets\CombatLogPackets.h(141,32): error C3668: "WorldPackets::WorldPackets::CombatLog::SpellPeriodicAuraLog::Write": Die Methode mit dem Überschreibungsspezifizierer "override" hat keine Basisklassenmethoden überschrieben. [I:\TrinityCore\_integ-12_1_all\build\src\server\game\game.vcxproj]
  (Quelldatei „../../../../src/server/game/Server/Protocol/Opcodes.cpp“ wird kompiliert)
  
I:\TrinityCore\_integ-12_1_all\src\server\game\Server\Packets\CombatLogPackets.h(139,47): error C2614: "WorldPackets::WorldPackets::CombatLog::SpellPeriodicAuraLog": Unzulässige Elementinitialisierung: "CombatLogServerPacket" ist weder Basis noch Element [I:\TrinityCore\_integ-12_1_all\build\src\server\game\game.vcxproj]
  (Quelldatei „../../../../src/server/game/Server/Protocol/Opcodes.cpp“ wird kompiliert)
  
I:\TrinityCore\_integ-12_1_all\src\server\game\Server\Packets\CombatLogPackets.h(186,47): error C2504: "CombatLogServerPacket": Basisklasse undefiniert [I:\TrinityCore\_integ-12_1_all\build\src\server\game\game.vcxproj]
  (Quelldatei „../../../../src/server/game/Server/Protocol/Opcodes.cpp“ wird kompiliert)
  
I:\TrinityCore\_integ-12_1_all\src\server\game\Server\Packets\CombatLogPackets.h(191,32): error C3668: "WorldPackets::WorldPackets::CombatLog::SpellEnergizeLog::Write": Die Methode mit dem Überschreibungsspezifizierer "override" hat keine Basisklassenmethoden überschrieben. [I:\TrinityCore\_integ-12_1_all\build\src\server\game\game.vcxproj]
  (Quelldatei „../../../../src/server/game/Server/Protocol/Opcodes.cpp“ wird kompiliert)
  
I:\TrinityCore\_integ-12_1_all\src\server\game\Server\Packets\CombatLogPackets.h(189,43): error C2614: "WorldPackets::WorldPackets::CombatLog::SpellEnergizeLog": Unzulässige Elementinitialisierung: "CombatLogServerPacket" ist weder Basis noch Element [I:\TrinityCore\_integ-12_1_all\build\src\server\game\game.vcxproj]
  (Quelldatei „../../../../src/server/game/Server/Protocol/Opcodes.cpp“ wird kompiliert)
  
I:\TrinityCore\_integ-12_1_all\src\server\game\Server\Packets\CombatLogPackets.h(268,48): error C2504: "CombatLogServerPacket": Basisklasse undefiniert [I:\TrinityCore\_integ-12_1_all\build\src\server\game\game.vcxproj]
  (Quelldatei „../../../../src/server/game/Server/Protocol/Opcodes.cpp“ wird kompiliert)
  
I:\TrinityCore\_integ-12_1_all\src\server\game\Server\Packets\CombatLogPackets.h(273,32): error C3668: "WorldPackets::WorldPackets::CombatLog::SpellDamageShield::Write": Die Methode mit dem Überschreibungsspezifizierer "override" hat keine Basisklassenmethoden überschrieben. [I:\TrinityCore\_integ-12_1_all\build\src\server\game\game.vcxproj]
  (Quelldatei „../../../../src/server/game/Server/Protocol/Opcodes.cpp“ wird kompiliert)
  
I:\TrinityCore\_integ-12_1_all\src\server\game\Server\Packets\CombatLogPackets.h(271,44): error C2614: "WorldPackets::WorldPackets::CombatLog::SpellDamageShield": Unzulässige Elementinitialisierung: "CombatLogServerPacket" ist weder Basis noch Element [I:\TrinityCore\_integ-12_1_all\build\src\server\game\game.vcxproj]
  (Quelldatei „../../../../src/server/game/Server/Protocol/Opcodes.cpp“ wird kompiliert)
  
I:\TrinityCore\_integ-12_1_all\src\server\game\Server\Packets\CombatLogPackets.h(310,50): error C2504: "CombatLogServerPacket": Basisklasse undefiniert [I:\TrinityCore\_integ-12_1_all\build\src\server\game\game.vcxproj]
  (Quelldatei „../../../../src/server/game/Server/Protocol/Opcodes.cpp“ wird kompiliert)
  
I:\TrinityCore\_integ-12_1_all\src\server\game\Server\Packets\CombatLogPackets.h(315,32): error C3668: "WorldPackets::WorldPackets::CombatLog::AttackerStateUpdate::Write": Die Methode mit dem Überschreibungsspezifizierer "override" hat keine Basisklassenmethoden überschrieben. [I:\TrinityCore\_integ-12_1_all\build\src\server\game\game.vcxproj]
  (Quelldatei „../../../../src/server/game/Server/Protocol/Opcodes.cpp“ wird kompiliert)
  
I:\TrinityCore\_integ-12_1_all\src\server\game\Server\Packets\CombatLogPackets.h(313,46): error C2614: "WorldPackets::WorldPackets::CombatLog::AttackerStateUpdate": Unzulässige Elementinitialisierung: "CombatLogServerPacket" ist weder Basis noch Element [I:\TrinityCore\_integ-12_1_all\build\src\server\game\game.vcxproj]
  (Quelldatei „../../../../src/server/game/Server/Protocol/Opcodes.cpp“ wird kompiliert)
  
I:\TrinityCore\_integ-12_1_all\src\server\game\Server\Packets\CombatLogPackets.h(343,51): error C2504: "CombatLogServerPacket": Basisklasse undefiniert [I:\TrinityCore\_integ-12_1_all\build\src\server\game\game.vcxproj]
  (Quelldatei „../../../../src/server/game/Server/Protocol/Opcodes.cpp“ wird kompiliert)
  
I:\TrinityCore\_integ-12_1_all\src\server\game\Server\Packets\CombatLogPackets.h(348,32): error C3668: "WorldPackets::WorldPackets::CombatLog::AttackSwingLandedLog::Write": Die Methode mit dem Überschreibungsspezifizierer "override" hat keine Basisklassenmethoden überschrieben. [I:\TrinityCore\_integ-12_1_all\build\src\server\game\game.vcxproj]
  (Quelldatei „../../../../src/server/game/Server/Protocol/Opcodes.cpp“ wird kompiliert)
  
I:\TrinityCore\_integ-12_1_all\src\server\game\Server\Packets\CombatLogPackets.h(346,47): error C2614: "WorldPackets::WorldPackets::CombatLog::AttackSwingLandedLog": Unzulässige Elementinitialisierung: "CombatLogServerPacket" ist weder Basis noch Element [I:\TrinityCore\_integ-12_1_all\build\src\server\game\game.vcxproj]
  (Quelldatei „../../../../src/server/game/Server/Protocol/Opcodes.cpp“ wird kompiliert)
  
I:\TrinityCore\_integ-12_1_all\src\server\game\Server\Packets\CombatLogPackets.h(366,45): error C2504: "CombatLogServerPacket": Basisklasse undefiniert [I:\TrinityCore\_integ-12_1_all\build\src\server\game\game.vcxproj]
  (Quelldatei „../../../../src/server/game/Server/Protocol/Opcodes.cpp“ wird kompiliert)
  
I:\TrinityCore\_integ-12_1_all\src\server\game\Server\Packets\CombatLogPackets.h(371,32): error C3668: "WorldPackets::WorldPackets::CombatLog::SpellAbsorbLog::Write": Die Methode mit dem Überschreibungsspezifizierer "override" hat keine Basisklassenmethoden überschrieben. [I:\TrinityCore\_integ-12_1_all\build\src\server\game\game.vcxproj]
  (Quelldatei „../../../../src/server/game/Server/Protocol/Opcodes.cpp“ wird kompiliert)
  
I:\TrinityCore\_integ-12_1_all\src\server\game\Server\Packets\CombatLogPackets.h(369,41): error C2614: "WorldPackets::WorldPackets::CombatLog::SpellAbsorbLog": Unzulässige Elementinitialisierung: "CombatLogServerPacket" ist weder Basis noch Element [I:\TrinityCore\_integ-12_1_all\build\src\server\game\game.vcxproj]
  (Quelldatei „../../../../src/server/game/Server/Protocol/Opcodes.cpp“ wird kompiliert)
  
I:\TrinityCore\_integ-12_1_all\src\server\game\Server\Packets\CombatLogPackets.h(384,49): error C2504: "CombatLogServerPacket": Basisklasse undefiniert [I:\TrinityCore\_integ-12_1_all\build\src\server\game\game.vcxproj]
  (Quelldatei „../../../../src/server/game/Server/Protocol/Opcodes.cpp“ wird kompiliert)
  
I:\TrinityCore\_integ-12_1_all\src\server\game\Server\Packets\CombatLogPackets.h(389,32): error C3668: "WorldPackets::WorldPackets::CombatLog::SpellHealAbsorbLog::Write": Die Methode mit dem Überschreibungsspezifizierer "override" hat keine Basisklassenmethoden überschrieben. [I:\TrinityCore\_integ-12_1_all\build\src\server\game\game.vcxproj]
  (Quelldatei „../../../../src/server/game/Server/Protocol/Opcodes.cpp“ wird kompiliert)
  
I:\TrinityCore\_integ-12_1_all\src\server\game\Server\Packets\CombatLogPackets.h(387,45): error C2614: "WorldPackets::WorldPackets::CombatLog::SpellHealAbsorbLog": Unzulässige Elementinitialisierung: "CombatLogServerPacket" ist weder Basis noch Element [I:\TrinityCore\_integ-12_1_all\build\src\server\game\game.vcxproj]
  (Quelldatei „../../../../src/server/game/Server/Protocol/Opcodes.cpp“ wird kompiliert)
  
  TraitMgr.cpp
I:\TrinityCore\_integ-12_1_all\src\server\game\Server\Packets\EquipmentSetPackets.h(98,27): error C3083: "Item": Das Symbol links neben "::" muss ein Typ sein. [I:\TrinityCore\_integ-12_1_all\build\src\server\game\game.vcxproj]
  (Quelldatei „../../../../src/server/game/Server/Protocol/Opcodes.cpp“ wird kompiliert)
  
I:\TrinityCore\_integ-12_1_all\src\server\game\Server\Packets\EquipmentSetPackets.h(98,33): error C2039: "InvUpdate" ist kein Member von "WorldPackets::WorldPackets". [I:\TrinityCore\_integ-12_1_all\build\src\server\game\game.vcxproj]
  (Quelldatei „../../../../src/server/game/Server/Protocol/Opcodes.cpp“ wird kompiliert)
      I:\TrinityCore\_integ-12_1_all\src\server\game\Server\Packets\EquipmentSetPackets.h(25,11):
      Siehe Deklaration von "WorldPackets::WorldPackets"
  
I:\TrinityCore\_integ-12_1_all\src\server\game\Server\Packets\EquipmentSetPackets.h(98,43): error C3646: "Inv": Unbekannter Überschreibungsspezifizierer [I:\TrinityCore\_integ-12_1_all\build\src\server\game\game.vcxproj]
  (Quelldatei „../../../../src/server/game/Server/Protocol/Opcodes.cpp“ wird kompiliert)
  
I:\TrinityCore\_integ-12_1_all\src\server\game\Server\Packets\EquipmentSetPackets.h(98,33): error C4430: Fehlender Typspezifizierer - int wird angenommen. Hinweis: "default-int" wird von C++ nicht unterstützt. [I:\TrinityCore\_integ-12_1_all\build\src\server\game\game.vcxproj]
  (Quelldatei „../../../../src/server/game/Server/Protocol/Opcodes.cpp“ wird kompiliert)
  
I:\TrinityCore\_integ-12_1_all\src\server\game\Server\Packets\CharacterPackets.h(1011,1): error C2059: Syntaxfehler: "}" [I:\TrinityCore\_integ-12_1_all\build\src\server\game\game.vcxproj]
  (Quelldatei „../../../../src/server/game/Server/WorldSocket.cpp“ wird kompiliert)
  
I:\TrinityCore\_integ-12_1_all\src\server\game\Server\Packets\CharacterPackets.h(1011,1): error C2143: Syntaxfehler: Es fehlt ";" vor "}" [I:\TrinityCore\_integ-12_1_all\build\src\server\game\game.vcxproj]
  (Quelldatei „../../../../src/server/game/Server/WorldSocket.cpp“ wird kompiliert)
  
I:\TrinityCore\_integ-12_1_all\src\common\Cryptography\CryptoHash.h(69,17): error C2039: "Assert" ist kein Member von "WorldPackets::Trinity". [I:\TrinityCore\_integ-12_1_all\build\src\server\game\game.vcxproj]
  (Quelldatei „../../../../src/server/game/Server/WorldSocket.cpp“ wird kompiliert)
      I:\TrinityCore\_integ-12_1_all\src\common\Cryptography\CryptoHash.h(32,11):
      Siehe Deklaration von "WorldPackets::Trinity"
      I:\TrinityCore\_integ-12_1_all\src\common\Cryptography\CryptoHash.h(69,17):
      der Vorlageninstanziierungskontext (der älteste zuerst) ist
          I:\TrinityCore\_integ-12_1_all\src\common\Cryptography\CryptoHash.h(43,11):
          beim Kompilieren der Klassenvorlage "WorldPackets::Trinity::Impl::GenericHash"
  
I:\TrinityCore\_integ-12_1_all\src\common\Cryptography\CryptoHash.h(96,17): error C2039: "Assert" ist kein Member von "WorldPackets::Trinity". [I:\TrinityCore\_integ-12_1_all\build\src\server\game\game.vcxproj]
  (Quelldatei „../../../../src/server/game/Server/WorldSocket.cpp“ wird kompiliert)
      I:\TrinityCore\_integ-12_1_all\src\common\Cryptography\CryptoHash.h(32,11):
      Siehe Deklaration von "WorldPackets::Trinity"
  
I:\TrinityCore\_integ-12_1_all\src\common\Cryptography\CryptoHash.h(114,17): error C2039: "Assert" ist kein Member von "WorldPackets::Trinity". [I:\TrinityCore\_integ-12_1_all\build\src\server\game\game.vcxproj]
  (Quelldatei „../../../../src/server/game/Server/WorldSocket.cpp“ wird kompiliert)
      I:\TrinityCore\_integ-12_1_all\src\common\Cryptography\CryptoHash.h(32,11):
      Siehe Deklaration von "WorldPackets::Trinity"
  
I:\TrinityCore\_integ-12_1_all\src\common\Cryptography\CryptoHash.h(126,17): error C2039: "Assert" ist kein Member von "WorldPackets::Trinity". [I:\TrinityCore\_integ-12_1_all\build\src\server\game\game.vcxproj]
  (Quelldatei „../../../../src/server/game/Server/WorldSocket.cpp“ wird kompiliert)
      I:\TrinityCore\_integ-12_1_all\src\common\Cryptography\CryptoHash.h(32,11):
      Siehe Deklaration von "WorldPackets::Trinity"
  
I:\TrinityCore\_integ-12_1_all\src\common\Cryptography\CryptoHash.h(127,17): error C2039: "Assert" ist kein Member von "WorldPackets::Trinity". [I:\TrinityCore\_integ-12_1_all\build\src\server\game\game.vcxproj]
  (Quelldatei „../../../../src/server/game/Server/WorldSocket.cpp“ wird kompiliert)
      I:\TrinityCore\_integ-12_1_all\src\common\Cryptography\CryptoHash.h(32,11):
      Siehe Deklaration von "WorldPackets::Trinity"
  
I:\TrinityCore\_integ-12_1_all\src\common\Cryptography\HMAC.h(61,17): error C2039: "Assert" ist kein Member von "WorldPackets::Trinity". [I:\TrinityCore\_integ-12_1_all\build\src\server\game\game.vcxproj]
  (Quelldatei „../../../../src/server/game/Server/WorldSocket.cpp“ wird kompiliert)
      I:\TrinityCore\_integ-12_1_all\src\common\Cryptography\HMAC.h(31,11):
      Siehe Deklaration von "WorldPackets::Trinity"
      I:\TrinityCore\_integ-12_1_all\src\common\Cryptography\HMAC.h(61,17):
      der Vorlageninstanziierungskontext (der älteste zuerst) ist
          I:\TrinityCore\_integ-12_1_all\src\common\Cryptography\HMAC.h(34,11):
          beim Kompilieren der Klassenvorlage "WorldPackets::Trinity::Impl::GenericHMAC"
  
I:\TrinityCore\_integ-12_1_all\src\common\Cryptography\HMAC.h(90,17): error C2039: "Assert" ist kein Member von "WorldPackets::Trinity". [I:\TrinityCore\_integ-12_1_all\build\src\server\game\game.vcxproj]
  (Quelldatei „../../../../src/server/game/Server/WorldSocket.cpp“ wird kompiliert)
      I:\TrinityCore\_integ-12_1_all\src\common\Cryptography\HMAC.h(31,11):
      Siehe Deklaration von "WorldPackets::Trinity"
  
I:\TrinityCore\_integ-12_1_all\src\common\Cryptography\HMAC.h(111,17): error C2039: "Assert" ist kein Member von "WorldPackets::Trinity". [I:\TrinityCore\_integ-12_1_all\build\src\server\game\game.vcxproj]
  (Quelldatei „../../../../src/server/game/Server/WorldSocket.cpp“ wird kompiliert)
      I:\TrinityCore\_integ-12_1_all\src\common\Cryptography\HMAC.h(31,11):
      Siehe Deklaration von "WorldPackets::Trinity"
  
I:\TrinityCore\_integ-12_1_all\src\common\Cryptography\HMAC.h(123,17): error C2039: "Assert" ist kein Member von "WorldPackets::Trinity". [I:\TrinityCore\_integ-12_1_all\build\src\server\game\game.vcxproj]
  (Quelldatei „../../../../src/server/game/Server/WorldSocket.cpp“ wird kompiliert)
      I:\TrinityCore\_integ-12_1_all\src\common\Cryptography\HMAC.h(31,11):
      Siehe Deklaration von "WorldPackets::Trinity"
  
I:\TrinityCore\_integ-12_1_all\src\common\Cryptography\HMAC.h(124,17): error C2039: "Assert" ist kein Member von "WorldPackets::Trinity". [I:\TrinityCore\_integ-12_1_all\build\src\server\game\game.vcxproj]
  (Quelldatei „../../../../src/server/game/Server/WorldSocket.cpp“ wird kompiliert)
      I:\TrinityCore\_integ-12_1_all\src\common\Cryptography\HMAC.h(31,11):
      Siehe Deklaration von "WorldPackets::Trinity"
  
I:\TrinityCore\_integ-12_1_all\src\server\shared\Networking\ConnectionInitializers\IpBanCheckConnectionInitializer.h(36,48): error C3861: "SocketConnectionInitializer": Bezeichner wurde nicht gefunden. [I:\TrinityCore\_integ-12_1_all\build\src\server\game\game.vcxproj]
  (Quelldatei „../../../../src/server/game/Server/WorldSocket.cpp“ wird kompiliert)
      I:\TrinityCore\_integ-12_1_all\src\server\shared\Networking\ConnectionInitializers\IpBanCheckConnectionInitializer.h(36,48):
      der Vorlageninstanziierungskontext (der älteste zuerst) ist
          I:\TrinityCore\_integ-12_1_all\src\server\shared\Networking\ConnectionInitializers\IpBanCheckConnectionInitializer.h(36,8):
          beim Kompilieren der Klassenvorlage "WorldPackets::Trinity::Net::IpBanCheckConnectionInitializer"
  
  SpellAuraEffects.cpp
I:\TrinityCore\_integ-12_1_all\src\server\game\Server\Packets\GuildPackets.h(790,27): error C3083: "Item": Das Symbol links neben "::" muss ein Typ sein. [I:\TrinityCore\_integ-12_1_all\build\src\server\game\game.vcxproj]
  (Quelldatei „../../../../src/server/game/Server/Protocol/Opcodes.cpp“ wird kompiliert)
  
I:\TrinityCore\_integ-12_1_all\src\server\game\Server\Packets\GuildPackets.h(790,33): error C2039: "ItemInstance" ist kein Member von "WorldPackets::WorldPackets". [I:\TrinityCore\_integ-12_1_all\build\src\server\game\game.vcxproj]
  (Quelldatei „../../../../src/server/game/Server/Protocol/Opcodes.cpp“ wird kompiliert)
      I:\TrinityCore\_integ-12_1_all\src\server\game\Server\Packets\GuildPackets.h(29,11):
      Siehe Deklaration von "WorldPackets::WorldPackets"
  
I:\TrinityCore\_integ-12_1_all\src\server\game\Server\Packets\GuildPackets.h(790,46): error C3646: "Item": Unbekannter Überschreibungsspezifizierer [I:\TrinityCore\_integ-12_1_all\build\src\server\game\game.vcxproj]
  (Quelldatei „../../../../src/server/game/Server/Protocol/Opcodes.cpp“ wird kompiliert)
  
I:\TrinityCore\_integ-12_1_all\src\server\game\Server\Packets\GuildPackets.h(790,33): error C4430: Fehlender Typspezifizierer - int wird angenommen. Hinweis: "default-int" wird von C++ nicht unterstützt. [I:\TrinityCore\_integ-12_1_all\build\src\server\game\game.vcxproj]
  (Quelldatei „../../../../src/server/game/Server/Protocol/Opcodes.cpp“ wird kompiliert)
  
  SpellAuras.cpp
  WhoListStorage.cpp
I:\TrinityCore\_integ-12_1_all\src\server\game\Server\Packets\InspectPackets.h(31,7): error C2365: "WorldPackets::Item": Erneute Definition; vorherige Definition war "Namespace". [I:\TrinityCore\_integ-12_1_all\build\src\server\game\game.vcxproj]
  (Quelldatei „../../../../src/server/game/Server/Protocol/Opcodes.cpp“ wird kompiliert)
      I:\TrinityCore\_integ-12_1_all\src\server\game\Entities\Item\Item.h(34,15):
      Siehe Deklaration von "WorldPackets::Item"
  
I:\TrinityCore\_integ-12_1_all\src\server\game\Server\Packets\InspectPackets.h(69,19): error C2027: Verwendung des undefinierten Typs "WorldPackets::Item" [I:\TrinityCore\_integ-12_1_all\build\src\server\game\game.vcxproj]
  (Quelldatei „../../../../src/server/game/Server/Protocol/Opcodes.cpp“ wird kompiliert)
      I:\TrinityCore\_integ-12_1_all\src\server\game\Server\Packets\InspectPackets.h(31,7):
      Siehe Deklaration von "WorldPackets::Item"
  
I:\TrinityCore\_integ-12_1_all\src\server\game\Server\Packets\InspectPackets.h(69,32): error C3646: "Item": Unbekannter Überschreibungsspezifizierer [I:\TrinityCore\_integ-12_1_all\build\src\server\game\game.vcxproj]
  (Quelldatei „../../../../src/server/game/Server/Protocol/Opcodes.cpp“ wird kompiliert)
  
I:\TrinityCore\_integ-12_1_all\src\server\game\Server\Packets\InspectPackets.h(69,19): error C4430: Fehlender Typspezifizierer - int wird angenommen. Hinweis: "default-int" wird von C++ nicht unterstützt. [I:\TrinityCore\_integ-12_1_all\build\src\server\game\game.vcxproj]
  (Quelldatei „../../../../src/server/game/Server/Protocol/Opcodes.cpp“ wird kompiliert)
  
I:\TrinityCore\_integ-12_1_all\src\server\game\Server\Packets\InspectPackets.h(73,31): error C2027: Verwendung des undefinierten Typs "WorldPackets::Item" [I:\TrinityCore\_integ-12_1_all\build\src\server\game\game.vcxproj]
  (Quelldatei „../../../../src/server/game/Server/Protocol/Opcodes.cpp“ wird kompiliert)
      I:\TrinityCore\_integ-12_1_all\src\server\game\Server\Packets\InspectPackets.h(31,7):
      Siehe Deklaration von "WorldPackets::Item"
  
I:\TrinityCore\_integ-12_1_all\src\server\game\Server\Packets\InspectPackets.h(73,31): error C2065: "ItemGemData": nichtdeklarierter Bezeichner [I:\TrinityCore\_integ-12_1_all\build\src\server\game\game.vcxproj]
  (Quelldatei „../../../../src/server/game/Server/Protocol/Opcodes.cpp“ wird kompiliert)
  
I:\TrinityCore\_integ-12_1_all\src\server\game\Server\Packets\InspectPackets.h(73,18): error C2923: „std::vector“: „ItemGemData“ ist kein gültiges Vorlage-Typargument für Parameter „_Ty“. [I:\TrinityCore\_integ-12_1_all\build\src\server\game\game.vcxproj]
  (Quelldatei „../../../../src/server/game/Server/Protocol/Opcodes.cpp“ wird kompiliert)
      I:\TrinityCore\_integ-12_1_all\src\server\game\Server\Packets\InspectPackets.h(73,31):
      Siehe Deklaration von "ItemGemData"
  
I:\TrinityCore\_integ-12_1_all\src\server\game\Server\Packets\InspectPackets.h(73,18): error C2976: „std::vector“: Nicht genügend Vorlage-Argumente [I:\TrinityCore\_integ-12_1_all\build\src\server\game\game.vcxproj]
  (Quelldatei „../../../../src/server/game/Server/Protocol/Opcodes.cpp“ wird kompiliert)
      C:\Program Files\Microsoft Visual Studio\2022\Enterprise\VC\Tools\MSVC\14.44.35207\include\vector(442,7):
      Siehe Deklaration von "std::vector"
  
I:\TrinityCore\_integ-12_1_all\src\server\game\Server\Packets\InspectPackets.h(73,44): error C2955: "std::vector" : Für die Verwendung von Klasse Vorlage ist eine Vorlage-Argumentliste erforderlich [I:\TrinityCore\_integ-12_1_all\build\src\server\game\game.vcxproj]
  (Quelldatei „../../../../src/server/game/Server/Protocol/Opcodes.cpp“ wird kompiliert)
      C:\Program Files\Microsoft Visual Studio\2022\Enterprise\VC\Tools\MSVC\14.44.35207\include\vector(442,7):
      Siehe Deklaration von "std::vector"
  
I:\TrinityCore\_integ-12_1_all\src\server\game\Server\Packets\InstancePackets.h(456,27): error C2039: "Duration" ist kein Member von "WorldPackets::WorldPackets". [I:\TrinityCore\_integ-12_1_all\build\src\server\game\game.vcxproj]
  (Quelldatei „../../../../src/server/game/Server/Protocol/Opcodes.cpp“ wird kompiliert)
      I:\TrinityCore\_integ-12_1_all\src\server\game\Server\Packets\InstancePackets.h(27,11):
      Siehe Deklaration von "WorldPackets::WorldPackets"
  
I:\TrinityCore\_integ-12_1_all\src\server\game\Server\Packets\InstancePackets.h(456,35): error C2059: Syntaxfehler: "<" [I:\TrinityCore\_integ-12_1_all\build\src\server\game\game.vcxproj]
  (Quelldatei „../../../../src/server/game/Server/Protocol/Opcodes.cpp“ wird kompiliert)
  
I:\TrinityCore\_integ-12_1_all\src\server\game\Server\Packets\InstancePackets.h(456,66): error C2238: Unerwartete(s) Token vor ";" [I:\TrinityCore\_integ-12_1_all\build\src\server\game\game.vcxproj]
  (Quelldatei „../../../../src/server/game/Server/Protocol/Opcodes.cpp“ wird kompiliert)
  
I:\TrinityCore\_integ-12_1_all\src\server\game\Server\Packets\InstancePackets.h(457,27): error C2039: "Duration" ist kein Member von "WorldPackets::WorldPackets". [I:\TrinityCore\_integ-12_1_all\build\src\server\game\game.vcxproj]
  (Quelldatei „../../../../src/server/game/Server/Protocol/Opcodes.cpp“ wird kompiliert)
      I:\TrinityCore\_integ-12_1_all\src\server\game\Server\Packets\InstancePackets.h(27,11):
      Siehe Deklaration von "WorldPackets::WorldPackets"
  
I:\TrinityCore\_integ-12_1_all\src\server\game\Server\Packets\InstancePackets.h(457,35): error C2059: Syntaxfehler: "<" [I:\TrinityCore\_integ-12_1_all\build\src\server\game\game.vcxproj]
  (Quelldatei „../../../../src/server/game/Server/Protocol/Opcodes.cpp“ wird kompiliert)
  
I:\TrinityCore\_integ-12_1_all\src\server\game\Server\Packets\InstancePackets.h(457,74): error C2238: Unerwartete(s) Token vor ";" [I:\TrinityCore\_integ-12_1_all\build\src\server\game\game.vcxproj]
  (Quelldatei „../../../../src/server/game/Server/Protocol/Opcodes.cpp“ wird kompiliert)
  
I:\TrinityCore\_integ-12_1_all\src\server\game\Server\Packets\ItemPackets.h(56,26): error C3646: "Item": Unbekannter Überschreibungsspezifizierer [I:\TrinityCore\_integ-12_1_all\build\src\server\game\game.vcxproj]
  (Quelldatei „../../../../src/server/game/Server/Protocol/Opcodes.cpp“ wird kompiliert)
  
I:\TrinityCore\_integ-12_1_all\src\server\game\Server\Packets\ItemPackets.h(56,13): error C4430: Fehlender Typspezifizierer - int wird angenommen. Hinweis: "default-int" wird von C++ nicht unterstützt. [I:\TrinityCore\_integ-12_1_all\build\src\server\game\game.vcxproj]
  (Quelldatei „../../../../src/server/game/Server/Protocol/Opcodes.cpp“ wird kompiliert)
  
I:\TrinityCore\_integ-12_1_all\src\server\game\Server\Packets\ItemPackets.h(247,23): error C3646: "Inv": Unbekannter Überschreibungsspezifizierer [I:\TrinityCore\_integ-12_1_all\build\src\server\game\game.vcxproj]
  (Quelldatei „../../../../src/server/game/Server/Protocol/Opcodes.cpp“ wird kompiliert)
  
I:\TrinityCore\_integ-12_1_all\src\server\game\Server\Packets\ItemPackets.h(247,13): error C4430: Fehlender Typspezifizierer - int wird angenommen. Hinweis: "default-int" wird von C++ nicht unterstützt. [I:\TrinityCore\_integ-12_1_all\build\src\server\game\game.vcxproj]
  (Quelldatei „../../../../src/server/game/Server/Protocol/Opcodes.cpp“ wird kompiliert)
  
I:\TrinityCore\_integ-12_1_all\src\server\game\Server\Packets\ItemPackets.h(258,23): error C3646: "Inv": Unbekannter Überschreibungsspezifizierer [I:\TrinityCore\_integ-12_1_all\build\src\server\game\game.vcxproj]
  (Quelldatei „../../../../src/server/game/Server/Protocol/Opcodes.cpp“ wird kompiliert)
  
I:\TrinityCore\_integ-12_1_all\src\server\game\Server\Packets\ItemPackets.h(258,13): error C4430: Fehlender Typspezifizierer - int wird angenommen. Hinweis: "default-int" wird von C++ nicht unterstützt. [I:\TrinityCore\_integ-12_1_all\build\src\server\game\game.vcxproj]
  (Quelldatei „../../../../src/server/game/Server/Protocol/Opcodes.cpp“ wird kompiliert)
  
I:\TrinityCore\_integ-12_1_all\src\server\game\Server\Packets\ItemPackets.h(270,23): error C3646: "Inv": Unbekannter Überschreibungsspezifizierer [I:\TrinityCore\_integ-12_1_all\build\src\server\game\game.vcxproj]
  (Quelldatei „../../../../src/server/game/Server/Protocol/Opcodes.cpp“ wird kompiliert)
  
I:\TrinityCore\_integ-12_1_all\src\server\game\Server\Packets\ItemPackets.h(270,13): error C4430: Fehlender Typspezifizierer - int wird angenommen. Hinweis: "default-int" wird von C++ nicht unterstützt. [I:\TrinityCore\_integ-12_1_all\build\src\server\game\game.vcxproj]
  (Quelldatei „../../../../src/server/game/Server/Protocol/Opcodes.cpp“ wird kompiliert)
  
I:\TrinityCore\_integ-12_1_all\src\server\game\Server\Packets\ItemPackets.h(285,23): error C3646: "Inv": Unbekannter Überschreibungsspezifizierer [I:\TrinityCore\_integ-12_1_all\build\src\server\game\game.vcxproj]
  (Quelldatei „../../../../src/server/game/Server/Protocol/Opcodes.cpp“ wird kompiliert)
  
I:\TrinityCore\_integ-12_1_all\src\server\game\Server\Packets\ItemPackets.h(285,13): error C4430: Fehlender Typspezifizierer - int wird angenommen. Hinweis: "default-int" wird von C++ nicht unterstützt. [I:\TrinityCore\_integ-12_1_all\build\src\server\game\game.vcxproj]
  (Quelldatei „../../../../src/server/game/Server/Protocol/Opcodes.cpp“ wird kompiliert)
  
I:\TrinityCore\_integ-12_1_all\src\server\game\Server\Packets\ItemPackets.h(298,23): error C3646: "Inv": Unbekannter Überschreibungsspezifizierer [I:\TrinityCore\_integ-12_1_all\build\src\server\game\game.vcxproj]
  (Quelldatei „../../../../src/server/game/Server/Protocol/Opcodes.cpp“ wird kompiliert)
  
I:\TrinityCore\_integ-12_1_all\src\server\game\Server\Packets\ItemPackets.h(298,13): error C4430: Fehlender Typspezifizierer - int wird angenommen. Hinweis: "default-int" wird von C++ nicht unterstützt. [I:\TrinityCore\_integ-12_1_all\build\src\server\game\game.vcxproj]
  (Quelldatei „../../../../src/server/game/Server/Protocol/Opcodes.cpp“ wird kompiliert)
  
I:\TrinityCore\_integ-12_1_all\src\server\game\Server\Packets\ItemPackets.h(309,23): error C3646: "Inv": Unbekannter Überschreibungsspezifizierer [I:\TrinityCore\_integ-12_1_all\build\src\server\game\game.vcxproj]
  (Quelldatei „../../../../src/server/game/Server/Protocol/Opcodes.cpp“ wird kompiliert)
  
I:\TrinityCore\_integ-12_1_all\src\server\game\Server\Packets\ItemPackets.h(309,13): error C4430: Fehlender Typspezifizierer - int wird angenommen. Hinweis: "default-int" wird von C++ nicht unterstützt. [I:\TrinityCore\_integ-12_1_all\build\src\server\game\game.vcxproj]
  (Quelldatei „../../../../src/server/game/Server/Protocol/Opcodes.cpp“ wird kompiliert)
  
I:\TrinityCore\_integ-12_1_all\src\server\game\Server\Packets\ItemPackets.h(355,26): error C3646: "Item": Unbekannter Überschreibungsspezifizierer [I:\TrinityCore\_integ-12_1_all\build\src\server\game\game.vcxproj]
  (Quelldatei „../../../../src/server/game/Server/Protocol/Opcodes.cpp“ wird kompiliert)
  
I:\TrinityCore\_integ-12_1_all\src\server\game\Server\Packets\ItemPackets.h(355,13): error C4430: Fehlender Typspezifizierer - int wird angenommen. Hinweis: "default-int" wird von C++ nicht unterstützt. [I:\TrinityCore\_integ-12_1_all\build\src\server\game\game.vcxproj]
  (Quelldatei „../../../../src/server/game/Server/Protocol/Opcodes.cpp“ wird kompiliert)
  
I:\TrinityCore\_integ-12_1_all\src\server\game\Server\Packets\ItemPackets.h(367,25): error C2065: "UiEventToast": nichtdeklarierter Bezeichner [I:\TrinityCore\_integ-12_1_all\build\src\server\game\game.vcxproj]
  (Quelldatei „../../../../src/server/game/Server/Protocol/Opcodes.cpp“ wird kompiliert)
  
I:\TrinityCore\_integ-12_1_all\src\server\game\Server\Packets\ItemPackets.h(367,18): error C2923: „std::vector“: „UiEventToast“ ist kein gültiges Vorlage-Typargument für Parameter „_Ty“. [I:\TrinityCore\_integ-12_1_all\build\src\server\game\game.vcxproj]
  (Quelldatei „../../../../src/server/game/Server/Protocol/Opcodes.cpp“ wird kompiliert)
      I:\TrinityCore\_integ-12_1_all\src\server\game\Server\Packets\ItemPackets.h(367,25):
      Siehe Deklaration von "UiEventToast"
  
I:\TrinityCore\_integ-12_1_all\src\server\game\Server\Packets\ItemPackets.h(367,18): error C2976: „std::vector“: Nicht genügend Vorlage-Argumente [I:\TrinityCore\_integ-12_1_all\build\src\server\game\game.vcxproj]
  (Quelldatei „../../../../src/server/game/Server/Protocol/Opcodes.cpp“ wird kompiliert)
      C:\Program Files\Microsoft Visual Studio\2022\Enterprise\VC\Tools\MSVC\14.44.35207\include\vector(442,7):
      Siehe Deklaration von "std::vector"
  
I:\TrinityCore\_integ-12_1_all\src\server\game\Server\Packets\ItemPackets.h(367,39): error C2955: "std::vector" : Für die Verwendung von Klasse Vorlage ist eine Vorlage-Argumentliste erforderlich [I:\TrinityCore\_integ-12_1_all\build\src\server\game\game.vcxproj]
  (Quelldatei „../../../../src/server/game/Server/Protocol/Opcodes.cpp“ wird kompiliert)
      C:\Program Files\Microsoft Visual Studio\2022\Enterprise\VC\Tools\MSVC\14.44.35207\include\vector(442,7):
      Siehe Deklaration von "std::vector"
  
I:\TrinityCore\_integ-12_1_all\src\server\game\Server\Packets\ItemPackets.h(348,138): error C2512: "std::vector": Kein geeigneter Standardkonstruktor verfügbar [I:\TrinityCore\_integ-12_1_all\build\src\server\game\game.vcxproj]
  (Quelldatei „../../../../src/server/game/Server/Protocol/Opcodes.cpp“ wird kompiliert)
      C:\Program Files\Microsoft Visual Studio\2022\Enterprise\VC\Tools\MSVC\14.44.35207\include\vector(442,7):
      Siehe Deklaration von "std::vector"
  
I:\TrinityCore\_integ-12_1_all\src\server\game\Server\Packets\ItemPackets.h(418,23): error C3646: "Inv": Unbekannter Überschreibungsspezifizierer [I:\TrinityCore\_integ-12_1_all\build\src\server\game\game.vcxproj]
  (Quelldatei „../../../../src/server/game/Server/Protocol/Opcodes.cpp“ wird kompiliert)
  
I:\TrinityCore\_integ-12_1_all\src\server\game\Server\Packets\ItemPackets.h(418,13): error C4430: Fehlender Typspezifizierer - int wird angenommen. Hinweis: "default-int" wird von C++ nicht unterstützt. [I:\TrinityCore\_integ-12_1_all\build\src\server\game\game.vcxproj]
  (Quelldatei „../../../../src/server/game/Server/Protocol/Opcodes.cpp“ wird kompiliert)
  
I:\TrinityCore\_integ-12_1_all\src\server\game\Server\Packets\LFGPackets.h(58,24): error C3646: "Ticket": Unbekannter Überschreibungsspezifizierer [I:\TrinityCore\_integ-12_1_all\build\src\server\game\game.vcxproj]
  (Quelldatei „../../../../src/server/game/Server/Protocol/Opcodes.cpp“ wird kompiliert)
  
I:\TrinityCore\_integ-12_1_all\src\server\game\Server\Packets\LFGPackets.h(58,13): error C4430: Fehlender Typspezifizierer - int wird angenommen. Hinweis: "default-int" wird von C++ nicht unterstützt. [I:\TrinityCore\_integ-12_1_all\build\src\server\game\game.vcxproj]
  (Quelldatei „../../../../src/server/game/Server/Protocol/Opcodes.cpp“ wird kompiliert)
  
I:\TrinityCore\_integ-12_1_all\src\server\game\Server\Packets\LFGPackets.h(68,24): error C3646: "Ticket": Unbekannter Überschreibungsspezifizierer [I:\TrinityCore\_integ-12_1_all\build\src\server\game\game.vcxproj]
  (Quelldatei „../../../../src/server/game/Server/Protocol/Opcodes.cpp“ wird kompiliert)
  
I:\TrinityCore\_integ-12_1_all\src\server\game\Server\Packets\LFGPackets.h(68,13): error C4430: Fehlender Typspezifizierer - int wird angenommen. Hinweis: "default-int" wird von C++ nicht unterstützt. [I:\TrinityCore\_integ-12_1_all\build\src\server\game\game.vcxproj]
  (Quelldatei „../../../../src/server/game/Server/Protocol/Opcodes.cpp“ wird kompiliert)
  
I:\TrinityCore\_integ-12_1_all\src\server\game\Server\Packets\LFGPackets.h(131,24): error C3646: "Ticket": Unbekannter Überschreibungsspezifizierer [I:\TrinityCore\_integ-12_1_all\build\src\server\game\game.vcxproj]
  (Quelldatei „../../../../src/server/game/Server/Protocol/Opcodes.cpp“ wird kompiliert)
  
I:\TrinityCore\_integ-12_1_all\src\server\game\Server\Packets\LFGPackets.h(131,13): error C4430: Fehlender Typspezifizierer - int wird angenommen. Hinweis: "default-int" wird von C++ nicht unterstützt. [I:\TrinityCore\_integ-12_1_all\build\src\server\game\game.vcxproj]
  (Quelldatei „../../../../src/server/game/Server/Protocol/Opcodes.cpp“ wird kompiliert)
  
  SupportMgr.cpp
  ChatTextBuilder.cpp
I:\TrinityCore\_integ-12_1_all\src\server\game\Server\Packets\LFGPackets.h(427,24): error C3646: "Ticket": Unbekannter Überschreibungsspezifizierer [I:\TrinityCore\_integ-12_1_all\build\src\server\game\game.vcxproj]
  (Quelldatei „../../../../src/server/game/Server/Protocol/Opcodes.cpp“ wird kompiliert)
  
I:\TrinityCore\_integ-12_1_all\src\server\game\Server\Packets\LFGPackets.h(427,13): error C4430: Fehlender Typspezifizierer - int wird angenommen. Hinweis: "default-int" wird von C++ nicht unterstützt. [I:\TrinityCore\_integ-12_1_all\build\src\server\game\game.vcxproj]
  (Quelldatei „../../../../src/server/game/Server/Protocol/Opcodes.cpp“ wird kompiliert)
  
I:\TrinityCore\_integ-12_1_all\src\server\game\Server\Packets\LFGPackets.h(584,24): error C3646: "Ticket": Unbekannter Überschreibungsspezifizierer [I:\TrinityCore\_integ-12_1_all\build\src\server\game\game.vcxproj]
  (Quelldatei „../../../../src/server/game/Server/Protocol/Opcodes.cpp“ wird kompiliert)
  
I:\TrinityCore\_integ-12_1_all\src\server\game\Server\Packets\LFGPackets.h(584,13): error C4430: Fehlender Typspezifizierer - int wird angenommen. Hinweis: "default-int" wird von C++ nicht unterstützt. [I:\TrinityCore\_integ-12_1_all\build\src\server\game\game.vcxproj]
  (Quelldatei „../../../../src/server/game/Server/Protocol/Opcodes.cpp“ wird kompiliert)
  
I:\TrinityCore\_integ-12_1_all\src\server\game\Server\Packets\LFGPackets.h(639,24): error C3646: "Ticket": Unbekannter Überschreibungsspezifizierer [I:\TrinityCore\_integ-12_1_all\build\src\server\game\game.vcxproj]
  (Quelldatei „../../../../src/server/game/Server/Protocol/Opcodes.cpp“ wird kompiliert)
  
I:\TrinityCore\_integ-12_1_all\src\server\game\Server\Packets\LFGPackets.h(639,13): error C4430: Fehlender Typspezifizierer - int wird angenommen. Hinweis: "default-int" wird von C++ nicht unterstützt. [I:\TrinityCore\_integ-12_1_all\build\src\server\game\game.vcxproj]
  (Quelldatei „../../../../src/server/game/Server/Protocol/Opcodes.cpp“ wird kompiliert)
  
I:\TrinityCore\_integ-12_1_all\src\server\game\Server\Packets\LFGPackets.h(653,24): error C3646: "Ticket": Unbekannter Überschreibungsspezifizierer [I:\TrinityCore\_integ-12_1_all\build\src\server\game\game.vcxproj]
  (Quelldatei „../../../../src/server/game/Server/Protocol/Opcodes.cpp“ wird kompiliert)
  
I:\TrinityCore\_integ-12_1_all\src\server\game\Server\Packets\LFGPackets.h(653,13): error C4430: Fehlender Typspezifizierer - int wird angenommen. Hinweis: "default-int" wird von C++ nicht unterstützt. [I:\TrinityCore\_integ-12_1_all\build\src\server\game\game.vcxproj]
  (Quelldatei „../../../../src/server/game/Server/Protocol/Opcodes.cpp“ wird kompiliert)
  
I:\TrinityCore\_integ-12_1_all\src\server\game\Server\Packets\LFGPackets.h(679,28): error C2039: "ItemInstance" ist kein Member von "WorldPackets::WorldPackets::Item". [I:\TrinityCore\_integ-12_1_all\build\src\server\game\game.vcxproj]
  (Quelldatei „../../../../src/server/game/Server/Protocol/Opcodes.cpp“ wird kompiliert)
      I:\TrinityCore\_integ-12_1_all\src\server\game\Server\Packets\ItemPackets.h(35,15):
      Siehe Deklaration von "WorldPackets::WorldPackets::Item"
  
I:\TrinityCore\_integ-12_1_all\src\server\game\Server\Packets\LFGPackets.h(679,28): error C2065: "ItemInstance": nichtdeklarierter Bezeichner [I:\TrinityCore\_integ-12_1_all\build\src\server\game\game.vcxproj]
  (Quelldatei „../../../../src/server/game/Server/Protocol/Opcodes.cpp“ wird kompiliert)
  
I:\TrinityCore\_integ-12_1_all\src\server\game\Server\Packets\LFGPackets.h(679,13): error C2923: „Optional“: „ItemInstance“ ist kein gültiges Vorlage-Typargument für Parameter „T“. [I:\TrinityCore\_integ-12_1_all\build\src\server\game\game.vcxproj]
  (Quelldatei „../../../../src/server/game/Server/Protocol/Opcodes.cpp“ wird kompiliert)
      I:\TrinityCore\_integ-12_1_all\src\server\game\Server\Packets\LFGPackets.h(679,28):
      Siehe Deklaration von "ItemInstance"
  
I:\TrinityCore\_integ-12_1_all\src\server\game\Server\Packets\LFGPackets.h(740,24): error C3646: "Ticket": Unbekannter Überschreibungsspezifizierer [I:\TrinityCore\_integ-12_1_all\build\src\server\game\game.vcxproj]
  (Quelldatei „../../../../src/server/game/Server/Protocol/Opcodes.cpp“ wird kompiliert)
  
I:\TrinityCore\_integ-12_1_all\src\server\game\Server\Packets\LFGPackets.h(740,13): error C4430: Fehlender Typspezifizierer - int wird angenommen. Hinweis: "default-int" wird von C++ nicht unterstützt. [I:\TrinityCore\_integ-12_1_all\build\src\server\game\game.vcxproj]
  (Quelldatei „../../../../src/server/game/Server/Protocol/Opcodes.cpp“ wird kompiliert)
  
I:\TrinityCore\_integ-12_1_all\src\server\game\Server\Packets\LFGPackets.h(810,24): error C3646: "Ticket": Unbekannter Überschreibungsspezifizierer [I:\TrinityCore\_integ-12_1_all\build\src\server\game\game.vcxproj]
  (Quelldatei „../../../../src/server/game/Server/Protocol/Opcodes.cpp“ wird kompiliert)
  
I:\TrinityCore\_integ-12_1_all\src\server\game\Server\Packets\LFGPackets.h(810,13): error C4430: Fehlender Typspezifizierer - int wird angenommen. Hinweis: "default-int" wird von C++ nicht unterstützt. [I:\TrinityCore\_integ-12_1_all\build\src\server\game\game.vcxproj]
  (Quelldatei „../../../../src/server/game/Server/Protocol/Opcodes.cpp“ wird kompiliert)
  
I:\TrinityCore\_integ-12_1_all\src\server\game\Server\Packets\LootPackets.h(50,33): error C2039: "ItemInstance" ist kein Member von "WorldPackets::WorldPackets::Item". [I:\TrinityCore\_integ-12_1_all\build\src\server\game\game.vcxproj]
  (Quelldatei „../../../../src/server/game/Server/Protocol/Opcodes.cpp“ wird kompiliert)
      I:\TrinityCore\_integ-12_1_all\src\server\game\Server\Packets\ItemPackets.h(35,15):
      Siehe Deklaration von "WorldPackets::WorldPackets::Item"
  
I:\TrinityCore\_integ-12_1_all\src\server\game\Server\Packets\LootPackets.h(50,46): error C3646: "Loot": Unbekannter Überschreibungsspezifizierer [I:\TrinityCore\_integ-12_1_all\build\src\server\game\game.vcxproj]
  (Quelldatei „../../../../src/server/game/Server/Protocol/Opcodes.cpp“ wird kompiliert)
  
I:\TrinityCore\_integ-12_1_all\src\server\game\Server\Packets\LootPackets.h(50,33): error C4430: Fehlender Typspezifizierer - int wird angenommen. Hinweis: "default-int" wird von C++ nicht unterstützt. [I:\TrinityCore\_integ-12_1_all\build\src\server\game\game.vcxproj]
  (Quelldatei „../../../../src/server/game/Server/Protocol/Opcodes.cpp“ wird kompiliert)
  
I:\TrinityCore\_integ-12_1_all\src\server\game\Server\Packets\MailPackets.h(26,8): error C2365: "WorldPackets::Mail": Erneute Definition; vorherige Definition war "Namespace". [I:\TrinityCore\_integ-12_1_all\build\src\server\game\game.vcxproj]
  (Quelldatei „../../../../src/server/game/Server/Protocol/Opcodes.cpp“ wird kompiliert)
      I:\TrinityCore\_integ-12_1_all\src\server\game\Server\WorldSession.h(851,15):
      Siehe Deklaration von "WorldPackets::Mail"
  
I:\TrinityCore\_integ-12_1_all\src\server\game\Server\Packets\MailPackets.h(38,19): error C2039: "ItemInstance" ist kein Member von "WorldPackets::WorldPackets::Item". [I:\TrinityCore\_integ-12_1_all\build\src\server\game\game.vcxproj]
  (Quelldatei „../../../../src/server/game/Server/Protocol/Opcodes.cpp“ wird kompiliert)
      I:\TrinityCore\_integ-12_1_all\src\server\game\Server\Packets\ItemPackets.h(35,15):
      Siehe Deklaration von "WorldPackets::WorldPackets::Item"
  
I:\TrinityCore\_integ-12_1_all\src\server\game\Server\Packets\MailPackets.h(38,32): error C3646: "Item": Unbekannter Überschreibungsspezifizierer [I:\TrinityCore\_integ-12_1_all\build\src\server\game\game.vcxproj]
  (Quelldatei „../../../../src/server/game/Server/Protocol/Opcodes.cpp“ wird kompiliert)
  
I:\TrinityCore\_integ-12_1_all\src\server\game\Server\Packets\MailPackets.h(38,19): error C4430: Fehlender Typspezifizierer - int wird angenommen. Hinweis: "default-int" wird von C++ nicht unterstützt. [I:\TrinityCore\_integ-12_1_all\build\src\server\game\game.vcxproj]
  (Quelldatei „../../../../src/server/game/Server/Protocol/Opcodes.cpp“ wird kompiliert)
  
I:\TrinityCore\_integ-12_1_all\src\server\game\Server\Packets\MailPackets.h(44,31): error C2039: "ItemEnchantData" ist kein Member von "WorldPackets::WorldPackets::Item". [I:\TrinityCore\_integ-12_1_all\build\src\server\game\game.vcxproj]
  (Quelldatei „../../../../src/server/game/Server/Protocol/Opcodes.cpp“ wird kompiliert)
      I:\TrinityCore\_integ-12_1_all\src\server\game\Server\Packets\ItemPackets.h(35,15):
      Siehe Deklaration von "WorldPackets::WorldPackets::Item"
  
I:\TrinityCore\_integ-12_1_all\src\server\game\Server\Packets\MailPackets.h(44,31): error C2065: "ItemEnchantData": nichtdeklarierter Bezeichner [I:\TrinityCore\_integ-12_1_all\build\src\server\game\game.vcxproj]
  (Quelldatei „../../../../src/server/game/Server/Protocol/Opcodes.cpp“ wird kompiliert)
  
I:\TrinityCore\_integ-12_1_all\src\server\game\Server\Packets\MailPackets.h(44,18): error C2923: „std::vector“: „ItemEnchantData“ ist kein gültiges Vorlage-Typargument für Parameter „_Ty“. [I:\TrinityCore\_integ-12_1_all\build\src\server\game\game.vcxproj]
  (Quelldatei „../../../../src/server/game/Server/Protocol/Opcodes.cpp“ wird kompiliert)
      I:\TrinityCore\_integ-12_1_all\src\server\game\Server\Packets\MailPackets.h(44,31):
      Siehe Deklaration von "ItemEnchantData"
  
I:\TrinityCore\_integ-12_1_all\src\server\game\Server\Packets\MailPackets.h(44,18): error C2976: „std::vector“: Nicht genügend Vorlage-Argumente [I:\TrinityCore\_integ-12_1_all\build\src\server\game\game.vcxproj]
  (Quelldatei „../../../../src/server/game/Server/Protocol/Opcodes.cpp“ wird kompiliert)
      C:\Program Files\Microsoft Visual Studio\2022\Enterprise\VC\Tools\MSVC\14.44.35207\include\vector(442,7):
      Siehe Deklaration von "std::vector"
  
I:\TrinityCore\_integ-12_1_all\src\server\game\Server\Packets\MailPackets.h(44,48): error C2955: "std::vector" : Für die Verwendung von Klasse Vorlage ist eine Vorlage-Argumentliste erforderlich [I:\TrinityCore\_integ-12_1_all\build\src\server\game\game.vcxproj]
  (Quelldatei „../../../../src/server/game/Server/Protocol/Opcodes.cpp“ wird kompiliert)
      C:\Program Files\Microsoft Visual Studio\2022\Enterprise\VC\Tools\MSVC\14.44.35207\include\vector(442,7):
      Siehe Deklaration von "std::vector"
  
I:\TrinityCore\_integ-12_1_all\src\server\game\Server\Packets\MailPackets.h(45,31): error C2039: "ItemGemData" ist kein Member von "WorldPackets::WorldPackets::Item". [I:\TrinityCore\_integ-12_1_all\build\src\server\game\game.vcxproj]
  (Quelldatei „../../../../src/server/game/Server/Protocol/Opcodes.cpp“ wird kompiliert)
      I:\TrinityCore\_integ-12_1_all\src\server\game\Server\Packets\ItemPackets.h(35,15):
      Siehe Deklaration von "WorldPackets::WorldPackets::Item"
  
I:\TrinityCore\_integ-12_1_all\src\server\game\Server\Packets\MailPackets.h(45,31): error C2065: "ItemGemData": nichtdeklarierter Bezeichner [I:\TrinityCore\_integ-12_1_all\build\src\server\game\game.vcxproj]
  (Quelldatei „../../../../src/server/game/Server/Protocol/Opcodes.cpp“ wird kompiliert)
  
I:\TrinityCore\_integ-12_1_all\src\server\game\Server\Packets\MailPackets.h(45,18): error C2923: „std::vector“: „ItemGemData“ ist kein gültiges Vorlage-Typargument für Parameter „_Ty“. [I:\TrinityCore\_integ-12_1_all\build\src\server\game\game.vcxproj]
  (Quelldatei „../../../../src/server/game/Server/Protocol/Opcodes.cpp“ wird kompiliert)
      I:\TrinityCore\_integ-12_1_all\src\server\game\Server\Packets\MailPackets.h(45,31):
      Siehe Deklaration von "ItemGemData"
  
I:\TrinityCore\_integ-12_1_all\src\server\game\Server\Packets\MailPackets.h(45,18): error C1003: Mehr als 100 Fehler gefunden; Kompilierung wird abgebrochen. [I:\TrinityCore\_integ-12_1_all\build\src\server\game\game.vcxproj]
  (Quelldatei „../../../../src/server/game/Server/Protocol/Opcodes.cpp“ wird kompiliert)
  
  CreatureTextMgr.cpp
I:\TrinityCore\_integ-12_1_all\src\server\shared\Realm\Realm.h(71,20): error C2039: "RealmFlags" ist kein Member von "`global namespace'". [I:\TrinityCore\_integ-12_1_all\build\src\server\game\game.vcxproj]
  (Quelldatei „../../../../src/server/game/Server/WorldSocket.cpp“ wird kompiliert)
  
I:\TrinityCore\_integ-12_1_all\src\server\shared\Realm\Realm.h(71,20): error C4430: Fehlender Typspezifizierer - int wird angenommen. Hinweis: "default-int" wird von C++ nicht unterstützt. [I:\TrinityCore\_integ-12_1_all\build\src\server\game\game.vcxproj]
  (Quelldatei „../../../../src/server/game/Server/WorldSocket.cpp“ wird kompiliert)
  
I:\TrinityCore\_integ-12_1_all\src\server\shared\Realm\Realm.h(71,20): error C2737: "WorldPackets::Trinity::Legacy::RealmFlags": Das Objekt "constexpr" muss initialisiert werden. [I:\TrinityCore\_integ-12_1_all\build\src\server\game\game.vcxproj]
  (Quelldatei „../../../../src/server/game/Server/WorldSocket.cpp“ wird kompiliert)
  
I:\TrinityCore\_integ-12_1_all\src\server\shared\Realm\Realm.h(71,31): error C2146: Syntaxfehler: Fehlendes ";" vor Bezeichner "ConvertLegacyRealmFlags" [I:\TrinityCore\_integ-12_1_all\build\src\server\game\game.vcxproj]
  (Quelldatei „../../../../src/server/game/Server/WorldSocket.cpp“ wird kompiliert)
  
I:\TrinityCore\_integ-12_1_all\src\server\shared\Realm\Realm.h(71,31): error C4430: Fehlender Typspezifizierer - int wird angenommen. Hinweis: "default-int" wird von C++ nicht unterstützt. [I:\TrinityCore\_integ-12_1_all\build\src\server\game\game.vcxproj]
  (Quelldatei „../../../../src/server/game/Server/WorldSocket.cpp“ wird kompiliert)
  
I:\TrinityCore\_integ-12_1_all\src\server\shared\Realm\Realm.h(71,66): error C2146: Syntaxfehler: Fehlendes ")" vor Bezeichner "legacyRealmFlags" [I:\TrinityCore\_integ-12_1_all\build\src\server\game\game.vcxproj]
  (Quelldatei „../../../../src/server/game/Server/WorldSocket.cpp“ wird kompiliert)
  
I:\TrinityCore\_integ-12_1_all\src\server\shared\Realm\Realm.h(72,1): error C2143: Syntaxfehler: Es fehlt ";" vor "{" [I:\TrinityCore\_integ-12_1_all\build\src\server\game\game.vcxproj]
  (Quelldatei „../../../../src/server/game/Server/WorldSocket.cpp“ wird kompiliert)
  
I:\TrinityCore\_integ-12_1_all\src\server\shared\Realm\Realm.h(72,1): error C2447: "{": Funktionsheader fehlt - Parameterliste im alten Stil? [I:\TrinityCore\_integ-12_1_all\build\src\server\game\game.vcxproj]
  (Quelldatei „../../../../src/server/game/Server/WorldSocket.cpp“ wird kompiliert)
  
I:\TrinityCore\_integ-12_1_all\src\server\shared\Realm\Realm.h(79,79): error C2146: Syntaxfehler: Fehlendes ")" vor Bezeichner "legacyRealmFlags" [I:\TrinityCore\_integ-12_1_all\build\src\server\game\game.vcxproj]
  (Quelldatei „../../../../src/server/game/Server/WorldSocket.cpp“ wird kompiliert)
  
I:\TrinityCore\_integ-12_1_all\src\server\shared\Realm\Realm.h(80,1): error C2143: Syntaxfehler: Es fehlt ";" vor "{" [I:\TrinityCore\_integ-12_1_all\build\src\server\game\game.vcxproj]
  (Quelldatei „../../../../src/server/game/Server/WorldSocket.cpp“ wird kompiliert)
  
I:\TrinityCore\_integ-12_1_all\src\server\shared\Realm\Realm.h(80,1): error C2447: "{": Funktionsheader fehlt - Parameterliste im alten Stil? [I:\TrinityCore\_integ-12_1_all\build\src\server\game\game.vcxproj]
  (Quelldatei „../../../../src/server/game/Server/WorldSocket.cpp“ wird kompiliert)
  
I:\TrinityCore\_integ-12_1_all\src\server\shared\Realm\RealmList.h(61,30): error C3083: "Asio": Das Symbol links neben "::" muss ein Typ sein. [I:\TrinityCore\_integ-12_1_all\build\src\server\game\game.vcxproj]
  (Quelldatei „../../../../src/server/game/Server/WorldSocket.cpp“ wird kompiliert)
  
I:\TrinityCore\_integ-12_1_all\src\server\shared\Realm\RealmList.h(61,36): error C2039: "IoContext" ist kein Member von "WorldPackets::Trinity". [I:\TrinityCore\_integ-12_1_all\build\src\server\game\game.vcxproj]
  (Quelldatei „../../../../src/server/game/Server/WorldSocket.cpp“ wird kompiliert)
      I:\TrinityCore\_integ-12_1_all\src\server\shared\Realm\Realm.h(54,11):
      Siehe Deklaration von "WorldPackets::Trinity"
  
I:\TrinityCore\_integ-12_1_all\src\server\shared\Realm\RealmList.h(61,36): error C2061: Syntaxfehler: Bezeichner "IoContext" [I:\TrinityCore\_integ-12_1_all\build\src\server\game\game.vcxproj]
  (Quelldatei „../../../../src/server/game/Server/WorldSocket.cpp“ wird kompiliert)
  
  GameTime.cpp
I:\TrinityCore\_integ-12_1_all\src\server\shared\Realm\RealmList.h(90,30): error C3083: "Asio": Das Symbol links neben "::" muss ein Typ sein. [I:\TrinityCore\_integ-12_1_all\build\src\server\game\game.vcxproj]
  (Quelldatei „../../../../src/server/game/Server/WorldSocket.cpp“ wird kompiliert)
  
I:\TrinityCore\_integ-12_1_all\src\server\shared\Realm\RealmList.h(90,36): error C2039: "DeadlineTimer" ist kein Member von "WorldPackets::Trinity". [I:\TrinityCore\_integ-12_1_all\build\src\server\game\game.vcxproj]
  (Quelldatei „../../../../src/server/game/Server/WorldSocket.cpp“ wird kompiliert)
      I:\TrinityCore\_integ-12_1_all\src\server\shared\Realm\Realm.h(54,11):
      Siehe Deklaration von "WorldPackets::Trinity"
  
I:\TrinityCore\_integ-12_1_all\src\server\shared\Realm\RealmList.h(90,36): error C2065: "DeadlineTimer": nichtdeklarierter Bezeichner [I:\TrinityCore\_integ-12_1_all\build\src\server\game\game.vcxproj]
  (Quelldatei „../../../../src/server/game/Server/WorldSocket.cpp“ wird kompiliert)
  
I:\TrinityCore\_integ-12_1_all\src\server\shared\Realm\RealmList.h(90,10): error C2923: „std::unique_ptr“: „DeadlineTimer“ ist kein gültiges Vorlage-Typargument für Parameter „_Ty“. [I:\TrinityCore\_integ-12_1_all\build\src\server\game\game.vcxproj]
  (Quelldatei „../../../../src/server/game/Server/WorldSocket.cpp“ wird kompiliert)
      I:\TrinityCore\_integ-12_1_all\src\server\shared\Realm\RealmList.h(90,36):
      Siehe Deklaration von "DeadlineTimer"
  
I:\TrinityCore\_integ-12_1_all\src\server\shared\Realm\RealmList.h(90,10): error C2976: „std::unique_ptr“: Nicht genügend Vorlage-Argumente [I:\TrinityCore\_integ-12_1_all\build\src\server\game\game.vcxproj]
  (Quelldatei „../../../../src/server/game/Server/WorldSocket.cpp“ wird kompiliert)
      C:\Program Files\Microsoft Visual Studio\2022\Enterprise\VC\Tools\MSVC\14.44.35207\include\memory(3347,7):
      Siehe Deklaration von "std::unique_ptr"
  
I:\TrinityCore\_integ-12_1_all\src\server\shared\Realm\RealmList.h(90,51): error C2955: "std::unique_ptr" : Für die Verwendung von Klasse Vorlage ist eine Vorlage-Argumentliste erforderlich [I:\TrinityCore\_integ-12_1_all\build\src\server\game\game.vcxproj]
  (Quelldatei „../../../../src/server/game/Server/WorldSocket.cpp“ wird kompiliert)
      C:\Program Files\Microsoft Visual Studio\2022\Enterprise\VC\Tools\MSVC\14.44.35207\include\memory(3347,7):
      Siehe Deklaration von "std::unique_ptr"
  
I:\TrinityCore\_integ-12_1_all\src\server\shared\Realm\RealmList.h(91,35): error C2039: "Resolver" ist kein Member von "WorldPackets::Trinity::Net". [I:\TrinityCore\_integ-12_1_all\build\src\server\game\game.vcxproj]
  (Quelldatei „../../../../src/server/game/Server/WorldSocket.cpp“ wird kompiliert)
      I:\TrinityCore\_integ-12_1_all\src\server\shared\Networking\ConnectionInitializers\IpBanCheckConnectionInitializer.h(26,11):
      Siehe Deklaration von "WorldPackets::Trinity::Net"
  
I:\TrinityCore\_integ-12_1_all\src\server\shared\Realm\RealmList.h(91,35): error C2065: "Resolver": nichtdeklarierter Bezeichner [I:\TrinityCore\_integ-12_1_all\build\src\server\game\game.vcxproj]
  (Quelldatei „../../../../src/server/game/Server/WorldSocket.cpp“ wird kompiliert)
  
I:\TrinityCore\_integ-12_1_all\src\server\shared\Realm\RealmList.h(91,10): error C2923: „std::unique_ptr“: „Resolver“ ist kein gültiges Vorlage-Typargument für Parameter „_Ty“. [I:\TrinityCore\_integ-12_1_all\build\src\server\game\game.vcxproj]
  (Quelldatei „../../../../src/server/game/Server/WorldSocket.cpp“ wird kompiliert)
      I:\TrinityCore\_integ-12_1_all\src\server\shared\Realm\RealmList.h(91,35):
      Siehe Deklaration von "Resolver"
  
I:\TrinityCore\_integ-12_1_all\src\server\shared\Realm\RealmList.h(91,10): error C2976: „std::unique_ptr“: Nicht genügend Vorlage-Argumente [I:\TrinityCore\_integ-12_1_all\build\src\server\game\game.vcxproj]
  (Quelldatei „../../../../src/server/game/Server/WorldSocket.cpp“ wird kompiliert)
      C:\Program Files\Microsoft Visual Studio\2022\Enterprise\VC\Tools\MSVC\14.44.35207\include\memory(3347,7):
      Siehe Deklaration von "std::unique_ptr"
  
I:\TrinityCore\_integ-12_1_all\src\server\shared\Realm\RealmList.h(91,45): error C2955: "std::unique_ptr" : Für die Verwendung von Klasse Vorlage ist eine Vorlage-Argumentliste erforderlich [I:\TrinityCore\_integ-12_1_all\build\src\server\game\game.vcxproj]
  (Quelldatei „../../../../src/server/game/Server/WorldSocket.cpp“ wird kompiliert)
      C:\Program Files\Microsoft Visual Studio\2022\Enterprise\VC\Tools\MSVC\14.44.35207\include\memory(3347,7):
      Siehe Deklaration von "std::unique_ptr"
  
I:\TrinityCore\_integ-12_1_all\dep\protobuf\src\google\protobuf\stubs\common.h(141,6): error C2039: "string" ist kein Member von "WorldPackets::std". [I:\TrinityCore\_integ-12_1_all\build\src\server\game\game.vcxproj]
  (Quelldatei „../../../../src/server/game/Server/WorldSocket.cpp“ wird kompiliert)
      I:\TrinityCore\_integ-12_1_all\dep\protobuf\src\google\protobuf\stubs\common.h(83,11):
      Siehe Deklaration von "WorldPackets::std"
  
I:\TrinityCore\_integ-12_1_all\dep\protobuf\src\google\protobuf\stubs\common.h(141,6): error C4430: Fehlender Typspezifizierer - int wird angenommen. Hinweis: "default-int" wird von C++ nicht unterstützt. [I:\TrinityCore\_integ-12_1_all\build\src\server\game\game.vcxproj]
  (Quelldatei „../../../../src/server/game/Server/WorldSocket.cpp“ wird kompiliert)
  
I:\TrinityCore\_integ-12_1_all\dep\protobuf\src\google\protobuf\stubs\common.h(141,32): error C2146: Syntaxfehler: Fehlendes ";" vor Bezeichner "VersionString" [I:\TrinityCore\_integ-12_1_all\build\src\server\game\game.vcxproj]
  (Quelldatei „../../../../src/server/game/Server/WorldSocket.cpp“ wird kompiliert)
  
I:\TrinityCore\_integ-12_1_all\dep\protobuf\src\google\protobuf\stubs\common.h(564,22): error C2039: "ptrdiff_t" ist kein Member von "WorldPackets::std". [I:\TrinityCore\_integ-12_1_all\build\src\server\game\game.vcxproj]
  (Quelldatei „../../../../src/server/game/Server/WorldSocket.cpp“ wird kompiliert)
      I:\TrinityCore\_integ-12_1_all\dep\protobuf\src\google\protobuf\stubs\common.h(83,11):
      Siehe Deklaration von "WorldPackets::std"
      I:\TrinityCore\_integ-12_1_all\dep\protobuf\src\google\protobuf\stubs\common.h(564,22):
      der Vorlageninstanziierungskontext (der älteste zuerst) ist
          I:\TrinityCore\_integ-12_1_all\dep\protobuf\src\google\protobuf\stubs\common.h(533,7):
          beim Kompilieren der Klassenvorlage "WorldPackets::google::protobuf::internal::scoped_array"
  
I:\TrinityCore\_integ-12_1_all\dep\protobuf\src\google\protobuf\stubs\common.h(652,37): error C2039: "string" ist kein Member von "WorldPackets::std". [I:\TrinityCore\_integ-12_1_all\build\src\server\game\game.vcxproj]
  (Quelldatei „../../../../src/server/game/Server/WorldSocket.cpp“ wird kompiliert)
      I:\TrinityCore\_integ-12_1_all\dep\protobuf\src\google\protobuf\stubs\common.h(83,11):
      Siehe Deklaration von "WorldPackets::std"
  
I:\TrinityCore\_integ-12_1_all\dep\protobuf\src\google\protobuf\stubs\common.h(652,26): error C4430: Fehlender Typspezifizierer - int wird angenommen. Hinweis: "default-int" wird von C++ nicht unterstützt. [I:\TrinityCore\_integ-12_1_all\build\src\server\game\game.vcxproj]
  (Quelldatei „../../../../src/server/game/Server/WorldSocket.cpp“ wird kompiliert)
  
I:\TrinityCore\_integ-12_1_all\dep\protobuf\src\google\protobuf\stubs\common.h(652,43): error C2143: Syntaxfehler: Es fehlt "," vor "&" [I:\TrinityCore\_integ-12_1_all\build\src\server\game\game.vcxproj]
  (Quelldatei „../../../../src/server/game/Server/WorldSocket.cpp“ wird kompiliert)
  
I:\TrinityCore\_integ-12_1_all\dep\protobuf\src\google\protobuf\stubs\common.h(655,15): error C2535: "WorldPackets::google::protobuf::internal::LogMessage &WorldPackets::google::protobuf::internal::LogMessage::operator <<(const int)": Memberfunktion bereits definiert oder deklariert [I:\TrinityCore\_integ-12_1_all\build\src\server\game\game.vcxproj]
  (Quelldatei „../../../../src/server/game/Server/WorldSocket.cpp“ wird kompiliert)
      I:\TrinityCore\_integ-12_1_all\dep\protobuf\src\google\protobuf\stubs\common.h(652,15):
      Siehe Deklaration von "WorldPackets::google::protobuf::internal::LogMessage::operator <<"
  
I:\TrinityCore\_integ-12_1_all\dep\protobuf\src\google\protobuf\stubs\common.h(668,8): error C2039: "string" ist kein Member von "WorldPackets::std". [I:\TrinityCore\_integ-12_1_all\build\src\server\game\game.vcxproj]
  (Quelldatei „../../../../src/server/game/Server/WorldSocket.cpp“ wird kompiliert)
      I:\TrinityCore\_integ-12_1_all\dep\protobuf\src\google\protobuf\stubs\common.h(83,11):
      Siehe Deklaration von "WorldPackets::std"
  
I:\TrinityCore\_integ-12_1_all\dep\protobuf\src\google\protobuf\stubs\common.h(668,15): error C3646: "message_": Unbekannter Überschreibungsspezifizierer [I:\TrinityCore\_integ-12_1_all\build\src\server\game\game.vcxproj]
  (Quelldatei „../../../../src/server/game/Server/WorldSocket.cpp“ wird kompiliert)
  
I:\TrinityCore\_integ-12_1_all\dep\protobuf\src\google\protobuf\stubs\common.h(668,8): error C4430: Fehlender Typspezifizierer - int wird angenommen. Hinweis: "default-int" wird von C++ nicht unterstützt. [I:\TrinityCore\_integ-12_1_all\build\src\server\game\game.vcxproj]
  (Quelldatei „../../../../src/server/game/Server/WorldSocket.cpp“ wird kompiliert)
  
I:\TrinityCore\_integ-12_1_all\dep\protobuf\src\google\protobuf\stubs\common.h(728,5): error C2039: "internal" ist kein Member von "google::protobuf". [I:\TrinityCore\_integ-12_1_all\build\src\server\game\game.vcxproj]
  (Quelldatei „../../../../src/server/game/Server/WorldSocket.cpp“ wird kompiliert)
      I:\TrinityCore\_integ-12_1_all\src\server\game\Server\WorldSession.h(1501,15):
      Siehe Deklaration von "google::protobuf"
  
I:\TrinityCore\_integ-12_1_all\dep\protobuf\src\google\protobuf\stubs\common.h(728,5): error C2039: "LOGLEVEL_FATAL" ist kein Member von "google::protobuf". [I:\TrinityCore\_integ-12_1_all\build\src\server\game\game.vcxproj]
  (Quelldatei „../../../../src/server/game/Server/WorldSocket.cpp“ wird kompiliert)
      I:\TrinityCore\_integ-12_1_all\src\server\game\Server\WorldSession.h(1501,15):
      Siehe Deklaration von "google::protobuf"
  
I:\TrinityCore\_integ-12_1_all\dep\protobuf\src\google\protobuf\stubs\common.h(763,36): error C2039: "string" ist kein Member von "WorldPackets::std". [I:\TrinityCore\_integ-12_1_all\build\src\server\game\game.vcxproj]
  (Quelldatei „../../../../src/server/game/Server/WorldSocket.cpp“ wird kompiliert)
      I:\TrinityCore\_integ-12_1_all\dep\protobuf\src\google\protobuf\stubs\common.h(83,11):
      Siehe Deklaration von "WorldPackets::std"
  
I:\TrinityCore\_integ-12_1_all\dep\protobuf\src\google\protobuf\stubs\common.h(763,25): error C4430: Fehlender Typspezifizierer - int wird angenommen. Hinweis: "default-int" wird von C++ nicht unterstützt. [I:\TrinityCore\_integ-12_1_all\build\src\server\game\game.vcxproj]
  (Quelldatei „../../../../src/server/game/Server/WorldSocket.cpp“ wird kompiliert)
  
I:\TrinityCore\_integ-12_1_all\dep\protobuf\src\google\protobuf\stubs\common.h(763,42): error C2143: Syntaxfehler: Es fehlt "," vor "&" [I:\TrinityCore\_integ-12_1_all\build\src\server\game\game.vcxproj]
  (Quelldatei „../../../../src/server/game/Server/WorldSocket.cpp“ wird kompiliert)
  
I:\TrinityCore\_integ-12_1_all\dep\protobuf\src\google\protobuf\stubs\common.h(1200,36): error C2039: "exception" ist kein Member von "WorldPackets::std". [I:\TrinityCore\_integ-12_1_all\build\src\server\game\game.vcxproj]
  (Quelldatei „../../../../src/server/game/Server/WorldSocket.cpp“ wird kompiliert)
      I:\TrinityCore\_integ-12_1_all\dep\protobuf\src\google\protobuf\stubs\common.h(83,11):
      Siehe Deklaration von "WorldPackets::std"
  
I:\TrinityCore\_integ-12_1_all\dep\protobuf\src\google\protobuf\stubs\common.h(1200,36): error C2504: "exception": Basisklasse undefiniert [I:\TrinityCore\_integ-12_1_all\build\src\server\game\game.vcxproj]
  (Quelldatei „../../../../src/server/game/Server/WorldSocket.cpp“ wird kompiliert)
  
I:\TrinityCore\_integ-12_1_all\dep\protobuf\src\google\protobuf\stubs\common.h(1202,61): error C2039: "string" ist kein Member von "WorldPackets::std". [I:\TrinityCore\_integ-12_1_all\build\src\server\game\game.vcxproj]
  (Quelldatei „../../../../src/server/game/Server/WorldSocket.cpp“ wird kompiliert)
      I:\TrinityCore\_integ-12_1_all\dep\protobuf\src\google\protobuf\stubs\common.h(83,11):
      Siehe Deklaration von "WorldPackets::std"
  
I:\TrinityCore\_integ-12_1_all\dep\protobuf\src\google\protobuf\stubs\common.h(1202,50): error C4430: Fehlender Typspezifizierer - int wird angenommen. Hinweis: "default-int" wird von C++ nicht unterstützt. [I:\TrinityCore\_integ-12_1_all\build\src\server\game\game.vcxproj]
  (Quelldatei „../../../../src/server/game/Server/WorldSocket.cpp“ wird kompiliert)
  
I:\TrinityCore\_integ-12_1_all\dep\protobuf\src\google\protobuf\stubs\common.h(1202,67): error C2143: Syntaxfehler: Es fehlt "," vor "&" [I:\TrinityCore\_integ-12_1_all\build\src\server\game\game.vcxproj]
  (Quelldatei „../../../../src/server/game/Server/WorldSocket.cpp“ wird kompiliert)
  
I:\TrinityCore\_integ-12_1_all\dep\protobuf\src\google\protobuf\stubs\common.h(1210,14): error C2039: "string" ist kein Member von "WorldPackets::std". [I:\TrinityCore\_integ-12_1_all\build\src\server\game\game.vcxproj]
  (Quelldatei „../../../../src/server/game/Server/WorldSocket.cpp“ wird kompiliert)
      I:\TrinityCore\_integ-12_1_all\dep\protobuf\src\google\protobuf\stubs\common.h(83,11):
      Siehe Deklaration von "WorldPackets::std"
  
I:\TrinityCore\_integ-12_1_all\dep\protobuf\src\google\protobuf\stubs\common.h(1210,3): error C4430: Fehlender Typspezifizierer - int wird angenommen. Hinweis: "default-int" wird von C++ nicht unterstützt. [I:\TrinityCore\_integ-12_1_all\build\src\server\game\game.vcxproj]
  (Quelldatei „../../../../src/server/game/Server/WorldSocket.cpp“ wird kompiliert)
  
I:\TrinityCore\_integ-12_1_all\dep\protobuf\src\google\protobuf\stubs\common.h(1210,20): error C2143: Syntaxfehler: Es fehlt ";" vor "&" [I:\TrinityCore\_integ-12_1_all\build\src\server\game\game.vcxproj]
  (Quelldatei „../../../../src/server/game/Server/WorldSocket.cpp“ wird kompiliert)
  
I:\TrinityCore\_integ-12_1_all\dep\protobuf\src\google\protobuf\stubs\common.h(1210,38): error C2334: Unerwartete(s) Token vor "{"; sichtbarer Funktionstext wird übersprungen [I:\TrinityCore\_integ-12_1_all\build\src\server\game\game.vcxproj]
  (Quelldatei „../../../../src/server/game/Server/WorldSocket.cpp“ wird kompiliert)
  
  TimeEvents.cpp
I:\TrinityCore\_integ-12_1_all\dep\protobuf\src\google\protobuf\stubs\common.h(1215,14): error C2039: "string" ist kein Member von "WorldPackets::std". [I:\TrinityCore\_integ-12_1_all\build\src\server\game\game.vcxproj]
  (Quelldatei „../../../../src/server/game/Server/WorldSocket.cpp“ wird kompiliert)
      I:\TrinityCore\_integ-12_1_all\dep\protobuf\src\google\protobuf\stubs\common.h(83,11):
      Siehe Deklaration von "WorldPackets::std"
  
I:\TrinityCore\_integ-12_1_all\dep\protobuf\src\google\protobuf\stubs\common.h(1215,14): error C2327: "WorldPackets::google::protobuf::FatalException::string": Ist kein Typname, nicht statisch und kein Enumerator [I:\TrinityCore\_integ-12_1_all\build\src\server\game\game.vcxproj]
  (Quelldatei „../../../../src/server/game/Server/WorldSocket.cpp“ wird kompiliert)
      I:\TrinityCore\_integ-12_1_all\dep\protobuf\src\google\protobuf\stubs\common.h(1215,14):
      Siehe Deklaration von "WorldPackets::google::protobuf::FatalException::string"
  
I:\TrinityCore\_integ-12_1_all\dep\protobuf\src\google\protobuf\stubs\common.h(1215,3): error C4430: Fehlender Typspezifizierer - int wird angenommen. Hinweis: "default-int" wird von C++ nicht unterstützt. [I:\TrinityCore\_integ-12_1_all\build\src\server\game\game.vcxproj]
  (Quelldatei „../../../../src/server/game/Server/WorldSocket.cpp“ wird kompiliert)
  
I:\TrinityCore\_integ-12_1_all\dep\protobuf\src\google\protobuf\stubs\common.h(1215,21): error C3646: "message_": Unbekannter Überschreibungsspezifizierer [I:\TrinityCore\_integ-12_1_all\build\src\server\game\game.vcxproj]
  (Quelldatei „../../../../src/server/game/Server/WorldSocket.cpp“ wird kompiliert)
  
I:\TrinityCore\_integ-12_1_all\dep\protobuf\src\google\protobuf\stubs\common.h(1215,14): error C2086: "const int WorldPackets::google::protobuf::FatalException::string": Neudefinition [I:\TrinityCore\_integ-12_1_all\build\src\server\game\game.vcxproj]
  (Quelldatei „../../../../src/server/game/Server/WorldSocket.cpp“ wird kompiliert)
  
I:\TrinityCore\_integ-12_1_all\dep\protobuf\src\google\protobuf\stubs\common.h(1203,52): error C2065: "message": nichtdeklarierter Bezeichner [I:\TrinityCore\_integ-12_1_all\build\src\server\game\game.vcxproj]
  (Quelldatei „../../../../src/server/game/Server/WorldSocket.cpp“ wird kompiliert)
  
I:\TrinityCore\_integ-12_1_all\dep\protobuf\src\google\protobuf\stubs\common.h(1203,61): error C2789: WorldPackets::google::protobuf::FatalException::string: Ein Objekt eines durch eine Konstante qualifizierten Typs muss initialisiert werden. [I:\TrinityCore\_integ-12_1_all\build\src\server\game\game.vcxproj]
  (Quelldatei „../../../../src/server/game/Server/WorldSocket.cpp“ wird kompiliert)
      I:\TrinityCore\_integ-12_1_all\dep\protobuf\src\google\protobuf\stubs\common.h(1210,14):
      Siehe Deklaration von "WorldPackets::google::protobuf::FatalException::string"
  
I:\TrinityCore\_integ-12_1_all\dep\protobuf\src\google\protobuf\stubs\common.h(1203,43): error C2614: "WorldPackets::google::protobuf::FatalException": Unzulässige Elementinitialisierung: "message_" ist weder Basis noch Element [I:\TrinityCore\_integ-12_1_all\build\src\server\game\game.vcxproj]
  (Quelldatei „../../../../src/server/game/Server/WorldSocket.cpp“ wird kompiliert)
  
I:\TrinityCore\_integ-12_1_all\dep\protobuf\src\google\protobuf\stubs\once.h(144,32): error C2039: "ONCE_STATE_UNINITIALIZED" ist kein Member von "google::protobuf". [I:\TrinityCore\_integ-12_1_all\build\src\server\game\game.vcxproj]
  (Quelldatei „../../../../src/server/game/Server/WorldSocket.cpp“ wird kompiliert)
      I:\TrinityCore\_integ-12_1_all\src\server\game\Server\WorldSession.h(1501,15):
      Siehe Deklaration von "google::protobuf"
  
I:\TrinityCore\_integ-12_1_all\dep\protobuf\src\google\protobuf\generated_message_util.h(84,23): error C2039: "GoogleOnceInit" ist kein Member von "google::protobuf". [I:\TrinityCore\_integ-12_1_all\build\src\server\game\game.vcxproj]
  (Quelldatei „../../../../src/server/game/Server/WorldSocket.cpp“ wird kompiliert)
      I:\TrinityCore\_integ-12_1_all\src\server\game\Server\WorldSession.h(1501,15):
      Siehe Deklaration von "google::protobuf"
  
I:\TrinityCore\_integ-12_1_all\dep\protobuf\src\google\protobuf\generated_message_util.h(94,53): error C4430: Fehlender Typspezifizierer - int wird angenommen. Hinweis: "default-int" wird von C++ nicht unterstützt. [I:\TrinityCore\_integ-12_1_all\build\src\server\game\game.vcxproj]
  (Quelldatei „../../../../src/server/game/Server/WorldSocket.cpp“ wird kompiliert)
  
I:\TrinityCore\_integ-12_1_all\dep\protobuf\src\google\protobuf\generated_message_util.h(94,65): error C2143: Syntaxfehler: Es fehlt "," vor "&" [I:\TrinityCore\_integ-12_1_all\build\src\server\game\game.vcxproj]
  (Quelldatei „../../../../src/server/game/Server/WorldSocket.cpp“ wird kompiliert)
  
I:\TrinityCore\_integ-12_1_all\dep\protobuf\src\google\protobuf\message_lite.h(85,18): error C3646: "GetTypeName": Unbekannter Überschreibungsspezifizierer [I:\TrinityCore\_integ-12_1_all\build\src\server\game\game.vcxproj]
  (Quelldatei „../../../../src/server/game/Server/WorldSocket.cpp“ wird kompiliert)
  
I:\TrinityCore\_integ-12_1_all\dep\protobuf\src\google\protobuf\message_lite.h(85,30): error C2059: Syntaxfehler: ")" [I:\TrinityCore\_integ-12_1_all\build\src\server\game\game.vcxproj]
  (Quelldatei „../../../../src/server/game/Server/WorldSocket.cpp“ wird kompiliert)
  
I:\TrinityCore\_integ-12_1_all\dep\protobuf\src\google\protobuf\message_lite.h(85,41): error C2238: Unerwartete(s) Token vor ";" [I:\TrinityCore\_integ-12_1_all\build\src\server\game\game.vcxproj]
  (Quelldatei „../../../../src/server/game/Server/WorldSocket.cpp“ wird kompiliert)
  
I:\TrinityCore\_integ-12_1_all\dep\protobuf\src\google\protobuf\message_lite.h(104,18): error C3646: "InitializationErrorString": Unbekannter Überschreibungsspezifizierer [I:\TrinityCore\_integ-12_1_all\build\src\server\game\game.vcxproj]
  (Quelldatei „../../../../src/server/game/Server/WorldSocket.cpp“ wird kompiliert)
  
I:\TrinityCore\_integ-12_1_all\dep\protobuf\src\google\protobuf\message_lite.h(104,44): error C2059: Syntaxfehler: ")" [I:\TrinityCore\_integ-12_1_all\build\src\server\game\game.vcxproj]
  (Quelldatei „../../../../src/server/game/Server/WorldSocket.cpp“ wird kompiliert)
  
I:\TrinityCore\_integ-12_1_all\dep\protobuf\src\google\protobuf\message_lite.h(104,51): error C2238: Unerwartete(s) Token vor ";" [I:\TrinityCore\_integ-12_1_all\build\src\server\game\game.vcxproj]
  (Quelldatei „../../../../src/server/game/Server/WorldSocket.cpp“ wird kompiliert)
  
I:\TrinityCore\_integ-12_1_all\dep\protobuf\src\google\protobuf\message_lite.h(137,24): error C4430: Fehlender Typspezifizierer - int wird angenommen. Hinweis: "default-int" wird von C++ nicht unterstützt. [I:\TrinityCore\_integ-12_1_all\build\src\server\game\game.vcxproj]
  (Quelldatei „../../../../src/server/game/Server/WorldSocket.cpp“ wird kompiliert)
  
I:\TrinityCore\_integ-12_1_all\dep\protobuf\src\google\protobuf\message_lite.h(137,36): error C2143: Syntaxfehler: Es fehlt "," vor "&" [I:\TrinityCore\_integ-12_1_all\build\src\server\game\game.vcxproj]
  (Quelldatei „../../../../src/server/game/Server/WorldSocket.cpp“ wird kompiliert)
  
I:\TrinityCore\_integ-12_1_all\dep\protobuf\src\google\protobuf\message_lite.h(140,31): error C4430: Fehlender Typspezifizierer - int wird angenommen. Hinweis: "default-int" wird von C++ nicht unterstützt. [I:\TrinityCore\_integ-12_1_all\build\src\server\game\game.vcxproj]
  (Quelldatei „../../../../src/server/game/Server/WorldSocket.cpp“ wird kompiliert)
  
I:\TrinityCore\_integ-12_1_all\dep\protobuf\src\google\protobuf\message_lite.h(140,43): error C2143: Syntaxfehler: Es fehlt "," vor "&" [I:\TrinityCore\_integ-12_1_all\build\src\server\game\game.vcxproj]
  (Quelldatei „../../../../src/server/game/Server/WorldSocket.cpp“ wird kompiliert)
  
I:\TrinityCore\_integ-12_1_all\dep\protobuf\src\google\protobuf\message_lite.h(186,26): error C2061: Syntaxfehler: Bezeichner "string" [I:\TrinityCore\_integ-12_1_all\build\src\server\game\game.vcxproj]
  (Quelldatei „../../../../src/server/game/Server/WorldSocket.cpp“ wird kompiliert)
  
I:\TrinityCore\_integ-12_1_all\dep\protobuf\src\google\protobuf\message_lite.h(188,33): error C2061: Syntaxfehler: Bezeichner "string" [I:\TrinityCore\_integ-12_1_all\build\src\server\game\game.vcxproj]
  (Quelldatei „../../../../src/server/game/Server/WorldSocket.cpp“ wird kompiliert)
  
I:\TrinityCore\_integ-12_1_all\dep\protobuf\src\google\protobuf\message_lite.h(201,10): error C3646: "SerializeAsString": Unbekannter Überschreibungsspezifizierer [I:\TrinityCore\_integ-12_1_all\build\src\server\game\game.vcxproj]
  (Quelldatei „../../../../src/server/game/Server/WorldSocket.cpp“ wird kompiliert)
  
I:\TrinityCore\_integ-12_1_all\dep\protobuf\src\google\protobuf\message_lite.h(201,27): error C2059: Syntaxfehler: "(" [I:\TrinityCore\_integ-12_1_all\build\src\server\game\game.vcxproj]
  (Quelldatei „../../../../src/server/game/Server/WorldSocket.cpp“ wird kompiliert)
  
I:\TrinityCore\_integ-12_1_all\dep\protobuf\src\google\protobuf\message_lite.h(201,35): error C2238: Unerwartete(s) Token vor ";" [I:\TrinityCore\_integ-12_1_all\build\src\server\game\game.vcxproj]
  (Quelldatei „../../../../src/server/game/Server/WorldSocket.cpp“ wird kompiliert)
  
I:\TrinityCore\_integ-12_1_all\dep\protobuf\src\google\protobuf\message_lite.h(203,10): error C3646: "SerializePartialAsString": Unbekannter Überschreibungsspezifizierer [I:\TrinityCore\_integ-12_1_all\build\src\server\game\game.vcxproj]
  (Quelldatei „../../../../src/server/game/Server/WorldSocket.cpp“ wird kompiliert)
  
I:\TrinityCore\_integ-12_1_all\dep\protobuf\src\google\protobuf\message_lite.h(203,34): error C2059: Syntaxfehler: "(" [I:\TrinityCore\_integ-12_1_all\build\src\server\game\game.vcxproj]
  (Quelldatei „../../../../src/server/game/Server/WorldSocket.cpp“ wird kompiliert)
  
I:\TrinityCore\_integ-12_1_all\dep\protobuf\src\google\protobuf\message_lite.h(203,42): error C2238: Unerwartete(s) Token vor ";" [I:\TrinityCore\_integ-12_1_all\build\src\server\game\game.vcxproj]
  (Quelldatei „../../../../src/server/game/Server/WorldSocket.cpp“ wird kompiliert)
  
I:\TrinityCore\_integ-12_1_all\dep\protobuf\src\google\protobuf\message_lite.h(207,23): error C2061: Syntaxfehler: Bezeichner "string" [I:\TrinityCore\_integ-12_1_all\build\src\server\game\game.vcxproj]
  (Quelldatei „../../../../src/server/game/Server/WorldSocket.cpp“ wird kompiliert)
  
I:\TrinityCore\_integ-12_1_all\dep\protobuf\src\google\protobuf\message_lite.h(209,30): error C2061: Syntaxfehler: Bezeichner "string" [I:\TrinityCore\_integ-12_1_all\build\src\server\game\game.vcxproj]
  (Quelldatei „../../../../src/server/game/Server/WorldSocket.cpp“ wird kompiliert)
  
I:\TrinityCore\_integ-12_1_all\dep\protobuf\src\google\protobuf\descriptor.h(121,10): error C3646: "leading_comments": Unbekannter Überschreibungsspezifizierer [I:\TrinityCore\_integ-12_1_all\build\src\server\game\game.vcxproj]
  (Quelldatei „../../../../src/server/game/Server/WorldSocket.cpp“ wird kompiliert)
  
I:\TrinityCore\_integ-12_1_all\dep\protobuf\src\google\protobuf\descriptor.h(121,3): error C4430: Fehlender Typspezifizierer - int wird angenommen. Hinweis: "default-int" wird von C++ nicht unterstützt. [I:\TrinityCore\_integ-12_1_all\build\src\server\game\game.vcxproj]
  (Quelldatei „../../../../src/server/game/Server/WorldSocket.cpp“ wird kompiliert)
  
I:\TrinityCore\_integ-12_1_all\dep\protobuf\src\google\protobuf\descriptor.h(122,10): error C3646: "trailing_comments": Unbekannter Überschreibungsspezifizierer [I:\TrinityCore\_integ-12_1_all\build\src\server\game\game.vcxproj]
  (Quelldatei „../../../../src/server/game/Server/WorldSocket.cpp“ wird kompiliert)
  
I:\TrinityCore\_integ-12_1_all\dep\protobuf\src\google\protobuf\descriptor.h(122,3): error C4430: Fehlender Typspezifizierer - int wird angenommen. Hinweis: "default-int" wird von C++ nicht unterstützt. [I:\TrinityCore\_integ-12_1_all\build\src\server\game\game.vcxproj]
  (Quelldatei „../../../../src/server/game/Server/WorldSocket.cpp“ wird kompiliert)
  
I:\TrinityCore\_integ-12_1_all\dep\protobuf\src\google\protobuf\descriptor.h(133,3): error C4430: Fehlender Typspezifizierer - int wird angenommen. Hinweis: "default-int" wird von C++ nicht unterstützt. [I:\TrinityCore\_integ-12_1_all\build\src\server\game\game.vcxproj]
  (Quelldatei „../../../../src/server/game/Server/WorldSocket.cpp“ wird kompiliert)
  
I:\TrinityCore\_integ-12_1_all\dep\protobuf\src\google\protobuf\descriptor.h(133,15): error C2143: Syntaxfehler: Es fehlt ";" vor "&" [I:\TrinityCore\_integ-12_1_all\build\src\server\game\game.vcxproj]
  (Quelldatei „../../../../src/server/game/Server/WorldSocket.cpp“ wird kompiliert)
  
I:\TrinityCore\_integ-12_1_all\dep\protobuf\src\google\protobuf\descriptor.h(133,29): error C2238: Unerwartete(s) Token vor ";" [I:\TrinityCore\_integ-12_1_all\build\src\server\game\game.vcxproj]
  (Quelldatei „../../../../src/server/game/Server/WorldSocket.cpp“ wird kompiliert)
  
I:\TrinityCore\_integ-12_1_all\dep\protobuf\src\google\protobuf\descriptor.h(140,9): error C2327: "WorldPackets::google::protobuf::Descriptor::string": Ist kein Typname, nicht statisch und kein Enumerator [I:\TrinityCore\_integ-12_1_all\build\src\server\game\game.vcxproj]
  (Quelldatei „../../../../src/server/game/Server/WorldSocket.cpp“ wird kompiliert)
      I:\TrinityCore\_integ-12_1_all\dep\protobuf\src\google\protobuf\descriptor.h(140,9):
      Siehe Deklaration von "WorldPackets::google::protobuf::Descriptor::string"
  
I:\TrinityCore\_integ-12_1_all\dep\protobuf\src\google\protobuf\descriptor.h(140,3): error C4430: Fehlender Typspezifizierer - int wird angenommen. Hinweis: "default-int" wird von C++ nicht unterstützt. [I:\TrinityCore\_integ-12_1_all\build\src\server\game\game.vcxproj]
  (Quelldatei „../../../../src/server/game/Server/WorldSocket.cpp“ wird kompiliert)
  
I:\TrinityCore\_integ-12_1_all\dep\protobuf\src\google\protobuf\descriptor.h(140,15): error C2143: Syntaxfehler: Es fehlt ";" vor "&" [I:\TrinityCore\_integ-12_1_all\build\src\server\game\game.vcxproj]
  (Quelldatei „../../../../src/server/game/Server/WorldSocket.cpp“ wird kompiliert)
  
I:\TrinityCore\_integ-12_1_all\dep\protobuf\src\google\protobuf\descriptor.h(140,9): error C2086: "const int WorldPackets::google::protobuf::Descriptor::string": Neudefinition [I:\TrinityCore\_integ-12_1_all\build\src\server\game\game.vcxproj]
  (Quelldatei „../../../../src/server/game/Server/WorldSocket.cpp“ wird kompiliert)
  
I:\TrinityCore\_integ-12_1_all\dep\protobuf\src\google\protobuf\descriptor.h(140,34): error C2238: Unerwartete(s) Token vor ";" [I:\TrinityCore\_integ-12_1_all\build\src\server\game\game.vcxproj]
  (Quelldatei „../../../../src/server/game/Server/WorldSocket.cpp“ wird kompiliert)
  
I:\TrinityCore\_integ-12_1_all\dep\protobuf\src\google\protobuf\descriptor.h(167,3): error C2327: "WorldPackets::google::protobuf::Descriptor::string": Ist kein Typname, nicht statisch und kein Enumerator [I:\TrinityCore\_integ-12_1_all\build\src\server\game\game.vcxproj]
  (Quelldatei „../../../../src/server/game/Server/WorldSocket.cpp“ wird kompiliert)
      I:\TrinityCore\_integ-12_1_all\dep\protobuf\src\google\protobuf\descriptor.h(167,3):
      Siehe Deklaration von "WorldPackets::google::protobuf::Descriptor::string"
  
I:\TrinityCore\_integ-12_1_all\dep\protobuf\src\google\protobuf\descriptor.h(167,10): error C3646: "DebugString": Unbekannter Überschreibungsspezifizierer [I:\TrinityCore\_integ-12_1_all\build\src\server\game\game.vcxproj]
  (Quelldatei „../../../../src/server/game/Server/WorldSocket.cpp“ wird kompiliert)
  
  UpdateTime.cpp
I:\TrinityCore\_integ-12_1_all\dep\protobuf\src\google\protobuf\descriptor.h(167,10): error C1003: Mehr als 100 Fehler gefunden; Kompilierung wird abgebrochen. [I:\TrinityCore\_integ-12_1_all\build\src\server\game\game.vcxproj]
  (Quelldatei „../../../../src/server/game/Server/WorldSocket.cpp“ wird kompiliert)
  
  WowTime.cpp
  CharacterDatabaseCleaner.cpp
  PlayerDump.cpp
  TransmogMgr.cpp
  WarfrontMgr.cpp
  WarfrontQueue.cpp
  Weather.cpp
  WeatherMgr.cpp
I:\TrinityCore\_integ-12_1_all\src\server\game\Spells\Auras\SpellAuraEffects.cpp(4297,73): warning C5054: Operator "+": Dieser Operator ist zwischen Enumerationen verschiedener Typen veraltet. [I:\TrinityCore\_integ-12_1_all\build\src\server\game\game.vcxproj]
  (Quelldatei „../../../../src/server/game/Spells/Auras/SpellAuraEffects.cpp“ wird kompiliert)
  
  WeeklyRewardsMgr.cpp
  ScheduleClock.cpp
  World.cpp
  VoidAssaultMgr.cpp
  WorldStateMgr.cpp
  ZoneEventMgr.cpp
  WowTokenMgr.cpp
  scripts.vcxproj -> I:\TrinityCore\_integ-12_1_all\build\src\server\scripts\RelWithDebInfo\scripts.lib
